<?xml version="1.0" encoding="UTF-8"?>
<gpx creator="Garmin Connect" version="1.1"
  xsi:schemaLocation="http://www.topografix.com/GPX/1/1 http://www.topografix.com/GPX/11.xsd"
  xmlns:ns3="http://www.garmin.com/xmlschemas/TrackPointExtension/v1"
  xmlns="http://www.topografix.com/GPX/1/1"
  xmlns:xsi="http://www.w3.org/2001/XMLSchema-instance" xmlns:ns2="http://www.garmin.com/xmlschemas/GpxExtensions/v3">
  <metadata>
    <link href="connect.garmin.com">
      <text>Garmin Connect</text>
    </link>
    <time>2026-08-01T07:14:53.000Z</time>
  </metadata>
  <trk>
    <name>Castagneto Carducci Nuoto in acque libere</name>
    <type>open_water_swimming</type>
    <trkseg>
      <trkpt lat="43.15994585864245891571044921875" lon="10.53894161246716976165771484375">
        <time>2026-08-01T07:14:53.000Z</time>
        <extensions>
          <ns3:TrackPointExtension>
            <ns3:atemp>28.0</ns3:atemp>
            <ns3:hr>87</ns3:hr>
            <ns3:cad>0</ns3:cad>
          </ns3:TrackPointExtension>
        </extensions>
      </trkpt>
      <trkpt lat="43.15994217060506343841552734375" lon="10.5388271994888782501220703125">
        <time>2026-08-01T07:14:54.000Z</time>
        <extensions>
          <ns3:TrackPointExtension>
            <ns3:atemp>28.0</ns3:atemp>
            <ns3:hr>88</ns3:hr>
            <ns3:cad>0</ns3:cad>
          </ns3:TrackPointExtension>
        </extensions>
      </trkpt>
      <trkpt lat="43.1599424220621585845947265625" lon="10.5388208292424678802490234375">
        <time>2026-08-01T07:14:55.000Z</time>
        <extensions>
          <ns3:TrackPointExtension>
            <ns3:atemp>28.0</ns3:atemp>
            <ns3:hr>88</ns3:hr>
            <ns3:cad>0</ns3:cad>
          </ns3:TrackPointExtension>
        </extensions>
      </trkpt>
      <trkpt lat="43.15994284115731716156005859375" lon="10.53881471045315265655517578125">
        <time>2026-08-01T07:14:56.000Z</time>
        <extensions>
          <ns3:TrackPointExtension>
            <ns3:atemp>28.0</ns3:atemp>
            <ns3:hr>89</ns3:hr>
            <ns3:cad>0</ns3:cad>
          </ns3:TrackPointExtension>
        </extensions>
      </trkpt>
      <trkpt lat="43.1599434278905391693115234375" lon="10.53880834020674228668212890625">
        <time>2026-08-01T07:14:57.000Z</time>
        <extensions>
          <ns3:TrackPointExtension>
            <ns3:atemp>28.0</ns3:atemp>
            <ns3:hr>88</ns3:hr>
            <ns3:cad>0</ns3:cad>
          </ns3:TrackPointExtension>
        </extensions>
      </trkpt>
      <trkpt lat="43.1599440984427928924560546875" lon="10.53880222141742706298828125">
        <time>2026-08-01T07:14:58.000Z</time>
        <extensions>
          <ns3:TrackPointExtension>
            <ns3:atemp>28.0</ns3:atemp>
            <ns3:hr>88</ns3:hr>
            <ns3:cad>0</ns3:cad>
          </ns3:TrackPointExtension>
        </extensions>
      </trkpt>
      <trkpt lat="43.15994468517601490020751953125" lon="10.53879627026617527008056640625">
        <time>2026-08-01T07:14:59.000Z</time>
        <extensions>
          <ns3:TrackPointExtension>
            <ns3:atemp>28.0</ns3:atemp>
            <ns3:hr>88</ns3:hr>
            <ns3:cad>0</ns3:cad>
          </ns3:TrackPointExtension>
        </extensions>
      </trkpt>
      <trkpt lat="43.15994535572826862335205078125" lon="10.538790486752986907958984375">
        <time>2026-08-01T07:15:00.000Z</time>
        <extensions>
          <ns3:TrackPointExtension>
            <ns3:atemp>28.0</ns3:atemp>
            <ns3:hr>89</ns3:hr>
            <ns3:cad>0</ns3:cad>
          </ns3:TrackPointExtension>
        </extensions>
      </trkpt>
      <trkpt lat="43.15994602628052234649658203125" lon="10.5387846194207668304443359375">
        <time>2026-08-01T07:15:01.000Z</time>
        <extensions>
          <ns3:TrackPointExtension>
            <ns3:atemp>28.0</ns3:atemp>
            <ns3:hr>90</ns3:hr>
            <ns3:cad>0</ns3:cad>
          </ns3:TrackPointExtension>
        </extensions>
      </trkpt>
      <trkpt lat="43.1599467806518077850341796875" lon="10.5387789197266101837158203125">
        <time>2026-08-01T07:15:02.000Z</time>
        <extensions>
          <ns3:TrackPointExtension>
            <ns3:atemp>28.0</ns3:atemp>
            <ns3:hr>91</ns3:hr>
            <ns3:cad>0</ns3:cad>
          </ns3:TrackPointExtension>
        </extensions>
      </trkpt>
      <trkpt lat="43.1599474512040615081787109375" lon="10.53877330385148525238037109375">
        <time>2026-08-01T07:15:03.000Z</time>
        <extensions>
          <ns3:TrackPointExtension>
            <ns3:atemp>28.0</ns3:atemp>
            <ns3:hr>91</ns3:hr>
            <ns3:cad>0</ns3:cad>
          </ns3:TrackPointExtension>
        </extensions>
      </trkpt>
      <trkpt lat="43.15994803793728351593017578125" lon="10.53876777179539203643798828125">
        <time>2026-08-01T07:15:04.000Z</time>
        <extensions>
          <ns3:TrackPointExtension>
            <ns3:atemp>28.0</ns3:atemp>
            <ns3:hr>92</ns3:hr>
            <ns3:cad>0</ns3:cad>
          </ns3:TrackPointExtension>
        </extensions>
      </trkpt>
      <trkpt lat="43.159948624670505523681640625" lon="10.538762323558330535888671875">
        <time>2026-08-01T07:15:05.000Z</time>
        <extensions>
          <ns3:TrackPointExtension>
            <ns3:atemp>28.0</ns3:atemp>
            <ns3:hr>92</ns3:hr>
            <ns3:cad>0</ns3:cad>
          </ns3:TrackPointExtension>
        </extensions>
      </trkpt>
      <trkpt lat="43.159949295222759246826171875" lon="10.53875687532126903533935546875">
        <time>2026-08-01T07:15:06.000Z</time>
        <extensions>
          <ns3:TrackPointExtension>
            <ns3:atemp>28.0</ns3:atemp>
            <ns3:hr>92</ns3:hr>
            <ns3:cad>0</ns3:cad>
          </ns3:TrackPointExtension>
        </extensions>
      </trkpt>
      <trkpt lat="43.15994988195598125457763671875" lon="10.53875151090323925018310546875">
        <time>2026-08-01T07:15:07.000Z</time>
        <extensions>
          <ns3:TrackPointExtension>
            <ns3:atemp>28.0</ns3:atemp>
            <ns3:hr>93</ns3:hr>
            <ns3:cad>0</ns3:cad>
          </ns3:TrackPointExtension>
        </extensions>
      </trkpt>
      <trkpt lat="43.1599504686892032623291015625" lon="10.53874614648520946502685546875">
        <time>2026-08-01T07:15:08.000Z</time>
        <extensions>
          <ns3:TrackPointExtension>
            <ns3:atemp>28.0</ns3:atemp>
            <ns3:hr>94</ns3:hr>
            <ns3:cad>0</ns3:cad>
          </ns3:TrackPointExtension>
        </extensions>
      </trkpt>
      <trkpt lat="43.15995105542242527008056640625" lon="10.538740865886211395263671875">
        <time>2026-08-01T07:15:09.000Z</time>
        <extensions>
          <ns3:TrackPointExtension>
            <ns3:atemp>28.0</ns3:atemp>
            <ns3:hr>95</ns3:hr>
            <ns3:cad>0</ns3:cad>
          </ns3:TrackPointExtension>
        </extensions>
      </trkpt>
      <trkpt lat="43.15995164215564727783203125" lon="10.5387356691062450408935546875">
        <time>2026-08-01T07:15:10.000Z</time>
        <extensions>
          <ns3:TrackPointExtension>
            <ns3:atemp>28.0</ns3:atemp>
            <ns3:hr>97</ns3:hr>
            <ns3:cad>0</ns3:cad>
          </ns3:TrackPointExtension>
        </extensions>
      </trkpt>
      <trkpt lat="43.1599518097937107086181640625" lon="10.53873038850724697113037109375">
        <time>2026-08-01T07:15:11.000Z</time>
        <extensions>
          <ns3:TrackPointExtension>
            <ns3:atemp>28.0</ns3:atemp>
            <ns3:hr>98</ns3:hr>
            <ns3:cad>30</ns3:cad>
          </ns3:TrackPointExtension>
        </extensions>
      </trkpt>
      <trkpt lat="43.1599521450698375701904296875" lon="10.53871915675699710845947265625">
        <time>2026-08-01T07:15:12.000Z</time>
        <extensions>
          <ns3:TrackPointExtension>
            <ns3:atemp>28.0</ns3:atemp>
            <ns3:hr>99</ns3:hr>
            <ns3:cad>30</ns3:cad>
          </ns3:TrackPointExtension>
        </extensions>
      </trkpt>
      <trkpt lat="43.1599524803459644317626953125" lon="10.53870700299739837646484375">
        <time>2026-08-01T07:15:13.000Z</time>
        <extensions>
          <ns3:TrackPointExtension>
            <ns3:atemp>28.0</ns3:atemp>
            <ns3:hr>101</ns3:hr>
            <ns3:cad>30</ns3:cad>
          </ns3:TrackPointExtension>
        </extensions>
      </trkpt>
      <trkpt lat="43.15995298326015472412109375" lon="10.538694597780704498291015625">
        <time>2026-08-01T07:15:14.000Z</time>
        <extensions>
          <ns3:TrackPointExtension>
            <ns3:atemp>28.0</ns3:atemp>
            <ns3:hr>102</ns3:hr>
            <ns3:cad>32</ns3:cad>
          </ns3:TrackPointExtension>
        </extensions>
      </trkpt>
      <trkpt lat="43.15995356999337673187255859375" lon="10.53868143819272518157958984375">
        <time>2026-08-01T07:15:15.000Z</time>
        <extensions>
          <ns3:TrackPointExtension>
            <ns3:atemp>28.0</ns3:atemp>
            <ns3:hr>103</ns3:hr>
            <ns3:cad>32</ns3:cad>
          </ns3:TrackPointExtension>
        </extensions>
      </trkpt>
      <trkpt lat="43.15995424054563045501708984375" lon="10.53866785950958728790283203125">
        <time>2026-08-01T07:15:16.000Z</time>
        <extensions>
          <ns3:TrackPointExtension>
            <ns3:atemp>28.0</ns3:atemp>
            <ns3:hr>104</ns3:hr>
            <ns3:cad>30</ns3:cad>
          </ns3:TrackPointExtension>
        </extensions>
      </trkpt>
      <trkpt lat="43.15995524637401103973388671875" lon="10.538655035197734832763671875">
        <time>2026-08-01T07:15:17.000Z</time>
        <extensions>
          <ns3:TrackPointExtension>
            <ns3:atemp>28.0</ns3:atemp>
            <ns3:hr>105</ns3:hr>
            <ns3:cad>30</ns3:cad>
          </ns3:TrackPointExtension>
        </extensions>
      </trkpt>
      <trkpt lat="43.15995658747851848602294921875" lon="10.53864338435232639312744140625">
        <time>2026-08-01T07:15:18.000Z</time>
        <extensions>
          <ns3:TrackPointExtension>
            <ns3:atemp>28.0</ns3:atemp>
            <ns3:hr>107</ns3:hr>
            <ns3:cad>30</ns3:cad>
          </ns3:TrackPointExtension>
        </extensions>
      </trkpt>
      <trkpt lat="43.15995826385915279388427734375" lon="10.5386317335069179534912109375">
        <time>2026-08-01T07:15:19.000Z</time>
        <extensions>
          <ns3:TrackPointExtension>
            <ns3:atemp>28.0</ns3:atemp>
            <ns3:hr>110</ns3:hr>
            <ns3:cad>30</ns3:cad>
          </ns3:TrackPointExtension>
        </extensions>
      </trkpt>
      <trkpt lat="43.15996027551591396331787109375" lon="10.53862142376601696014404296875">
        <time>2026-08-01T07:15:20.000Z</time>
        <extensions>
          <ns3:TrackPointExtension>
            <ns3:atemp>28.0</ns3:atemp>
            <ns3:hr>112</ns3:hr>
            <ns3:cad>30</ns3:cad>
          </ns3:TrackPointExtension>
        </extensions>
      </trkpt>
      <trkpt lat="43.159961365163326263427734375" lon="10.5386126227676868438720703125">
        <time>2026-08-01T07:15:21.000Z</time>
        <extensions>
          <ns3:TrackPointExtension>
            <ns3:atemp>28.0</ns3:atemp>
            <ns3:hr>113</ns3:hr>
            <ns3:cad>30</ns3:cad>
          </ns3:TrackPointExtension>
        </extensions>
      </trkpt>
      <trkpt lat="43.1599618680775165557861328125" lon="10.53860365413129329681396484375">
        <time>2026-08-01T07:15:22.000Z</time>
        <extensions>
          <ns3:TrackPointExtension>
            <ns3:atemp>28.0</ns3:atemp>
            <ns3:hr>114</ns3:hr>
            <ns3:cad>30</ns3:cad>
          </ns3:TrackPointExtension>
        </extensions>
      </trkpt>
      <trkpt lat="43.15996195189654827117919921875" lon="10.53859443403780460357666015625">
        <time>2026-08-01T07:15:23.000Z</time>
        <extensions>
          <ns3:TrackPointExtension>
            <ns3:atemp>28.0</ns3:atemp>
            <ns3:hr>115</ns3:hr>
            <ns3:cad>30</ns3:cad>
          </ns3:TrackPointExtension>
        </extensions>
      </trkpt>
      <trkpt lat="43.15996178425848484039306640625" lon="10.53858538158237934112548828125">
        <time>2026-08-01T07:15:24.000Z</time>
        <extensions>
          <ns3:TrackPointExtension>
            <ns3:atemp>28.0</ns3:atemp>
            <ns3:hr>116</ns3:hr>
            <ns3:cad>30</ns3:cad>
          </ns3:TrackPointExtension>
        </extensions>
      </trkpt>
      <trkpt lat="43.15996161662042140960693359375" lon="10.53857632912695407867431640625">
        <time>2026-08-01T07:15:25.000Z</time>
        <extensions>
          <ns3:TrackPointExtension>
            <ns3:atemp>28.0</ns3:atemp>
            <ns3:hr>117</ns3:hr>
            <ns3:cad>28</ns3:cad>
          </ns3:TrackPointExtension>
        </extensions>
      </trkpt>
      <trkpt lat="43.159961365163326263427734375" lon="10.53856727667152881622314453125">
        <time>2026-08-01T07:15:26.000Z</time>
        <extensions>
          <ns3:TrackPointExtension>
            <ns3:atemp>28.0</ns3:atemp>
            <ns3:hr>117</ns3:hr>
            <ns3:cad>28</ns3:cad>
          </ns3:TrackPointExtension>
        </extensions>
      </trkpt>
      <trkpt lat="43.15996111370623111724853515625" lon="10.53855839185416698455810546875">
        <time>2026-08-01T07:15:27.000Z</time>
        <extensions>
          <ns3:TrackPointExtension>
            <ns3:atemp>28.0</ns3:atemp>
            <ns3:hr>117</ns3:hr>
            <ns3:cad>28</ns3:cad>
          </ns3:TrackPointExtension>
        </extensions>
      </trkpt>
      <trkpt lat="43.159961365163326263427734375" lon="10.53854883648455142974853515625">
        <time>2026-08-01T07:15:28.000Z</time>
        <extensions>
          <ns3:TrackPointExtension>
            <ns3:atemp>28.0</ns3:atemp>
            <ns3:hr>118</ns3:hr>
            <ns3:cad>28</ns3:cad>
          </ns3:TrackPointExtension>
        </extensions>
      </trkpt>
      <trkpt lat="43.1599615328013896942138671875" lon="10.53853961639106273651123046875">
        <time>2026-08-01T07:15:29.000Z</time>
        <extensions>
          <ns3:TrackPointExtension>
            <ns3:atemp>28.0</ns3:atemp>
            <ns3:hr>118</ns3:hr>
            <ns3:cad>28</ns3:cad>
          </ns3:TrackPointExtension>
        </extensions>
      </trkpt>
      <trkpt lat="43.1599618680775165557861328125" lon="10.53853022865951061248779296875">
        <time>2026-08-01T07:15:30.000Z</time>
        <extensions>
          <ns3:TrackPointExtension>
            <ns3:atemp>28.0</ns3:atemp>
            <ns3:hr>119</ns3:hr>
            <ns3:cad>28</ns3:cad>
          </ns3:TrackPointExtension>
        </extensions>
      </trkpt>
      <trkpt lat="43.15996262244880199432373046875" lon="10.538520924746990203857421875">
        <time>2026-08-01T07:15:31.000Z</time>
        <extensions>
          <ns3:TrackPointExtension>
            <ns3:atemp>28.0</ns3:atemp>
            <ns3:hr>119</ns3:hr>
            <ns3:cad>28</ns3:cad>
          </ns3:TrackPointExtension>
        </extensions>
      </trkpt>
      <trkpt lat="43.15996346063911914825439453125" lon="10.53851162083446979522705078125">
        <time>2026-08-01T07:15:32.000Z</time>
        <extensions>
          <ns3:TrackPointExtension>
            <ns3:atemp>28.0</ns3:atemp>
            <ns3:hr>120</ns3:hr>
            <ns3:cad>28</ns3:cad>
          </ns3:TrackPointExtension>
        </extensions>
      </trkpt>
      <trkpt lat="43.1599642150104045867919921875" lon="10.53850223310291767120361328125">
        <time>2026-08-01T07:15:33.000Z</time>
        <extensions>
          <ns3:TrackPointExtension>
            <ns3:atemp>28.0</ns3:atemp>
            <ns3:hr>120</ns3:hr>
            <ns3:cad>29</ns3:cad>
          </ns3:TrackPointExtension>
        </extensions>
      </trkpt>
      <trkpt lat="43.1599648855626583099365234375" lon="10.53849284537136554718017578125">
        <time>2026-08-01T07:15:34.000Z</time>
        <extensions>
          <ns3:TrackPointExtension>
            <ns3:atemp>28.0</ns3:atemp>
            <ns3:hr>122</ns3:hr>
            <ns3:cad>29</ns3:cad>
          </ns3:TrackPointExtension>
        </extensions>
      </trkpt>
      <trkpt lat="43.1599655561149120330810546875" lon="10.538483373820781707763671875">
        <time>2026-08-01T07:15:35.000Z</time>
        <extensions>
          <ns3:TrackPointExtension>
            <ns3:atemp>28.0</ns3:atemp>
            <ns3:hr>123</ns3:hr>
            <ns3:cad>28</ns3:cad>
          </ns3:TrackPointExtension>
        </extensions>
      </trkpt>
      <trkpt lat="43.1599662266671657562255859375" lon="10.538473986089229583740234375">
        <time>2026-08-01T07:15:36.000Z</time>
        <extensions>
          <ns3:TrackPointExtension>
            <ns3:atemp>28.0</ns3:atemp>
            <ns3:hr>123</ns3:hr>
            <ns3:cad>28</ns3:cad>
          </ns3:TrackPointExtension>
        </extensions>
      </trkpt>
      <trkpt lat="43.15996681340038776397705078125" lon="10.53846468217670917510986328125">
        <time>2026-08-01T07:15:37.000Z</time>
        <extensions>
          <ns3:TrackPointExtension>
            <ns3:atemp>28.0</ns3:atemp>
            <ns3:hr>124</ns3:hr>
            <ns3:cad>28</ns3:cad>
          </ns3:TrackPointExtension>
        </extensions>
      </trkpt>
      <trkpt lat="43.15996714867651462554931640625" lon="10.53845546208322048187255859375">
        <time>2026-08-01T07:15:38.000Z</time>
        <extensions>
          <ns3:TrackPointExtension>
            <ns3:atemp>28.0</ns3:atemp>
            <ns3:hr>124</ns3:hr>
            <ns3:cad>28</ns3:cad>
          </ns3:TrackPointExtension>
        </extensions>
      </trkpt>
      <trkpt lat="43.1599675677716732025146484375" lon="10.53844624198973178863525390625">
        <time>2026-08-01T07:15:39.000Z</time>
        <extensions>
          <ns3:TrackPointExtension>
            <ns3:atemp>28.0</ns3:atemp>
            <ns3:hr>124</ns3:hr>
            <ns3:cad>28</ns3:cad>
          </ns3:TrackPointExtension>
        </extensions>
      </trkpt>
      <trkpt lat="43.15996798686683177947998046875" lon="10.53843702189624309539794921875">
        <time>2026-08-01T07:15:40.000Z</time>
        <extensions>
          <ns3:TrackPointExtension>
            <ns3:atemp>28.0</ns3:atemp>
            <ns3:hr>124</ns3:hr>
            <ns3:cad>29</ns3:cad>
          </ns3:TrackPointExtension>
        </extensions>
      </trkpt>
      <trkpt lat="43.1599684059619903564453125" lon="10.5384278856217861175537109375">
        <time>2026-08-01T07:15:41.000Z</time>
        <extensions>
          <ns3:TrackPointExtension>
            <ns3:atemp>28.0</ns3:atemp>
            <ns3:hr>124</ns3:hr>
            <ns3:cad>29</ns3:cad>
          </ns3:TrackPointExtension>
        </extensions>
      </trkpt>
      <trkpt lat="43.159968741238117218017578125" lon="10.53841908462345600128173828125">
        <time>2026-08-01T07:15:42.000Z</time>
        <extensions>
          <ns3:TrackPointExtension>
            <ns3:atemp>28.0</ns3:atemp>
            <ns3:hr>124</ns3:hr>
            <ns3:cad>27</ns3:cad>
          </ns3:TrackPointExtension>
        </extensions>
      </trkpt>
      <trkpt lat="43.15996899269521236419677734375" lon="10.53841019980609416961669921875">
        <time>2026-08-01T07:15:43.000Z</time>
        <extensions>
          <ns3:TrackPointExtension>
            <ns3:atemp>28.0</ns3:atemp>
            <ns3:hr>123</ns3:hr>
            <ns3:cad>27</ns3:cad>
          </ns3:TrackPointExtension>
        </extensions>
      </trkpt>
      <trkpt lat="43.15996932797133922576904296875" lon="10.53840148262679576873779296875">
        <time>2026-08-01T07:15:44.000Z</time>
        <extensions>
          <ns3:TrackPointExtension>
            <ns3:atemp>28.0</ns3:atemp>
            <ns3:hr>123</ns3:hr>
            <ns3:cad>27</ns3:cad>
          </ns3:TrackPointExtension>
        </extensions>
      </trkpt>
      <trkpt lat="43.15996966324746608734130859375" lon="10.5383926816284656524658203125">
        <time>2026-08-01T07:15:45.000Z</time>
        <extensions>
          <ns3:TrackPointExtension>
            <ns3:atemp>28.0</ns3:atemp>
            <ns3:hr>123</ns3:hr>
            <ns3:cad>27</ns3:cad>
          </ns3:TrackPointExtension>
        </extensions>
      </trkpt>
      <trkpt lat="43.1599699147045612335205078125" lon="10.538384132087230682373046875">
        <time>2026-08-01T07:15:46.000Z</time>
        <extensions>
          <ns3:TrackPointExtension>
            <ns3:atemp>28.0</ns3:atemp>
            <ns3:hr>123</ns3:hr>
            <ns3:cad>27</ns3:cad>
          </ns3:TrackPointExtension>
        </extensions>
      </trkpt>
      <trkpt lat="43.159970082342624664306640625" lon="10.5383755825459957122802734375">
        <time>2026-08-01T07:15:47.000Z</time>
        <extensions>
          <ns3:TrackPointExtension>
            <ns3:atemp>28.0</ns3:atemp>
            <ns3:hr>123</ns3:hr>
            <ns3:cad>27</ns3:cad>
          </ns3:TrackPointExtension>
        </extensions>
      </trkpt>
      <trkpt lat="43.15997033379971981048583984375" lon="10.53836711682379245758056640625">
        <time>2026-08-01T07:15:48.000Z</time>
        <extensions>
          <ns3:TrackPointExtension>
            <ns3:atemp>28.0</ns3:atemp>
            <ns3:hr>124</ns3:hr>
            <ns3:cad>27</ns3:cad>
          </ns3:TrackPointExtension>
        </extensions>
      </trkpt>
      <trkpt lat="43.1599705852568149566650390625" lon="10.53835873492062091827392578125">
        <time>2026-08-01T07:15:49.000Z</time>
        <extensions>
          <ns3:TrackPointExtension>
            <ns3:atemp>28.0</ns3:atemp>
            <ns3:hr>124</ns3:hr>
            <ns3:cad>27</ns3:cad>
          </ns3:TrackPointExtension>
        </extensions>
      </trkpt>
      <trkpt lat="43.15997083671391010284423828125" lon="10.53835052065551280975341796875">
        <time>2026-08-01T07:15:50.000Z</time>
        <extensions>
          <ns3:TrackPointExtension>
            <ns3:atemp>28.0</ns3:atemp>
            <ns3:hr>124</ns3:hr>
            <ns3:cad>27</ns3:cad>
          </ns3:TrackPointExtension>
        </extensions>
      </trkpt>
      <trkpt lat="43.15997100435197353363037109375" lon="10.5383423902094364166259765625">
        <time>2026-08-01T07:15:51.000Z</time>
        <extensions>
          <ns3:TrackPointExtension>
            <ns3:atemp>28.0</ns3:atemp>
            <ns3:hr>124</ns3:hr>
            <ns3:cad>27</ns3:cad>
          </ns3:TrackPointExtension>
        </extensions>
      </trkpt>
      <trkpt lat="43.15997133962810039520263671875" lon="10.5383343435823917388916015625">
        <time>2026-08-01T07:15:52.000Z</time>
        <extensions>
          <ns3:TrackPointExtension>
            <ns3:atemp>28.0</ns3:atemp>
            <ns3:hr>123</ns3:hr>
            <ns3:cad>27</ns3:cad>
          </ns3:TrackPointExtension>
        </extensions>
      </trkpt>
      <trkpt lat="43.15997175872325897216796875" lon="10.53832638077437877655029296875">
        <time>2026-08-01T07:15:53.000Z</time>
        <extensions>
          <ns3:TrackPointExtension>
            <ns3:atemp>28.0</ns3:atemp>
            <ns3:hr>123</ns3:hr>
            <ns3:cad>28</ns3:cad>
          </ns3:TrackPointExtension>
        </extensions>
      </trkpt>
      <trkpt lat="43.159972093999385833740234375" lon="10.53831850178539752960205078125">
        <time>2026-08-01T07:15:54.000Z</time>
        <extensions>
          <ns3:TrackPointExtension>
            <ns3:atemp>28.0</ns3:atemp>
            <ns3:hr>123</ns3:hr>
            <ns3:cad>28</ns3:cad>
          </ns3:TrackPointExtension>
        </extensions>
      </trkpt>
      <trkpt lat="43.15997268073260784149169921875" lon="10.5383108742535114288330078125">
        <time>2026-08-01T07:15:55.000Z</time>
        <extensions>
          <ns3:TrackPointExtension>
            <ns3:atemp>28.0</ns3:atemp>
            <ns3:hr>122</ns3:hr>
            <ns3:cad>28</ns3:cad>
          </ns3:TrackPointExtension>
        </extensions>
      </trkpt>
      <trkpt lat="43.15997318364679813385009765625" lon="10.5383031629025936126708984375">
        <time>2026-08-01T07:15:56.000Z</time>
        <extensions>
          <ns3:TrackPointExtension>
            <ns3:atemp>28.0</ns3:atemp>
            <ns3:hr>122</ns3:hr>
            <ns3:cad>28</ns3:cad>
          </ns3:TrackPointExtension>
        </extensions>
      </trkpt>
      <trkpt lat="43.15997385419905185699462890625" lon="10.53829570300877094268798828125">
        <time>2026-08-01T07:15:57.000Z</time>
        <extensions>
          <ns3:TrackPointExtension>
            <ns3:atemp>28.0</ns3:atemp>
            <ns3:hr>121</ns3:hr>
            <ns3:cad>28</ns3:cad>
          </ns3:TrackPointExtension>
        </extensions>
      </trkpt>
      <trkpt lat="43.15997444093227386474609375" lon="10.53828832693397998809814453125">
        <time>2026-08-01T07:15:58.000Z</time>
        <extensions>
          <ns3:TrackPointExtension>
            <ns3:atemp>28.0</ns3:atemp>
            <ns3:hr>121</ns3:hr>
            <ns3:cad>28</ns3:cad>
          </ns3:TrackPointExtension>
        </extensions>
      </trkpt>
      <trkpt lat="43.159975111484527587890625" lon="10.53828095085918903350830078125">
        <time>2026-08-01T07:15:59.000Z</time>
        <extensions>
          <ns3:TrackPointExtension>
            <ns3:atemp>28.0</ns3:atemp>
            <ns3:hr>120</ns3:hr>
            <ns3:cad>28</ns3:cad>
          </ns3:TrackPointExtension>
        </extensions>
      </trkpt>
      <trkpt lat="43.15997578203678131103515625" lon="10.53827374242246150970458984375">
        <time>2026-08-01T07:16:00.000Z</time>
        <extensions>
          <ns3:TrackPointExtension>
            <ns3:atemp>28.0</ns3:atemp>
            <ns3:hr>120</ns3:hr>
            <ns3:cad>27</ns3:cad>
          </ns3:TrackPointExtension>
        </extensions>
      </trkpt>
      <trkpt lat="43.15997653640806674957275390625" lon="10.53826636634767055511474609375">
        <time>2026-08-01T07:16:01.000Z</time>
        <extensions>
          <ns3:TrackPointExtension>
            <ns3:atemp>28.0</ns3:atemp>
            <ns3:hr>119</ns3:hr>
            <ns3:cad>27</ns3:cad>
          </ns3:TrackPointExtension>
        </extensions>
      </trkpt>
      <trkpt lat="43.1599772907793521881103515625" lon="10.5382592417299747467041015625">
        <time>2026-08-01T07:16:02.000Z</time>
        <extensions>
          <ns3:TrackPointExtension>
            <ns3:atemp>28.0</ns3:atemp>
            <ns3:hr>119</ns3:hr>
            <ns3:cad>26</ns3:cad>
          </ns3:TrackPointExtension>
        </extensions>
      </trkpt>
      <trkpt lat="43.15997804515063762664794921875" lon="10.53825194947421550750732421875">
        <time>2026-08-01T07:16:03.000Z</time>
        <extensions>
          <ns3:TrackPointExtension>
            <ns3:atemp>28.0</ns3:atemp>
            <ns3:hr>119</ns3:hr>
            <ns3:cad>26</ns3:cad>
          </ns3:TrackPointExtension>
        </extensions>
      </trkpt>
      <trkpt lat="43.15997888334095478057861328125" lon="10.53824490867555141448974609375">
        <time>2026-08-01T07:16:04.000Z</time>
        <extensions>
          <ns3:TrackPointExtension>
            <ns3:atemp>28.0</ns3:atemp>
            <ns3:hr>119</ns3:hr>
            <ns3:cad>26</ns3:cad>
          </ns3:TrackPointExtension>
        </extensions>
      </trkpt>
      <trkpt lat="43.15997972153127193450927734375" lon="10.53823786787688732147216796875">
        <time>2026-08-01T07:16:05.000Z</time>
        <extensions>
          <ns3:TrackPointExtension>
            <ns3:atemp>28.0</ns3:atemp>
            <ns3:hr>119</ns3:hr>
            <ns3:cad>26</ns3:cad>
          </ns3:TrackPointExtension>
        </extensions>
      </trkpt>
      <trkpt lat="43.1599803082644939422607421875" lon="10.53823132999241352081298828125">
        <time>2026-08-01T07:16:06.000Z</time>
        <extensions>
          <ns3:TrackPointExtension>
            <ns3:atemp>28.0</ns3:atemp>
            <ns3:hr>119</ns3:hr>
            <ns3:cad>26</ns3:cad>
          </ns3:TrackPointExtension>
        </extensions>
      </trkpt>
      <trkpt lat="43.1599809788167476654052734375" lon="10.53822479210793972015380859375">
        <time>2026-08-01T07:16:07.000Z</time>
        <extensions>
          <ns3:TrackPointExtension>
            <ns3:atemp>28.0</ns3:atemp>
            <ns3:hr>119</ns3:hr>
            <ns3:cad>25</ns3:cad>
          </ns3:TrackPointExtension>
        </extensions>
      </trkpt>
      <trkpt lat="43.1599816493690013885498046875" lon="10.53821825422346591949462890625">
        <time>2026-08-01T07:16:08.000Z</time>
        <extensions>
          <ns3:TrackPointExtension>
            <ns3:atemp>28.0</ns3:atemp>
            <ns3:hr>118</ns3:hr>
            <ns3:cad>25</ns3:cad>
          </ns3:TrackPointExtension>
        </extensions>
      </trkpt>
      <trkpt lat="43.1599823199212551116943359375" lon="10.538211800158023834228515625">
        <time>2026-08-01T07:16:09.000Z</time>
        <extensions>
          <ns3:TrackPointExtension>
            <ns3:atemp>28.0</ns3:atemp>
            <ns3:hr>118</ns3:hr>
            <ns3:cad>25</ns3:cad>
          </ns3:TrackPointExtension>
        </extensions>
      </trkpt>
      <trkpt lat="43.15998290665447711944580078125" lon="10.5382052622735500335693359375">
        <time>2026-08-01T07:16:10.000Z</time>
        <extensions>
          <ns3:TrackPointExtension>
            <ns3:atemp>28.0</ns3:atemp>
            <ns3:hr>118</ns3:hr>
            <ns3:cad>25</ns3:cad>
          </ns3:TrackPointExtension>
        </extensions>
      </trkpt>
      <trkpt lat="43.15998340956866741180419921875" lon="10.5381988920271396636962890625">
        <time>2026-08-01T07:16:11.000Z</time>
        <extensions>
          <ns3:TrackPointExtension>
            <ns3:atemp>28.0</ns3:atemp>
            <ns3:hr>116</ns3:hr>
            <ns3:cad>27</ns3:cad>
          </ns3:TrackPointExtension>
        </extensions>
      </trkpt>
      <trkpt lat="43.15998391248285770416259765625" lon="10.53819277323782444000244140625">
        <time>2026-08-01T07:16:12.000Z</time>
        <extensions>
          <ns3:TrackPointExtension>
            <ns3:atemp>28.0</ns3:atemp>
            <ns3:hr>114</ns3:hr>
            <ns3:cad>27</ns3:cad>
          </ns3:TrackPointExtension>
        </extensions>
      </trkpt>
      <trkpt lat="43.1599844992160797119140625" lon="10.5381864868104457855224609375">
        <time>2026-08-01T07:16:13.000Z</time>
        <extensions>
          <ns3:TrackPointExtension>
            <ns3:atemp>28.0</ns3:atemp>
            <ns3:hr>111</ns3:hr>
            <ns3:cad>27</ns3:cad>
          </ns3:TrackPointExtension>
        </extensions>
      </trkpt>
      <trkpt lat="43.15998508594930171966552734375" lon="10.53818036802113056182861328125">
        <time>2026-08-01T07:16:14.000Z</time>
        <extensions>
          <ns3:TrackPointExtension>
            <ns3:atemp>28.0</ns3:atemp>
            <ns3:hr>110</ns3:hr>
            <ns3:cad>27</ns3:cad>
          </ns3:TrackPointExtension>
        </extensions>
      </trkpt>
      <trkpt lat="43.1599856726825237274169921875" lon="10.538174249231815338134765625">
        <time>2026-08-01T07:16:15.000Z</time>
        <extensions>
          <ns3:TrackPointExtension>
            <ns3:atemp>28.0</ns3:atemp>
            <ns3:hr>109</ns3:hr>
            <ns3:cad>27</ns3:cad>
          </ns3:TrackPointExtension>
        </extensions>
      </trkpt>
      <trkpt lat="43.15998625941574573516845703125" lon="10.538168214261531829833984375">
        <time>2026-08-01T07:16:16.000Z</time>
        <extensions>
          <ns3:TrackPointExtension>
            <ns3:atemp>28.0</ns3:atemp>
            <ns3:hr>108</ns3:hr>
            <ns3:cad>27</ns3:cad>
          </ns3:TrackPointExtension>
        </extensions>
      </trkpt>
      <trkpt lat="43.15998676232993602752685546875" lon="10.53816251456737518310546875">
        <time>2026-08-01T07:16:17.000Z</time>
        <extensions>
          <ns3:TrackPointExtension>
            <ns3:atemp>28.0</ns3:atemp>
            <ns3:hr>108</ns3:hr>
            <ns3:cad>27</ns3:cad>
          </ns3:TrackPointExtension>
        </extensions>
      </trkpt>
      <trkpt lat="43.1599873490631580352783203125" lon="10.53815673105418682098388671875">
        <time>2026-08-01T07:16:18.000Z</time>
        <extensions>
          <ns3:TrackPointExtension>
            <ns3:atemp>28.0</ns3:atemp>
            <ns3:hr>108</ns3:hr>
            <ns3:cad>28</ns3:cad>
          </ns3:TrackPointExtension>
        </extensions>
      </trkpt>
      <trkpt lat="43.15998793579638004302978515625" lon="10.53815119899809360504150390625">
        <time>2026-08-01T07:16:19.000Z</time>
        <extensions>
          <ns3:TrackPointExtension>
            <ns3:atemp>28.0</ns3:atemp>
            <ns3:hr>108</ns3:hr>
            <ns3:cad>28</ns3:cad>
          </ns3:TrackPointExtension>
        </extensions>
      </trkpt>
      <trkpt lat="43.15998843871057033538818359375" lon="10.53814533166587352752685546875">
        <time>2026-08-01T07:16:20.000Z</time>
        <extensions>
          <ns3:TrackPointExtension>
            <ns3:atemp>28.0</ns3:atemp>
            <ns3:hr>108</ns3:hr>
            <ns3:cad>27</ns3:cad>
          </ns3:TrackPointExtension>
        </extensions>
      </trkpt>
      <trkpt lat="43.1599890254437923431396484375" lon="10.5381395481526851654052734375">
        <time>2026-08-01T07:16:21.000Z</time>
        <extensions>
          <ns3:TrackPointExtension>
            <ns3:atemp>28.0</ns3:atemp>
            <ns3:hr>108</ns3:hr>
            <ns3:cad>27</ns3:cad>
          </ns3:TrackPointExtension>
        </extensions>
      </trkpt>
      <trkpt lat="43.15998961217701435089111328125" lon="10.53813359700143337249755859375">
        <time>2026-08-01T07:16:22.000Z</time>
        <extensions>
          <ns3:TrackPointExtension>
            <ns3:atemp>28.0</ns3:atemp>
            <ns3:hr>108</ns3:hr>
            <ns3:cad>27</ns3:cad>
          </ns3:TrackPointExtension>
        </extensions>
      </trkpt>
      <trkpt lat="43.15999011509120464324951171875" lon="10.53812772966921329498291015625">
        <time>2026-08-01T07:16:23.000Z</time>
        <extensions>
          <ns3:TrackPointExtension>
            <ns3:atemp>28.0</ns3:atemp>
            <ns3:hr>108</ns3:hr>
            <ns3:cad>27</ns3:cad>
          </ns3:TrackPointExtension>
        </extensions>
      </trkpt>
      <trkpt lat="43.1599907018244266510009765625" lon="10.53812169469892978668212890625">
        <time>2026-08-01T07:16:24.000Z</time>
        <extensions>
          <ns3:TrackPointExtension>
            <ns3:atemp>28.0</ns3:atemp>
            <ns3:hr>108</ns3:hr>
            <ns3:cad>27</ns3:cad>
          </ns3:TrackPointExtension>
        </extensions>
      </trkpt>
      <trkpt lat="43.1599913723766803741455078125" lon="10.5381157435476779937744140625">
        <time>2026-08-01T07:16:25.000Z</time>
        <extensions>
          <ns3:TrackPointExtension>
            <ns3:atemp>28.0</ns3:atemp>
            <ns3:hr>108</ns3:hr>
            <ns3:cad>27</ns3:cad>
          </ns3:TrackPointExtension>
        </extensions>
      </trkpt>
      <trkpt lat="43.1599920429289340972900390625" lon="10.53810979239642620086669921875">
        <time>2026-08-01T07:16:26.000Z</time>
        <extensions>
          <ns3:TrackPointExtension>
            <ns3:atemp>28.0</ns3:atemp>
            <ns3:hr>107</ns3:hr>
            <ns3:cad>27</ns3:cad>
          </ns3:TrackPointExtension>
        </extensions>
      </trkpt>
      <trkpt lat="43.15999262966215610504150390625" lon="10.53810375742614269256591796875">
        <time>2026-08-01T07:16:27.000Z</time>
        <extensions>
          <ns3:TrackPointExtension>
            <ns3:atemp>28.0</ns3:atemp>
            <ns3:hr>107</ns3:hr>
            <ns3:cad>26</ns3:cad>
          </ns3:TrackPointExtension>
        </extensions>
      </trkpt>
      <trkpt lat="43.1599933840334415435791015625" lon="10.538097806274890899658203125">
        <time>2026-08-01T07:16:28.000Z</time>
        <extensions>
          <ns3:TrackPointExtension>
            <ns3:atemp>28.0</ns3:atemp>
            <ns3:hr>107</ns3:hr>
            <ns3:cad>26</ns3:cad>
          </ns3:TrackPointExtension>
        </extensions>
      </trkpt>
      <trkpt lat="43.1599940545856952667236328125" lon="10.53809118457138538360595703125">
        <time>2026-08-01T07:16:29.000Z</time>
        <extensions>
          <ns3:TrackPointExtension>
            <ns3:atemp>28.0</ns3:atemp>
            <ns3:hr>107</ns3:hr>
            <ns3:cad>26</ns3:cad>
          </ns3:TrackPointExtension>
        </extensions>
      </trkpt>
      <trkpt lat="43.15999480895698070526123046875" lon="10.53808464668691158294677734375">
        <time>2026-08-01T07:16:30.000Z</time>
        <extensions>
          <ns3:TrackPointExtension>
            <ns3:atemp>28.0</ns3:atemp>
            <ns3:hr>106</ns3:hr>
            <ns3:cad>26</ns3:cad>
          </ns3:TrackPointExtension>
        </extensions>
      </trkpt>
      <trkpt lat="43.15999547950923442840576171875" lon="10.5380778573453426361083984375">
        <time>2026-08-01T07:16:31.000Z</time>
        <extensions>
          <ns3:TrackPointExtension>
            <ns3:atemp>28.0</ns3:atemp>
            <ns3:hr>106</ns3:hr>
            <ns3:cad>27</ns3:cad>
          </ns3:TrackPointExtension>
        </extensions>
      </trkpt>
      <trkpt lat="43.159996233880519866943359375" lon="10.53807106800377368927001953125">
        <time>2026-08-01T07:16:32.000Z</time>
        <extensions>
          <ns3:TrackPointExtension>
            <ns3:atemp>28.0</ns3:atemp>
            <ns3:hr>106</ns3:hr>
            <ns3:cad>27</ns3:cad>
          </ns3:TrackPointExtension>
        </extensions>
      </trkpt>
      <trkpt lat="43.159996904432773590087890625" lon="10.53806436248123645782470703125">
        <time>2026-08-01T07:16:33.000Z</time>
        <extensions>
          <ns3:TrackPointExtension>
            <ns3:atemp>28.0</ns3:atemp>
            <ns3:hr>106</ns3:hr>
            <ns3:cad>27</ns3:cad>
          </ns3:TrackPointExtension>
        </extensions>
      </trkpt>
      <trkpt lat="43.159997574985027313232421875" lon="10.5380574055016040802001953125">
        <time>2026-08-01T07:16:34.000Z</time>
        <extensions>
          <ns3:TrackPointExtension>
            <ns3:atemp>28.0</ns3:atemp>
            <ns3:hr>107</ns3:hr>
            <ns3:cad>26</ns3:cad>
          </ns3:TrackPointExtension>
        </extensions>
      </trkpt>
      <trkpt lat="43.15999832935631275177001953125" lon="10.53805053234100341796875">
        <time>2026-08-01T07:16:35.000Z</time>
        <extensions>
          <ns3:TrackPointExtension>
            <ns3:atemp>28.0</ns3:atemp>
            <ns3:hr>106</ns3:hr>
            <ns3:cad>26</ns3:cad>
          </ns3:TrackPointExtension>
        </extensions>
      </trkpt>
      <trkpt lat="43.1599990837275981903076171875" lon="10.53804357536137104034423828125">
        <time>2026-08-01T07:16:36.000Z</time>
        <extensions>
          <ns3:TrackPointExtension>
            <ns3:atemp>28.0</ns3:atemp>
            <ns3:hr>106</ns3:hr>
            <ns3:cad>26</ns3:cad>
          </ns3:TrackPointExtension>
        </extensions>
      </trkpt>
      <trkpt lat="43.1599997542798519134521484375" lon="10.538036786019802093505859375">
        <time>2026-08-01T07:16:37.000Z</time>
        <extensions>
          <ns3:TrackPointExtension>
            <ns3:atemp>28.0</ns3:atemp>
            <ns3:hr>105</ns3:hr>
            <ns3:cad>25</ns3:cad>
          </ns3:TrackPointExtension>
        </extensions>
      </trkpt>
      <trkpt lat="43.16000050865113735198974609375" lon="10.5380299128592014312744140625">
        <time>2026-08-01T07:16:38.000Z</time>
        <extensions>
          <ns3:TrackPointExtension>
            <ns3:atemp>28.0</ns3:atemp>
            <ns3:hr>106</ns3:hr>
            <ns3:cad>25</ns3:cad>
          </ns3:TrackPointExtension>
        </extensions>
      </trkpt>
      <trkpt lat="43.16000117920339107513427734375" lon="10.53802295587956905364990234375">
        <time>2026-08-01T07:16:39.000Z</time>
        <extensions>
          <ns3:TrackPointExtension>
            <ns3:atemp>28.0</ns3:atemp>
            <ns3:hr>106</ns3:hr>
            <ns3:cad>24</ns3:cad>
          </ns3:TrackPointExtension>
        </extensions>
      </trkpt>
      <trkpt lat="43.160001933574676513671875" lon="10.53801608271896839141845703125">
        <time>2026-08-01T07:16:40.000Z</time>
        <extensions>
          <ns3:TrackPointExtension>
            <ns3:atemp>28.0</ns3:atemp>
            <ns3:hr>108</ns3:hr>
            <ns3:cad>24</ns3:cad>
          </ns3:TrackPointExtension>
        </extensions>
      </trkpt>
      <trkpt lat="43.16000268794596195220947265625" lon="10.5380091257393360137939453125">
        <time>2026-08-01T07:16:41.000Z</time>
        <extensions>
          <ns3:TrackPointExtension>
            <ns3:atemp>28.0</ns3:atemp>
            <ns3:hr>128</ns3:hr>
            <ns3:cad>25</ns3:cad>
          </ns3:TrackPointExtension>
        </extensions>
      </trkpt>
      <trkpt lat="43.16000352613627910614013671875" lon="10.53800233639776706695556640625">
        <time>2026-08-01T07:16:42.000Z</time>
        <extensions>
          <ns3:TrackPointExtension>
            <ns3:atemp>28.0</ns3:atemp>
            <ns3:hr>136</ns3:hr>
            <ns3:cad>25</ns3:cad>
          </ns3:TrackPointExtension>
        </extensions>
      </trkpt>
      <trkpt lat="43.16000436432659626007080078125" lon="10.53799546323716640472412109375">
        <time>2026-08-01T07:16:43.000Z</time>
        <extensions>
          <ns3:TrackPointExtension>
            <ns3:atemp>28.0</ns3:atemp>
            <ns3:hr>137</ns3:hr>
            <ns3:cad>25</ns3:cad>
          </ns3:TrackPointExtension>
        </extensions>
      </trkpt>
      <trkpt lat="43.16000520251691341400146484375" lon="10.5379886738955974578857421875">
        <time>2026-08-01T07:16:44.000Z</time>
        <extensions>
          <ns3:TrackPointExtension>
            <ns3:atemp>28.0</ns3:atemp>
            <ns3:hr>137</ns3:hr>
            <ns3:cad>25</ns3:cad>
          </ns3:TrackPointExtension>
        </extensions>
      </trkpt>
      <trkpt lat="43.16000604070723056793212890625" lon="10.5379816330969333648681640625">
        <time>2026-08-01T07:16:45.000Z</time>
        <extensions>
          <ns3:TrackPointExtension>
            <ns3:atemp>28.0</ns3:atemp>
            <ns3:hr>137</ns3:hr>
            <ns3:cad>25</ns3:cad>
          </ns3:TrackPointExtension>
        </extensions>
      </trkpt>
      <trkpt lat="43.160006962716579437255859375" lon="10.53797450847923755645751953125">
        <time>2026-08-01T07:16:46.000Z</time>
        <extensions>
          <ns3:TrackPointExtension>
            <ns3:atemp>28.0</ns3:atemp>
            <ns3:hr>138</ns3:hr>
            <ns3:cad>24</ns3:cad>
          </ns3:TrackPointExtension>
        </extensions>
      </trkpt>
      <trkpt lat="43.16000788472592830657958984375" lon="10.53796746768057346343994140625">
        <time>2026-08-01T07:16:47.000Z</time>
        <extensions>
          <ns3:TrackPointExtension>
            <ns3:atemp>28.0</ns3:atemp>
            <ns3:hr>138</ns3:hr>
            <ns3:cad>24</ns3:cad>
          </ns3:TrackPointExtension>
        </extensions>
      </trkpt>
      <trkpt lat="43.16000889055430889129638671875" lon="10.53795992396771907806396484375">
        <time>2026-08-01T07:16:48.000Z</time>
        <extensions>
          <ns3:TrackPointExtension>
            <ns3:atemp>28.0</ns3:atemp>
            <ns3:hr>138</ns3:hr>
            <ns3:cad>27</ns3:cad>
          </ns3:TrackPointExtension>
        </extensions>
      </trkpt>
      <trkpt lat="43.1600098125636577606201171875" lon="10.5379524640738964080810546875">
        <time>2026-08-01T07:16:49.000Z</time>
        <extensions>
          <ns3:TrackPointExtension>
            <ns3:atemp>28.0</ns3:atemp>
            <ns3:hr>138</ns3:hr>
            <ns3:cad>27</ns3:cad>
          </ns3:TrackPointExtension>
        </extensions>
      </trkpt>
      <trkpt lat="43.16001073457300662994384765625" lon="10.53794500418007373809814453125">
        <time>2026-08-01T07:16:50.000Z</time>
        <extensions>
          <ns3:TrackPointExtension>
            <ns3:atemp>28.0</ns3:atemp>
            <ns3:hr>138</ns3:hr>
            <ns3:cad>28</ns3:cad>
          </ns3:TrackPointExtension>
        </extensions>
      </trkpt>
      <trkpt lat="43.16001174040138721466064453125" lon="10.5379377119243144989013671875">
        <time>2026-08-01T07:16:51.000Z</time>
        <extensions>
          <ns3:TrackPointExtension>
            <ns3:atemp>28.0</ns3:atemp>
            <ns3:hr>138</ns3:hr>
            <ns3:cad>28</ns3:cad>
          </ns3:TrackPointExtension>
        </extensions>
      </trkpt>
      <trkpt lat="43.16001274622976779937744140625" lon="10.53793041966855525970458984375">
        <time>2026-08-01T07:16:52.000Z</time>
        <extensions>
          <ns3:TrackPointExtension>
            <ns3:atemp>28.0</ns3:atemp>
            <ns3:hr>138</ns3:hr>
            <ns3:cad>28</ns3:cad>
          </ns3:TrackPointExtension>
        </extensions>
      </trkpt>
      <trkpt lat="43.16001375205814838409423828125" lon="10.53792304359376430511474609375">
        <time>2026-08-01T07:16:53.000Z</time>
        <extensions>
          <ns3:TrackPointExtension>
            <ns3:atemp>28.0</ns3:atemp>
            <ns3:hr>137</ns3:hr>
            <ns3:cad>26</ns3:cad>
          </ns3:TrackPointExtension>
        </extensions>
      </trkpt>
      <trkpt lat="43.16001475788652896881103515625" lon="10.53791600279510021209716796875">
        <time>2026-08-01T07:16:54.000Z</time>
        <extensions>
          <ns3:TrackPointExtension>
            <ns3:atemp>28.0</ns3:atemp>
            <ns3:hr>137</ns3:hr>
            <ns3:cad>26</ns3:cad>
          </ns3:TrackPointExtension>
        </extensions>
      </trkpt>
      <trkpt lat="43.160015679895877838134765625" lon="10.53790879435837268829345703125">
        <time>2026-08-01T07:16:55.000Z</time>
        <extensions>
          <ns3:TrackPointExtension>
            <ns3:atemp>28.0</ns3:atemp>
            <ns3:hr>137</ns3:hr>
            <ns3:cad>25</ns3:cad>
          </ns3:TrackPointExtension>
        </extensions>
      </trkpt>
      <trkpt lat="43.16001660190522670745849609375" lon="10.5379016697406768798828125">
        <time>2026-08-01T07:16:56.000Z</time>
        <extensions>
          <ns3:TrackPointExtension>
            <ns3:atemp>28.0</ns3:atemp>
            <ns3:hr>138</ns3:hr>
            <ns3:cad>25</ns3:cad>
          </ns3:TrackPointExtension>
        </extensions>
      </trkpt>
      <trkpt lat="43.1600175239145755767822265625" lon="10.5378944613039493560791015625">
        <time>2026-08-01T07:16:57.000Z</time>
        <extensions>
          <ns3:TrackPointExtension>
            <ns3:atemp>28.0</ns3:atemp>
            <ns3:hr>138</ns3:hr>
            <ns3:cad>26</ns3:cad>
          </ns3:TrackPointExtension>
        </extensions>
      </trkpt>
      <trkpt lat="43.16001844592392444610595703125" lon="10.53788716904819011688232421875">
        <time>2026-08-01T07:16:58.000Z</time>
        <extensions>
          <ns3:TrackPointExtension>
            <ns3:atemp>28.0</ns3:atemp>
            <ns3:hr>138</ns3:hr>
            <ns3:cad>26</ns3:cad>
          </ns3:TrackPointExtension>
        </extensions>
      </trkpt>
      <trkpt lat="43.1600193679332733154296875" lon="10.53787996061146259307861328125">
        <time>2026-08-01T07:16:59.000Z</time>
        <extensions>
          <ns3:TrackPointExtension>
            <ns3:atemp>28.0</ns3:atemp>
            <ns3:hr>138</ns3:hr>
            <ns3:cad>26</ns3:cad>
          </ns3:TrackPointExtension>
        </extensions>
      </trkpt>
      <trkpt lat="43.160020373761653900146484375" lon="10.53787283599376678466796875">
        <time>2026-08-01T07:17:00.000Z</time>
        <extensions>
          <ns3:TrackPointExtension>
            <ns3:atemp>28.0</ns3:atemp>
            <ns3:hr>139</ns3:hr>
            <ns3:cad>26</ns3:cad>
          </ns3:TrackPointExtension>
        </extensions>
      </trkpt>
      <trkpt lat="43.16002137959003448486328125" lon="10.5378659628331661224365234375">
        <time>2026-08-01T07:17:01.000Z</time>
        <extensions>
          <ns3:TrackPointExtension>
            <ns3:atemp>28.0</ns3:atemp>
            <ns3:hr>139</ns3:hr>
            <ns3:cad>26</ns3:cad>
          </ns3:TrackPointExtension>
        </extensions>
      </trkpt>
      <trkpt lat="43.160022385418415069580078125" lon="10.537859089672565460205078125">
        <time>2026-08-01T07:17:02.000Z</time>
        <extensions>
          <ns3:TrackPointExtension>
            <ns3:atemp>28.0</ns3:atemp>
            <ns3:hr>140</ns3:hr>
            <ns3:cad>26</ns3:cad>
          </ns3:TrackPointExtension>
        </extensions>
      </trkpt>
      <trkpt lat="43.16002330742776393890380859375" lon="10.53785230033099651336669921875">
        <time>2026-08-01T07:17:03.000Z</time>
        <extensions>
          <ns3:TrackPointExtension>
            <ns3:atemp>28.0</ns3:atemp>
            <ns3:hr>140</ns3:hr>
            <ns3:cad>26</ns3:cad>
          </ns3:TrackPointExtension>
        </extensions>
      </trkpt>
      <trkpt lat="43.16002431325614452362060546875" lon="10.5378455109894275665283203125">
        <time>2026-08-01T07:17:04.000Z</time>
        <extensions>
          <ns3:TrackPointExtension>
            <ns3:atemp>28.0</ns3:atemp>
            <ns3:hr>141</ns3:hr>
            <ns3:cad>26</ns3:cad>
          </ns3:TrackPointExtension>
        </extensions>
      </trkpt>
      <trkpt lat="43.16002531908452510833740234375" lon="10.537838973104953765869140625">
        <time>2026-08-01T07:17:05.000Z</time>
        <extensions>
          <ns3:TrackPointExtension>
            <ns3:atemp>28.0</ns3:atemp>
            <ns3:hr>141</ns3:hr>
            <ns3:cad>26</ns3:cad>
          </ns3:TrackPointExtension>
        </extensions>
      </trkpt>
      <trkpt lat="43.16002632491290569305419921875" lon="10.53783235140144824981689453125">
        <time>2026-08-01T07:17:06.000Z</time>
        <extensions>
          <ns3:TrackPointExtension>
            <ns3:atemp>28.0</ns3:atemp>
            <ns3:hr>142</ns3:hr>
            <ns3:cad>26</ns3:cad>
          </ns3:TrackPointExtension>
        </extensions>
      </trkpt>
      <trkpt lat="43.16002733074128627777099609375" lon="10.5378257296979427337646484375">
        <time>2026-08-01T07:17:07.000Z</time>
        <extensions>
          <ns3:TrackPointExtension>
            <ns3:atemp>28.0</ns3:atemp>
            <ns3:hr>142</ns3:hr>
            <ns3:cad>27</ns3:cad>
          </ns3:TrackPointExtension>
        </extensions>
      </trkpt>
      <trkpt lat="43.1600282527506351470947265625" lon="10.53781919181346893310546875">
        <time>2026-08-01T07:17:08.000Z</time>
        <extensions>
          <ns3:TrackPointExtension>
            <ns3:atemp>28.0</ns3:atemp>
            <ns3:hr>142</ns3:hr>
            <ns3:cad>27</ns3:cad>
          </ns3:TrackPointExtension>
        </extensions>
      </trkpt>
      <trkpt lat="43.16002917475998401641845703125" lon="10.5378126539289951324462890625">
        <time>2026-08-01T07:17:09.000Z</time>
        <extensions>
          <ns3:TrackPointExtension>
            <ns3:atemp>28.0</ns3:atemp>
            <ns3:hr>142</ns3:hr>
            <ns3:cad>25</ns3:cad>
          </ns3:TrackPointExtension>
        </extensions>
      </trkpt>
      <trkpt lat="43.1600300967693328857421875" lon="10.537806786596775054931640625">
        <time>2026-08-01T07:17:10.000Z</time>
        <extensions>
          <ns3:TrackPointExtension>
            <ns3:atemp>28.0</ns3:atemp>
            <ns3:hr>142</ns3:hr>
            <ns3:cad>25</ns3:cad>
          </ns3:TrackPointExtension>
        </extensions>
      </trkpt>
      <trkpt lat="43.1600309349596500396728515625" lon="10.53780083544552326202392578125">
        <time>2026-08-01T07:17:11.000Z</time>
        <extensions>
          <ns3:TrackPointExtension>
            <ns3:atemp>28.0</ns3:atemp>
            <ns3:hr>143</ns3:hr>
            <ns3:cad>25</ns3:cad>
          </ns3:TrackPointExtension>
        </extensions>
      </trkpt>
      <trkpt lat="43.160031773149967193603515625" lon="10.53779505193233489990234375">
        <time>2026-08-01T07:17:12.000Z</time>
        <extensions>
          <ns3:TrackPointExtension>
            <ns3:atemp>28.0</ns3:atemp>
            <ns3:hr>142</ns3:hr>
            <ns3:cad>25</ns3:cad>
          </ns3:TrackPointExtension>
        </extensions>
      </trkpt>
      <trkpt lat="43.16003252752125263214111328125" lon="10.53778926841914653778076171875">
        <time>2026-08-01T07:17:13.000Z</time>
        <extensions>
          <ns3:TrackPointExtension>
            <ns3:atemp>28.0</ns3:atemp>
            <ns3:hr>142</ns3:hr>
            <ns3:cad>25</ns3:cad>
          </ns3:TrackPointExtension>
        </extensions>
      </trkpt>
      <trkpt lat="43.1600332818925380706787109375" lon="10.5377836525440216064453125">
        <time>2026-08-01T07:17:14.000Z</time>
        <extensions>
          <ns3:TrackPointExtension>
            <ns3:atemp>28.0</ns3:atemp>
            <ns3:hr>142</ns3:hr>
            <ns3:cad>24</ns3:cad>
          </ns3:TrackPointExtension>
        </extensions>
      </trkpt>
      <trkpt lat="43.16003386862576007843017578125" lon="10.5377781204879283905029296875">
        <time>2026-08-01T07:17:15.000Z</time>
        <extensions>
          <ns3:TrackPointExtension>
            <ns3:atemp>28.0</ns3:atemp>
            <ns3:hr>142</ns3:hr>
            <ns3:cad>24</ns3:cad>
          </ns3:TrackPointExtension>
        </extensions>
      </trkpt>
      <trkpt lat="43.1600342877209186553955078125" lon="10.5377724207937717437744140625">
        <time>2026-08-01T07:17:16.000Z</time>
        <extensions>
          <ns3:TrackPointExtension>
            <ns3:atemp>28.0</ns3:atemp>
            <ns3:hr>142</ns3:hr>
            <ns3:cad>25</ns3:cad>
          </ns3:TrackPointExtension>
        </extensions>
      </trkpt>
      <trkpt lat="43.16003470681607723236083984375" lon="10.53776680491864681243896484375">
        <time>2026-08-01T07:17:17.000Z</time>
        <extensions>
          <ns3:TrackPointExtension>
            <ns3:atemp>28.0</ns3:atemp>
            <ns3:hr>142</ns3:hr>
            <ns3:cad>25</ns3:cad>
          </ns3:TrackPointExtension>
        </extensions>
      </trkpt>
      <trkpt lat="43.16003504209220409393310546875" lon="10.53776110522449016571044921875">
        <time>2026-08-01T07:17:18.000Z</time>
        <extensions>
          <ns3:TrackPointExtension>
            <ns3:atemp>28.0</ns3:atemp>
            <ns3:hr>142</ns3:hr>
            <ns3:cad>25</ns3:cad>
          </ns3:TrackPointExtension>
        </extensions>
      </trkpt>
      <trkpt lat="43.16003537736833095550537109375" lon="10.53775557316839694976806640625">
        <time>2026-08-01T07:17:19.000Z</time>
        <extensions>
          <ns3:TrackPointExtension>
            <ns3:atemp>28.0</ns3:atemp>
            <ns3:hr>142</ns3:hr>
            <ns3:cad>25</ns3:cad>
          </ns3:TrackPointExtension>
        </extensions>
      </trkpt>
      <trkpt lat="43.1600356288254261016845703125" lon="10.53775004111230373382568359375">
        <time>2026-08-01T07:17:20.000Z</time>
        <extensions>
          <ns3:TrackPointExtension>
            <ns3:atemp>28.0</ns3:atemp>
            <ns3:hr>142</ns3:hr>
            <ns3:cad>25</ns3:cad>
          </ns3:TrackPointExtension>
        </extensions>
      </trkpt>
      <trkpt lat="43.16003588028252124786376953125" lon="10.53774467669427394866943359375">
        <time>2026-08-01T07:17:21.000Z</time>
        <extensions>
          <ns3:TrackPointExtension>
            <ns3:atemp>28.0</ns3:atemp>
            <ns3:hr>141</ns3:hr>
            <ns3:cad>25</ns3:cad>
          </ns3:TrackPointExtension>
        </extensions>
      </trkpt>
      <trkpt lat="43.16003671847283840179443359375" lon="10.53773847408592700958251953125">
        <time>2026-08-01T07:17:22.000Z</time>
        <extensions>
          <ns3:TrackPointExtension>
            <ns3:atemp>28.0</ns3:atemp>
            <ns3:hr>141</ns3:hr>
            <ns3:cad>24</ns3:cad>
          </ns3:TrackPointExtension>
        </extensions>
      </trkpt>
      <trkpt lat="43.16003747284412384033203125" lon="10.537732355296611785888671875">
        <time>2026-08-01T07:17:23.000Z</time>
        <extensions>
          <ns3:TrackPointExtension>
            <ns3:atemp>28.0</ns3:atemp>
            <ns3:hr>140</ns3:hr>
            <ns3:cad>26</ns3:cad>
          </ns3:TrackPointExtension>
        </extensions>
      </trkpt>
      <trkpt lat="43.16003805957734584808349609375" lon="10.53772665560245513916015625">
        <time>2026-08-01T07:17:24.000Z</time>
        <extensions>
          <ns3:TrackPointExtension>
            <ns3:atemp>28.0</ns3:atemp>
            <ns3:hr>140</ns3:hr>
            <ns3:cad>26</ns3:cad>
          </ns3:TrackPointExtension>
        </extensions>
      </trkpt>
      <trkpt lat="43.16003856249153614044189453125" lon="10.53772129118442535400390625">
        <time>2026-08-01T07:17:25.000Z</time>
        <extensions>
          <ns3:TrackPointExtension>
            <ns3:atemp>28.0</ns3:atemp>
            <ns3:hr>139</ns3:hr>
            <ns3:cad>26</ns3:cad>
          </ns3:TrackPointExtension>
        </extensions>
      </trkpt>
      <trkpt lat="43.1600389815866947174072265625" lon="10.5377165973186492919921875">
        <time>2026-08-01T07:17:26.000Z</time>
        <extensions>
          <ns3:TrackPointExtension>
            <ns3:atemp>28.0</ns3:atemp>
            <ns3:hr>139</ns3:hr>
            <ns3:cad>25</ns3:cad>
          </ns3:TrackPointExtension>
        </extensions>
      </trkpt>
      <trkpt lat="43.160039484500885009765625" lon="10.53771190345287322998046875">
        <time>2026-08-01T07:17:27.000Z</time>
        <extensions>
          <ns3:TrackPointExtension>
            <ns3:atemp>28.0</ns3:atemp>
            <ns3:hr>139</ns3:hr>
            <ns3:cad>25</ns3:cad>
          </ns3:TrackPointExtension>
        </extensions>
      </trkpt>
      <trkpt lat="43.160039819777011871337890625" lon="10.53770729340612888336181640625">
        <time>2026-08-01T07:17:28.000Z</time>
        <extensions>
          <ns3:TrackPointExtension>
            <ns3:atemp>28.0</ns3:atemp>
            <ns3:hr>140</ns3:hr>
            <ns3:cad>25</ns3:cad>
          </ns3:TrackPointExtension>
        </extensions>
      </trkpt>
      <trkpt lat="43.16004023887217044830322265625" lon="10.53770293481647968292236328125">
        <time>2026-08-01T07:17:29.000Z</time>
        <extensions>
          <ns3:TrackPointExtension>
            <ns3:atemp>28.0</ns3:atemp>
            <ns3:hr>141</ns3:hr>
            <ns3:cad>24</ns3:cad>
          </ns3:TrackPointExtension>
        </extensions>
      </trkpt>
      <trkpt lat="43.16004057414829730987548828125" lon="10.5376986600458621978759765625">
        <time>2026-08-01T07:17:30.000Z</time>
        <extensions>
          <ns3:TrackPointExtension>
            <ns3:atemp>28.0</ns3:atemp>
            <ns3:hr>142</ns3:hr>
            <ns3:cad>24</ns3:cad>
          </ns3:TrackPointExtension>
        </extensions>
      </trkpt>
      <trkpt lat="43.16004074178636074066162109375" lon="10.5376943014562129974365234375">
        <time>2026-08-01T07:17:31.000Z</time>
        <extensions>
          <ns3:TrackPointExtension>
            <ns3:atemp>27.0</ns3:atemp>
            <ns3:hr>142</ns3:hr>
            <ns3:cad>25</ns3:cad>
          </ns3:TrackPointExtension>
        </extensions>
      </trkpt>
      <trkpt lat="43.1600396521389484405517578125" lon="10.537690110504627227783203125">
        <time>2026-08-01T07:17:32.000Z</time>
        <extensions>
          <ns3:TrackPointExtension>
            <ns3:atemp>27.0</ns3:atemp>
            <ns3:hr>142</ns3:hr>
            <ns3:cad>25</ns3:cad>
          </ns3:TrackPointExtension>
        </extensions>
      </trkpt>
      <trkpt lat="43.16003881394863128662109375" lon="10.537686087191104888916015625">
        <time>2026-08-01T07:17:33.000Z</time>
        <extensions>
          <ns3:TrackPointExtension>
            <ns3:atemp>27.0</ns3:atemp>
            <ns3:hr>143</ns3:hr>
            <ns3:cad>27</ns3:cad>
          </ns3:TrackPointExtension>
        </extensions>
      </trkpt>
      <trkpt lat="43.1600383110344409942626953125" lon="10.53768239915370941162109375">
        <time>2026-08-01T07:17:34.000Z</time>
        <extensions>
          <ns3:TrackPointExtension>
            <ns3:atemp>27.0</ns3:atemp>
            <ns3:hr>141</ns3:hr>
            <ns3:cad>27</ns3:cad>
          </ns3:TrackPointExtension>
        </extensions>
      </trkpt>
      <trkpt lat="43.1600379757583141326904296875" lon="10.53767896257340908050537109375">
        <time>2026-08-01T07:17:35.000Z</time>
        <extensions>
          <ns3:TrackPointExtension>
            <ns3:atemp>27.0</ns3:atemp>
            <ns3:hr>141</ns3:hr>
            <ns3:cad>26</ns3:cad>
          </ns3:TrackPointExtension>
        </extensions>
      </trkpt>
      <trkpt lat="43.160037808120250701904296875" lon="10.53767359815537929534912109375">
        <time>2026-08-01T07:17:36.000Z</time>
        <extensions>
          <ns3:TrackPointExtension>
            <ns3:atemp>27.0</ns3:atemp>
            <ns3:hr>140</ns3:hr>
            <ns3:cad>26</ns3:cad>
          </ns3:TrackPointExtension>
        </extensions>
      </trkpt>
      <trkpt lat="43.160037808120250701904296875" lon="10.53766756318509578704833984375">
        <time>2026-08-01T07:17:37.000Z</time>
        <extensions>
          <ns3:TrackPointExtension>
            <ns3:atemp>27.0</ns3:atemp>
            <ns3:hr>141</ns3:hr>
            <ns3:cad>27</ns3:cad>
          </ns3:TrackPointExtension>
        </extensions>
      </trkpt>
      <trkpt lat="43.160037808120250701904296875" lon="10.53766152821481227874755859375">
        <time>2026-08-01T07:17:38.000Z</time>
        <extensions>
          <ns3:TrackPointExtension>
            <ns3:atemp>27.0</ns3:atemp>
            <ns3:hr>141</ns3:hr>
            <ns3:cad>27</ns3:cad>
          </ns3:TrackPointExtension>
        </extensions>
      </trkpt>
      <trkpt lat="43.160037808120250701904296875" lon="10.537655241787433624267578125">
        <time>2026-08-01T07:17:39.000Z</time>
        <extensions>
          <ns3:TrackPointExtension>
            <ns3:atemp>27.0</ns3:atemp>
            <ns3:hr>141</ns3:hr>
            <ns3:cad>27</ns3:cad>
          </ns3:TrackPointExtension>
        </extensions>
      </trkpt>
      <trkpt lat="43.16003789193928241729736328125" lon="10.5376487039029598236083984375">
        <time>2026-08-01T07:17:40.000Z</time>
        <extensions>
          <ns3:TrackPointExtension>
            <ns3:atemp>27.0</ns3:atemp>
            <ns3:hr>141</ns3:hr>
            <ns3:cad>27</ns3:cad>
          </ns3:TrackPointExtension>
        </extensions>
      </trkpt>
      <trkpt lat="43.16003805957734584808349609375" lon="10.5376419983804225921630859375">
        <time>2026-08-01T07:17:41.000Z</time>
        <extensions>
          <ns3:TrackPointExtension>
            <ns3:atemp>27.0</ns3:atemp>
            <ns3:hr>142</ns3:hr>
            <ns3:cad>27</ns3:cad>
          </ns3:TrackPointExtension>
        </extensions>
      </trkpt>
      <trkpt lat="43.1600381433963775634765625" lon="10.53763621486723423004150390625">
        <time>2026-08-01T07:17:42.000Z</time>
        <extensions>
          <ns3:TrackPointExtension>
            <ns3:atemp>27.0</ns3:atemp>
            <ns3:hr>142</ns3:hr>
            <ns3:cad>27</ns3:cad>
          </ns3:TrackPointExtension>
        </extensions>
      </trkpt>
      <trkpt lat="43.1600381433963775634765625" lon="10.53763051517307758331298828125">
        <time>2026-08-01T07:17:43.000Z</time>
        <extensions>
          <ns3:TrackPointExtension>
            <ns3:atemp>27.0</ns3:atemp>
            <ns3:hr>142</ns3:hr>
            <ns3:cad>27</ns3:cad>
          </ns3:TrackPointExtension>
        </extensions>
      </trkpt>
      <trkpt lat="43.1600381433963775634765625" lon="10.53762448020279407501220703125">
        <time>2026-08-01T07:17:44.000Z</time>
        <extensions>
          <ns3:TrackPointExtension>
            <ns3:atemp>27.0</ns3:atemp>
            <ns3:hr>142</ns3:hr>
            <ns3:cad>27</ns3:cad>
          </ns3:TrackPointExtension>
        </extensions>
      </trkpt>
      <trkpt lat="43.16003822721540927886962890625" lon="10.537618361413478851318359375">
        <time>2026-08-01T07:17:45.000Z</time>
        <extensions>
          <ns3:TrackPointExtension>
            <ns3:atemp>27.0</ns3:atemp>
            <ns3:hr>142</ns3:hr>
            <ns3:cad>27</ns3:cad>
          </ns3:TrackPointExtension>
        </extensions>
      </trkpt>
      <trkpt lat="43.1600383110344409942626953125" lon="10.537612326443195343017578125">
        <time>2026-08-01T07:17:46.000Z</time>
        <extensions>
          <ns3:TrackPointExtension>
            <ns3:atemp>27.0</ns3:atemp>
            <ns3:hr>142</ns3:hr>
            <ns3:cad>27</ns3:cad>
          </ns3:TrackPointExtension>
        </extensions>
      </trkpt>
      <trkpt lat="43.16003839485347270965576171875" lon="10.53760604001581668853759765625">
        <time>2026-08-01T07:17:47.000Z</time>
        <extensions>
          <ns3:TrackPointExtension>
            <ns3:atemp>27.0</ns3:atemp>
            <ns3:hr>141</ns3:hr>
            <ns3:cad>27</ns3:cad>
          </ns3:TrackPointExtension>
        </extensions>
      </trkpt>
      <trkpt lat="43.160038478672504425048828125" lon="10.53759992122650146484375">
        <time>2026-08-01T07:17:48.000Z</time>
        <extensions>
          <ns3:TrackPointExtension>
            <ns3:atemp>27.0</ns3:atemp>
            <ns3:hr>142</ns3:hr>
            <ns3:cad>27</ns3:cad>
          </ns3:TrackPointExtension>
        </extensions>
      </trkpt>
      <trkpt lat="43.16003873012959957122802734375" lon="10.537593550980091094970703125">
        <time>2026-08-01T07:17:49.000Z</time>
        <extensions>
          <ns3:TrackPointExtension>
            <ns3:atemp>27.0</ns3:atemp>
            <ns3:hr>142</ns3:hr>
            <ns3:cad>21</ns3:cad>
          </ns3:TrackPointExtension>
        </extensions>
      </trkpt>
      <trkpt lat="43.1600389815866947174072265625" lon="10.53758718073368072509765625">
        <time>2026-08-01T07:17:50.000Z</time>
        <extensions>
          <ns3:TrackPointExtension>
            <ns3:atemp>27.0</ns3:atemp>
            <ns3:hr>141</ns3:hr>
            <ns3:cad>21</ns3:cad>
          </ns3:TrackPointExtension>
        </extensions>
      </trkpt>
      <trkpt lat="43.16003923304378986358642578125" lon="10.537580810487270355224609375">
        <time>2026-08-01T07:17:51.000Z</time>
        <extensions>
          <ns3:TrackPointExtension>
            <ns3:atemp>27.0</ns3:atemp>
            <ns3:hr>141</ns3:hr>
            <ns3:cad>21</ns3:cad>
          </ns3:TrackPointExtension>
        </extensions>
      </trkpt>
      <trkpt lat="43.1600396521389484405517578125" lon="10.5375744402408599853515625">
        <time>2026-08-01T07:17:52.000Z</time>
        <extensions>
          <ns3:TrackPointExtension>
            <ns3:atemp>27.0</ns3:atemp>
            <ns3:hr>140</ns3:hr>
            <ns3:cad>21</ns3:cad>
          </ns3:TrackPointExtension>
        </extensions>
      </trkpt>
      <trkpt lat="43.16004007123410701751708984375" lon="10.53756798617541790008544921875">
        <time>2026-08-01T07:17:53.000Z</time>
        <extensions>
          <ns3:TrackPointExtension>
            <ns3:atemp>27.0</ns3:atemp>
            <ns3:hr>141</ns3:hr>
            <ns3:cad>21</ns3:cad>
          </ns3:TrackPointExtension>
        </extensions>
      </trkpt>
      <trkpt lat="43.160040490329265594482421875" lon="10.53756144829094409942626953125">
        <time>2026-08-01T07:17:54.000Z</time>
        <extensions>
          <ns3:TrackPointExtension>
            <ns3:atemp>27.0</ns3:atemp>
            <ns3:hr>141</ns3:hr>
            <ns3:cad>21</ns3:cad>
          </ns3:TrackPointExtension>
        </extensions>
      </trkpt>
      <trkpt lat="43.1600409932434558868408203125" lon="10.53755491040647029876708984375">
        <time>2026-08-01T07:17:55.000Z</time>
        <extensions>
          <ns3:TrackPointExtension>
            <ns3:atemp>27.0</ns3:atemp>
            <ns3:hr>140</ns3:hr>
            <ns3:cad>21</ns3:cad>
          </ns3:TrackPointExtension>
        </extensions>
      </trkpt>
      <trkpt lat="43.16004149615764617919921875" lon="10.53754828870296478271484375">
        <time>2026-08-01T07:17:56.000Z</time>
        <extensions>
          <ns3:TrackPointExtension>
            <ns3:atemp>27.0</ns3:atemp>
            <ns3:hr>140</ns3:hr>
            <ns3:cad>22</ns3:cad>
          </ns3:TrackPointExtension>
        </extensions>
      </trkpt>
      <trkpt lat="43.1600423343479633331298828125" lon="10.537541918456554412841796875">
        <time>2026-08-01T07:17:57.000Z</time>
        <extensions>
          <ns3:TrackPointExtension>
            <ns3:atemp>27.0</ns3:atemp>
            <ns3:hr>139</ns3:hr>
            <ns3:cad>22</ns3:cad>
          </ns3:TrackPointExtension>
        </extensions>
      </trkpt>
      <trkpt lat="43.16004308871924877166748046875" lon="10.53753554821014404296875">
        <time>2026-08-01T07:17:58.000Z</time>
        <extensions>
          <ns3:TrackPointExtension>
            <ns3:atemp>27.0</ns3:atemp>
            <ns3:hr>139</ns3:hr>
            <ns3:cad>21</ns3:cad>
          </ns3:TrackPointExtension>
        </extensions>
      </trkpt>
      <trkpt lat="43.1600440107285976409912109375" lon="10.537529177963733673095703125">
        <time>2026-08-01T07:17:59.000Z</time>
        <extensions>
          <ns3:TrackPointExtension>
            <ns3:atemp>27.0</ns3:atemp>
            <ns3:hr>139</ns3:hr>
            <ns3:cad>21</ns3:cad>
          </ns3:TrackPointExtension>
        </extensions>
      </trkpt>
      <trkpt lat="43.1600450165569782257080078125" lon="10.53752280771732330322265625">
        <time>2026-08-01T07:18:00.000Z</time>
        <extensions>
          <ns3:TrackPointExtension>
            <ns3:atemp>27.0</ns3:atemp>
            <ns3:hr>139</ns3:hr>
            <ns3:cad>21</ns3:cad>
          </ns3:TrackPointExtension>
        </extensions>
      </trkpt>
      <trkpt lat="43.1600460223853588104248046875" lon="10.537516437470912933349609375">
        <time>2026-08-01T07:18:01.000Z</time>
        <extensions>
          <ns3:TrackPointExtension>
            <ns3:atemp>27.0</ns3:atemp>
            <ns3:hr>139</ns3:hr>
            <ns3:cad>26</ns3:cad>
          </ns3:TrackPointExtension>
        </extensions>
      </trkpt>
      <trkpt lat="43.16004711203277111053466796875" lon="10.5375100672245025634765625">
        <time>2026-08-01T07:18:02.000Z</time>
        <extensions>
          <ns3:TrackPointExtension>
            <ns3:atemp>27.0</ns3:atemp>
            <ns3:hr>139</ns3:hr>
            <ns3:cad>26</ns3:cad>
          </ns3:TrackPointExtension>
        </extensions>
      </trkpt>
      <trkpt lat="43.1600483693182468414306640625" lon="10.53750378079712390899658203125">
        <time>2026-08-01T07:18:03.000Z</time>
        <extensions>
          <ns3:TrackPointExtension>
            <ns3:atemp>27.0</ns3:atemp>
            <ns3:hr>139</ns3:hr>
            <ns3:cad>26</ns3:cad>
          </ns3:TrackPointExtension>
        </extensions>
      </trkpt>
      <trkpt lat="43.1600497104227542877197265625" lon="10.5374974943697452545166015625">
        <time>2026-08-01T07:18:04.000Z</time>
        <extensions>
          <ns3:TrackPointExtension>
            <ns3:atemp>27.0</ns3:atemp>
            <ns3:hr>138</ns3:hr>
            <ns3:cad>26</ns3:cad>
          </ns3:TrackPointExtension>
        </extensions>
      </trkpt>
      <trkpt lat="43.16005113534629344940185546875" lon="10.53749120794236660003662109375">
        <time>2026-08-01T07:18:05.000Z</time>
        <extensions>
          <ns3:TrackPointExtension>
            <ns3:atemp>27.0</ns3:atemp>
            <ns3:hr>138</ns3:hr>
            <ns3:cad>26</ns3:cad>
          </ns3:TrackPointExtension>
        </extensions>
      </trkpt>
      <trkpt lat="43.160052560269832611083984375" lon="10.53748500533401966094970703125">
        <time>2026-08-01T07:18:06.000Z</time>
        <extensions>
          <ns3:TrackPointExtension>
            <ns3:atemp>27.0</ns3:atemp>
            <ns3:hr>138</ns3:hr>
            <ns3:cad>26</ns3:cad>
          </ns3:TrackPointExtension>
        </extensions>
      </trkpt>
      <trkpt lat="43.1600540690124034881591796875" lon="10.53747880272567272186279296875">
        <time>2026-08-01T07:18:07.000Z</time>
        <extensions>
          <ns3:TrackPointExtension>
            <ns3:atemp>27.0</ns3:atemp>
            <ns3:hr>139</ns3:hr>
            <ns3:cad>26</ns3:cad>
          </ns3:TrackPointExtension>
        </extensions>
      </trkpt>
      <trkpt lat="43.160055577754974365234375" lon="10.5374725162982940673828125">
        <time>2026-08-01T07:18:08.000Z</time>
        <extensions>
          <ns3:TrackPointExtension>
            <ns3:atemp>27.0</ns3:atemp>
            <ns3:hr>139</ns3:hr>
            <ns3:cad>26</ns3:cad>
          </ns3:TrackPointExtension>
        </extensions>
      </trkpt>
      <trkpt lat="43.1600570864975452423095703125" lon="10.53746622987091541290283203125">
        <time>2026-08-01T07:18:09.000Z</time>
        <extensions>
          <ns3:TrackPointExtension>
            <ns3:atemp>27.0</ns3:atemp>
            <ns3:hr>140</ns3:hr>
            <ns3:cad>26</ns3:cad>
          </ns3:TrackPointExtension>
        </extensions>
      </trkpt>
      <trkpt lat="43.160058595240116119384765625" lon="10.5374599434435367584228515625">
        <time>2026-08-01T07:18:10.000Z</time>
        <extensions>
          <ns3:TrackPointExtension>
            <ns3:atemp>27.0</ns3:atemp>
            <ns3:hr>140</ns3:hr>
            <ns3:cad>26</ns3:cad>
          </ns3:TrackPointExtension>
        </extensions>
      </trkpt>
      <trkpt lat="43.16006018780171871185302734375" lon="10.53745449520647525787353515625">
        <time>2026-08-01T07:18:11.000Z</time>
        <extensions>
          <ns3:TrackPointExtension>
            <ns3:atemp>27.0</ns3:atemp>
            <ns3:hr>141</ns3:hr>
            <ns3:cad>25</ns3:cad>
          </ns3:TrackPointExtension>
        </extensions>
      </trkpt>
      <trkpt lat="43.1600617803633213043212890625" lon="10.53744904696941375732421875">
        <time>2026-08-01T07:18:12.000Z</time>
        <extensions>
          <ns3:TrackPointExtension>
            <ns3:atemp>27.0</ns3:atemp>
            <ns3:hr>141</ns3:hr>
            <ns3:cad>25</ns3:cad>
          </ns3:TrackPointExtension>
        </extensions>
      </trkpt>
      <trkpt lat="43.1600634567439556121826171875" lon="10.53744393400847911834716796875">
        <time>2026-08-01T07:18:13.000Z</time>
        <extensions>
          <ns3:TrackPointExtension>
            <ns3:atemp>27.0</ns3:atemp>
            <ns3:hr>142</ns3:hr>
            <ns3:cad>24</ns3:cad>
          </ns3:TrackPointExtension>
        </extensions>
      </trkpt>
      <trkpt lat="43.16006521694362163543701171875" lon="10.53743898868560791015625">
        <time>2026-08-01T07:18:14.000Z</time>
        <extensions>
          <ns3:TrackPointExtension>
            <ns3:atemp>27.0</ns3:atemp>
            <ns3:hr>143</ns3:hr>
            <ns3:cad>24</ns3:cad>
          </ns3:TrackPointExtension>
        </extensions>
      </trkpt>
      <trkpt lat="43.16006697714328765869140625" lon="10.53743404336273670196533203125">
        <time>2026-08-01T07:18:15.000Z</time>
        <extensions>
          <ns3:TrackPointExtension>
            <ns3:atemp>27.0</ns3:atemp>
            <ns3:hr>143</ns3:hr>
            <ns3:cad>24</ns3:cad>
          </ns3:TrackPointExtension>
        </extensions>
      </trkpt>
      <trkpt lat="43.16006890498101711273193359375" lon="10.537429265677928924560546875">
        <time>2026-08-01T07:18:16.000Z</time>
        <extensions>
          <ns3:TrackPointExtension>
            <ns3:atemp>27.0</ns3:atemp>
            <ns3:hr>143</ns3:hr>
            <ns3:cad>24</ns3:cad>
          </ns3:TrackPointExtension>
        </extensions>
      </trkpt>
      <trkpt lat="43.16007091663777828216552734375" lon="10.537424571812152862548828125">
        <time>2026-08-01T07:18:17.000Z</time>
        <extensions>
          <ns3:TrackPointExtension>
            <ns3:atemp>27.0</ns3:atemp>
            <ns3:hr>143</ns3:hr>
            <ns3:cad>24</ns3:cad>
          </ns3:TrackPointExtension>
        </extensions>
      </trkpt>
      <trkpt lat="43.16007292829453945159912109375" lon="10.53741996176540851593017578125">
        <time>2026-08-01T07:18:18.000Z</time>
        <extensions>
          <ns3:TrackPointExtension>
            <ns3:atemp>27.0</ns3:atemp>
            <ns3:hr>143</ns3:hr>
            <ns3:cad>23</ns3:cad>
          </ns3:TrackPointExtension>
        </extensions>
      </trkpt>
      <trkpt lat="43.16007510758936405181884765625" lon="10.5374153517186641693115234375">
        <time>2026-08-01T07:18:19.000Z</time>
        <extensions>
          <ns3:TrackPointExtension>
            <ns3:atemp>27.0</ns3:atemp>
            <ns3:hr>143</ns3:hr>
            <ns3:cad>23</ns3:cad>
          </ns3:TrackPointExtension>
        </extensions>
      </trkpt>
      <trkpt lat="43.16007728688418865203857421875" lon="10.53741107694804668426513671875">
        <time>2026-08-01T07:18:20.000Z</time>
        <extensions>
          <ns3:TrackPointExtension>
            <ns3:atemp>27.0</ns3:atemp>
            <ns3:hr>142</ns3:hr>
            <ns3:cad>24</ns3:cad>
          </ns3:TrackPointExtension>
        </extensions>
      </trkpt>
      <trkpt lat="43.1600795499980449676513671875" lon="10.53740688599646091461181640625">
        <time>2026-08-01T07:18:21.000Z</time>
        <extensions>
          <ns3:TrackPointExtension>
            <ns3:atemp>27.0</ns3:atemp>
            <ns3:hr>142</ns3:hr>
            <ns3:cad>24</ns3:cad>
          </ns3:TrackPointExtension>
        </extensions>
      </trkpt>
      <trkpt lat="43.1600818969309329986572265625" lon="10.5374027788639068603515625">
        <time>2026-08-01T07:18:22.000Z</time>
        <extensions>
          <ns3:TrackPointExtension>
            <ns3:atemp>27.0</ns3:atemp>
            <ns3:hr>143</ns3:hr>
            <ns3:cad>26</ns3:cad>
          </ns3:TrackPointExtension>
        </extensions>
      </trkpt>
      <trkpt lat="43.16008466295897960662841796875" lon="10.53739850409328937530517578125">
        <time>2026-08-01T07:18:23.000Z</time>
        <extensions>
          <ns3:TrackPointExtension>
            <ns3:atemp>27.0</ns3:atemp>
            <ns3:hr>143</ns3:hr>
            <ns3:cad>26</ns3:cad>
          </ns3:TrackPointExtension>
        </extensions>
      </trkpt>
      <trkpt lat="43.160087428987026214599609375" lon="10.53739431314170360565185546875">
        <time>2026-08-01T07:18:24.000Z</time>
        <extensions>
          <ns3:TrackPointExtension>
            <ns3:atemp>27.0</ns3:atemp>
            <ns3:hr>143</ns3:hr>
            <ns3:cad>27</ns3:cad>
          </ns3:TrackPointExtension>
        </extensions>
      </trkpt>
      <trkpt lat="43.1600902788341045379638671875" lon="10.537390373647212982177734375">
        <time>2026-08-01T07:18:25.000Z</time>
        <extensions>
          <ns3:TrackPointExtension>
            <ns3:atemp>27.0</ns3:atemp>
            <ns3:hr>143</ns3:hr>
            <ns3:cad>27</ns3:cad>
          </ns3:TrackPointExtension>
        </extensions>
      </trkpt>
      <trkpt lat="43.160093128681182861328125" lon="10.53738660179078578948974609375">
        <time>2026-08-01T07:18:26.000Z</time>
        <extensions>
          <ns3:TrackPointExtension>
            <ns3:atemp>27.0</ns3:atemp>
            <ns3:hr>144</ns3:hr>
            <ns3:cad>28</ns3:cad>
          </ns3:TrackPointExtension>
        </extensions>
      </trkpt>
      <trkpt lat="43.16009622998535633087158203125" lon="10.5373828299343585968017578125">
        <time>2026-08-01T07:18:27.000Z</time>
        <extensions>
          <ns3:TrackPointExtension>
            <ns3:atemp>27.0</ns3:atemp>
            <ns3:hr>144</ns3:hr>
            <ns3:cad>28</ns3:cad>
          </ns3:TrackPointExtension>
        </extensions>
      </trkpt>
      <trkpt lat="43.16009924747049808502197265625" lon="10.53737922571599483489990234375">
        <time>2026-08-01T07:18:28.000Z</time>
        <extensions>
          <ns3:TrackPointExtension>
            <ns3:atemp>27.0</ns3:atemp>
            <ns3:hr>145</ns3:hr>
            <ns3:cad>28</ns3:cad>
          </ns3:TrackPointExtension>
        </extensions>
      </trkpt>
      <trkpt lat="43.16010226495563983917236328125" lon="10.53737570531666278839111328125">
        <time>2026-08-01T07:18:29.000Z</time>
        <extensions>
          <ns3:TrackPointExtension>
            <ns3:atemp>27.0</ns3:atemp>
            <ns3:hr>146</ns3:hr>
            <ns3:cad>29</ns3:cad>
          </ns3:TrackPointExtension>
        </extensions>
      </trkpt>
      <trkpt lat="43.16010528244078159332275390625" lon="10.5373724363744258880615234375">
        <time>2026-08-01T07:18:30.000Z</time>
        <extensions>
          <ns3:TrackPointExtension>
            <ns3:atemp>27.0</ns3:atemp>
            <ns3:hr>147</ns3:hr>
            <ns3:cad>29</ns3:cad>
          </ns3:TrackPointExtension>
        </extensions>
      </trkpt>
      <trkpt lat="43.1601083837449550628662109375" lon="10.537369251251220703125">
        <time>2026-08-01T07:18:31.000Z</time>
        <extensions>
          <ns3:TrackPointExtension>
            <ns3:atemp>27.0</ns3:atemp>
            <ns3:hr>147</ns3:hr>
            <ns3:cad>27</ns3:cad>
          </ns3:TrackPointExtension>
        </extensions>
      </trkpt>
      <trkpt lat="43.1601114012300968170166015625" lon="10.5373660661280155181884765625">
        <time>2026-08-01T07:18:32.000Z</time>
        <extensions>
          <ns3:TrackPointExtension>
            <ns3:atemp>27.0</ns3:atemp>
            <ns3:hr>146</ns3:hr>
            <ns3:cad>27</ns3:cad>
          </ns3:TrackPointExtension>
        </extensions>
      </trkpt>
      <trkpt lat="43.16011450253427028656005859375" lon="10.53736321628093719482421875">
        <time>2026-08-01T07:18:33.000Z</time>
        <extensions>
          <ns3:TrackPointExtension>
            <ns3:atemp>27.0</ns3:atemp>
            <ns3:hr>146</ns3:hr>
            <ns3:cad>28</ns3:cad>
          </ns3:TrackPointExtension>
        </extensions>
      </trkpt>
      <trkpt lat="43.160117603838443756103515625" lon="10.5373603664338588714599609375">
        <time>2026-08-01T07:18:34.000Z</time>
        <extensions>
          <ns3:TrackPointExtension>
            <ns3:atemp>27.0</ns3:atemp>
            <ns3:hr>146</ns3:hr>
            <ns3:cad>28</ns3:cad>
          </ns3:TrackPointExtension>
        </extensions>
      </trkpt>
      <trkpt lat="43.16012070514261722564697265625" lon="10.537357516586780548095703125">
        <time>2026-08-01T07:18:35.000Z</time>
        <extensions>
          <ns3:TrackPointExtension>
            <ns3:atemp>27.0</ns3:atemp>
            <ns3:hr>146</ns3:hr>
            <ns3:cad>27</ns3:cad>
          </ns3:TrackPointExtension>
        </extensions>
      </trkpt>
      <trkpt lat="43.16012389026582241058349609375" lon="10.537354834377765655517578125">
        <time>2026-08-01T07:18:36.000Z</time>
        <extensions>
          <ns3:TrackPointExtension>
            <ns3:atemp>27.0</ns3:atemp>
            <ns3:hr>146</ns3:hr>
            <ns3:cad>27</ns3:cad>
          </ns3:TrackPointExtension>
        </extensions>
      </trkpt>
      <trkpt lat="43.16012724302709102630615234375" lon="10.537352152168750762939453125">
        <time>2026-08-01T07:18:37.000Z</time>
        <extensions>
          <ns3:TrackPointExtension>
            <ns3:atemp>27.0</ns3:atemp>
            <ns3:hr>146</ns3:hr>
            <ns3:cad>28</ns3:cad>
          </ns3:TrackPointExtension>
        </extensions>
      </trkpt>
      <trkpt lat="43.16013059578835964202880859375" lon="10.53734955377876758575439453125">
        <time>2026-08-01T07:18:38.000Z</time>
        <extensions>
          <ns3:TrackPointExtension>
            <ns3:atemp>27.0</ns3:atemp>
            <ns3:hr>146</ns3:hr>
            <ns3:cad>28</ns3:cad>
          </ns3:TrackPointExtension>
        </extensions>
      </trkpt>
      <trkpt lat="43.16013403236865997314453125" lon="10.5373469553887844085693359375">
        <time>2026-08-01T07:18:39.000Z</time>
        <extensions>
          <ns3:TrackPointExtension>
            <ns3:atemp>27.0</ns3:atemp>
            <ns3:hr>145</ns3:hr>
            <ns3:cad>28</ns3:cad>
          </ns3:TrackPointExtension>
        </extensions>
      </trkpt>
      <trkpt lat="43.16013746894896030426025390625" lon="10.53734444081783294677734375">
        <time>2026-08-01T07:18:40.000Z</time>
        <extensions>
          <ns3:TrackPointExtension>
            <ns3:atemp>27.0</ns3:atemp>
            <ns3:hr>145</ns3:hr>
            <ns3:cad>27</ns3:cad>
          </ns3:TrackPointExtension>
        </extensions>
      </trkpt>
      <trkpt lat="43.1601409055292606353759765625" lon="10.53734201006591320037841796875">
        <time>2026-08-01T07:18:41.000Z</time>
        <extensions>
          <ns3:TrackPointExtension>
            <ns3:atemp>27.0</ns3:atemp>
            <ns3:hr>146</ns3:hr>
            <ns3:cad>27</ns3:cad>
          </ns3:TrackPointExtension>
        </extensions>
      </trkpt>
      <trkpt lat="43.16014417447149753570556640625" lon="10.5373395793139934539794921875">
        <time>2026-08-01T07:18:42.000Z</time>
        <extensions>
          <ns3:TrackPointExtension>
            <ns3:atemp>27.0</ns3:atemp>
            <ns3:hr>146</ns3:hr>
            <ns3:cad>27</ns3:cad>
          </ns3:TrackPointExtension>
        </extensions>
      </trkpt>
      <trkpt lat="43.16014752723276615142822265625" lon="10.53733731620013713836669921875">
        <time>2026-08-01T07:18:43.000Z</time>
        <extensions>
          <ns3:TrackPointExtension>
            <ns3:atemp>27.0</ns3:atemp>
            <ns3:hr>147</ns3:hr>
            <ns3:cad>27</ns3:cad>
          </ns3:TrackPointExtension>
        </extensions>
      </trkpt>
      <trkpt lat="43.1601506285369396209716796875" lon="10.53733505308628082275390625">
        <time>2026-08-01T07:18:44.000Z</time>
        <extensions>
          <ns3:TrackPointExtension>
            <ns3:atemp>27.0</ns3:atemp>
            <ns3:hr>147</ns3:hr>
            <ns3:cad>27</ns3:cad>
          </ns3:TrackPointExtension>
        </extensions>
      </trkpt>
      <trkpt lat="43.16015372984111309051513671875" lon="10.53733278997242450714111328125">
        <time>2026-08-01T07:18:45.000Z</time>
        <extensions>
          <ns3:TrackPointExtension>
            <ns3:atemp>27.0</ns3:atemp>
            <ns3:hr>147</ns3:hr>
            <ns3:cad>27</ns3:cad>
          </ns3:TrackPointExtension>
        </extensions>
      </trkpt>
      <trkpt lat="43.1601566635072231292724609375" lon="10.537330694496631622314453125">
        <time>2026-08-01T07:18:46.000Z</time>
        <extensions>
          <ns3:TrackPointExtension>
            <ns3:atemp>27.0</ns3:atemp>
            <ns3:hr>146</ns3:hr>
            <ns3:cad>27</ns3:cad>
          </ns3:TrackPointExtension>
        </extensions>
      </trkpt>
      <trkpt lat="43.16015951335430145263671875" lon="10.53732859902083873748779296875">
        <time>2026-08-01T07:18:47.000Z</time>
        <extensions>
          <ns3:TrackPointExtension>
            <ns3:atemp>27.0</ns3:atemp>
            <ns3:hr>145</ns3:hr>
            <ns3:cad>26</ns3:cad>
          </ns3:TrackPointExtension>
        </extensions>
      </trkpt>
      <trkpt lat="43.1601623632013797760009765625" lon="10.5373265035450458526611328125">
        <time>2026-08-01T07:18:48.000Z</time>
        <extensions>
          <ns3:TrackPointExtension>
            <ns3:atemp>27.0</ns3:atemp>
            <ns3:hr>144</ns3:hr>
            <ns3:cad>26</ns3:cad>
          </ns3:TrackPointExtension>
        </extensions>
      </trkpt>
      <trkpt lat="43.16016512922942638397216796875" lon="10.5373244918882846832275390625">
        <time>2026-08-01T07:18:49.000Z</time>
        <extensions>
          <ns3:TrackPointExtension>
            <ns3:atemp>27.0</ns3:atemp>
            <ns3:hr>144</ns3:hr>
            <ns3:cad>26</ns3:cad>
          </ns3:TrackPointExtension>
        </extensions>
      </trkpt>
      <trkpt lat="43.160167895257472991943359375" lon="10.5373224802315235137939453125">
        <time>2026-08-01T07:18:50.000Z</time>
        <extensions>
          <ns3:TrackPointExtension>
            <ns3:atemp>27.0</ns3:atemp>
            <ns3:hr>144</ns3:hr>
            <ns3:cad>26</ns3:cad>
          </ns3:TrackPointExtension>
        </extensions>
      </trkpt>
      <trkpt lat="43.160170577466487884521484375" lon="10.537320636212825775146484375">
        <time>2026-08-01T07:18:51.000Z</time>
        <extensions>
          <ns3:TrackPointExtension>
            <ns3:atemp>27.0</ns3:atemp>
            <ns3:hr>144</ns3:hr>
            <ns3:cad>26</ns3:cad>
          </ns3:TrackPointExtension>
        </extensions>
      </trkpt>
      <trkpt lat="43.16017317585647106170654296875" lon="10.53731870837509632110595703125">
        <time>2026-08-01T07:18:52.000Z</time>
        <extensions>
          <ns3:TrackPointExtension>
            <ns3:atemp>27.0</ns3:atemp>
            <ns3:hr>144</ns3:hr>
            <ns3:cad>26</ns3:cad>
          </ns3:TrackPointExtension>
        </extensions>
      </trkpt>
      <trkpt lat="43.1601757742464542388916015625" lon="10.5373169481754302978515625">
        <time>2026-08-01T07:18:53.000Z</time>
        <extensions>
          <ns3:TrackPointExtension>
            <ns3:atemp>27.0</ns3:atemp>
            <ns3:hr>143</ns3:hr>
            <ns3:cad>26</ns3:cad>
          </ns3:TrackPointExtension>
        </extensions>
      </trkpt>
      <trkpt lat="43.16017828881740570068359375" lon="10.53731518797576427459716796875">
        <time>2026-08-01T07:18:54.000Z</time>
        <extensions>
          <ns3:TrackPointExtension>
            <ns3:atemp>27.0</ns3:atemp>
            <ns3:hr>143</ns3:hr>
            <ns3:cad>26</ns3:cad>
          </ns3:TrackPointExtension>
        </extensions>
      </trkpt>
      <trkpt lat="43.160180635750293731689453125" lon="10.5373134277760982513427734375">
        <time>2026-08-01T07:18:55.000Z</time>
        <extensions>
          <ns3:TrackPointExtension>
            <ns3:atemp>27.0</ns3:atemp>
            <ns3:hr>142</ns3:hr>
            <ns3:cad>26</ns3:cad>
          </ns3:TrackPointExtension>
        </extensions>
      </trkpt>
      <trkpt lat="43.1601829826831817626953125" lon="10.53731183521449565887451171875">
        <time>2026-08-01T07:18:56.000Z</time>
        <extensions>
          <ns3:TrackPointExtension>
            <ns3:atemp>27.0</ns3:atemp>
            <ns3:hr>143</ns3:hr>
            <ns3:cad>26</ns3:cad>
          </ns3:TrackPointExtension>
        </extensions>
      </trkpt>
      <trkpt lat="43.16018524579703807830810546875" lon="10.53731015883386135101318359375">
        <time>2026-08-01T07:18:57.000Z</time>
        <extensions>
          <ns3:TrackPointExtension>
            <ns3:atemp>27.0</ns3:atemp>
            <ns3:hr>143</ns3:hr>
            <ns3:cad>19</ns3:cad>
          </ns3:TrackPointExtension>
        </extensions>
      </trkpt>
      <trkpt lat="43.160187341272830963134765625" lon="10.537308566272258758544921875">
        <time>2026-08-01T07:18:58.000Z</time>
        <extensions>
          <ns3:TrackPointExtension>
            <ns3:atemp>27.0</ns3:atemp>
            <ns3:hr>143</ns3:hr>
            <ns3:cad>19</ns3:cad>
          </ns3:TrackPointExtension>
        </extensions>
      </trkpt>
      <trkpt lat="43.16018943674862384796142578125" lon="10.5373073928058147430419921875">
        <time>2026-08-01T07:18:59.000Z</time>
        <extensions>
          <ns3:TrackPointExtension>
            <ns3:atemp>27.0</ns3:atemp>
            <ns3:hr>143</ns3:hr>
            <ns3:cad>20</ns3:cad>
          </ns3:TrackPointExtension>
        </extensions>
      </trkpt>
      <trkpt lat="43.16019144840538501739501953125" lon="10.53730613552033901214599609375">
        <time>2026-08-01T07:19:00.000Z</time>
        <extensions>
          <ns3:TrackPointExtension>
            <ns3:atemp>27.0</ns3:atemp>
            <ns3:hr>142</ns3:hr>
            <ns3:cad>20</ns3:cad>
          </ns3:TrackPointExtension>
        </extensions>
      </trkpt>
      <trkpt lat="43.16019329242408275604248046875" lon="10.53730496205389499664306640625">
        <time>2026-08-01T07:19:01.000Z</time>
        <extensions>
          <ns3:TrackPointExtension>
            <ns3:atemp>27.0</ns3:atemp>
            <ns3:hr>142</ns3:hr>
            <ns3:cad>22</ns3:cad>
          </ns3:TrackPointExtension>
        </extensions>
      </trkpt>
      <trkpt lat="43.160195052623748779296875" lon="10.537303872406482696533203125">
        <time>2026-08-01T07:19:02.000Z</time>
        <extensions>
          <ns3:TrackPointExtension>
            <ns3:atemp>27.0</ns3:atemp>
            <ns3:hr>141</ns3:hr>
            <ns3:cad>23</ns3:cad>
          </ns3:TrackPointExtension>
        </extensions>
      </trkpt>
      <trkpt lat="43.16019681282341480255126953125" lon="10.53730278275907039642333984375">
        <time>2026-08-01T07:19:03.000Z</time>
        <extensions>
          <ns3:TrackPointExtension>
            <ns3:atemp>27.0</ns3:atemp>
            <ns3:hr>141</ns3:hr>
            <ns3:cad>23</ns3:cad>
          </ns3:TrackPointExtension>
        </extensions>
      </trkpt>
      <trkpt lat="43.16027753055095672607421875" lon="10.53729490377008914947509765625">
        <time>2026-08-01T07:19:28.000Z</time>
        <extensions>
          <ns3:TrackPointExtension>
            <ns3:atemp>27.0</ns3:atemp>
            <ns3:hr>139</ns3:hr>
            <ns3:cad>31</ns3:cad>
          </ns3:TrackPointExtension>
        </extensions>
      </trkpt>
      <trkpt lat="43.16027753055095672607421875" lon="10.53729490377008914947509765625">
        <time>2026-08-01T07:19:29.000Z</time>
        <extensions>
          <ns3:TrackPointExtension>
            <ns3:atemp>27.0</ns3:atemp>
            <ns3:hr>140</ns3:hr>
            <ns3:cad>31</ns3:cad>
          </ns3:TrackPointExtension>
        </extensions>
      </trkpt>
      <trkpt lat="43.16028582863509654998779296875" lon="10.53729557432234287261962890625">
        <time>2026-08-01T07:19:30.000Z</time>
        <extensions>
          <ns3:TrackPointExtension>
            <ns3:atemp>27.0</ns3:atemp>
            <ns3:hr>139</ns3:hr>
            <ns3:cad>31</ns3:cad>
          </ns3:TrackPointExtension>
        </extensions>
      </trkpt>
      <trkpt lat="43.160293959081172943115234375" lon="10.5372963286936283111572265625">
        <time>2026-08-01T07:19:31.000Z</time>
        <extensions>
          <ns3:TrackPointExtension>
            <ns3:atemp>27.0</ns3:atemp>
            <ns3:hr>138</ns3:hr>
            <ns3:cad>30</ns3:cad>
          </ns3:TrackPointExtension>
        </extensions>
      </trkpt>
      <trkpt lat="43.1603015027940273284912109375" lon="10.537296496331691741943359375">
        <time>2026-08-01T07:19:32.000Z</time>
        <extensions>
          <ns3:TrackPointExtension>
            <ns3:atemp>27.0</ns3:atemp>
            <ns3:hr>138</ns3:hr>
            <ns3:cad>30</ns3:cad>
          </ns3:TrackPointExtension>
        </extensions>
      </trkpt>
      <trkpt lat="43.16030879504978656768798828125" lon="10.53729616105556488037109375">
        <time>2026-08-01T07:19:33.000Z</time>
        <extensions>
          <ns3:TrackPointExtension>
            <ns3:atemp>27.0</ns3:atemp>
            <ns3:hr>138</ns3:hr>
            <ns3:cad>30</ns3:cad>
          </ns3:TrackPointExtension>
        </extensions>
      </trkpt>
      <trkpt lat="43.16031566821038722991943359375" lon="10.537295825779438018798828125">
        <time>2026-08-01T07:19:34.000Z</time>
        <extensions>
          <ns3:TrackPointExtension>
            <ns3:atemp>27.0</ns3:atemp>
            <ns3:hr>138</ns3:hr>
            <ns3:cad>30</ns3:cad>
          </ns3:TrackPointExtension>
        </extensions>
      </trkpt>
      <trkpt lat="43.1603216193616390228271484375" lon="10.53729574196040630340576171875">
        <time>2026-08-01T07:19:35.000Z</time>
        <extensions>
          <ns3:TrackPointExtension>
            <ns3:atemp>27.0</ns3:atemp>
            <ns3:hr>138</ns3:hr>
            <ns3:cad>30</ns3:cad>
          </ns3:TrackPointExtension>
        </extensions>
      </trkpt>
      <trkpt lat="43.16032723523676395416259765625" lon="10.5372959934175014495849609375">
        <time>2026-08-01T07:19:36.000Z</time>
        <extensions>
          <ns3:TrackPointExtension>
            <ns3:atemp>27.0</ns3:atemp>
            <ns3:hr>139</ns3:hr>
            <ns3:cad>29</ns3:cad>
          </ns3:TrackPointExtension>
        </extensions>
      </trkpt>
      <trkpt lat="43.16033310256898403167724609375" lon="10.53729574196040630340576171875">
        <time>2026-08-01T07:19:37.000Z</time>
        <extensions>
          <ns3:TrackPointExtension>
            <ns3:atemp>27.0</ns3:atemp>
            <ns3:hr>139</ns3:hr>
            <ns3:cad>29</ns3:cad>
          </ns3:TrackPointExtension>
        </extensions>
      </trkpt>
      <trkpt lat="43.160338886082172393798828125" lon="10.53729540668427944183349609375">
        <time>2026-08-01T07:19:38.000Z</time>
        <extensions>
          <ns3:TrackPointExtension>
            <ns3:atemp>27.0</ns3:atemp>
            <ns3:hr>139</ns3:hr>
            <ns3:cad>28</ns3:cad>
          </ns3:TrackPointExtension>
        </extensions>
      </trkpt>
      <trkpt lat="43.1603447534143924713134765625" lon="10.537295155227184295654296875">
        <time>2026-08-01T07:19:39.000Z</time>
        <extensions>
          <ns3:TrackPointExtension>
            <ns3:atemp>27.0</ns3:atemp>
            <ns3:hr>139</ns3:hr>
            <ns3:cad>28</ns3:cad>
          </ns3:TrackPointExtension>
        </extensions>
      </trkpt>
      <trkpt lat="43.1603507883846759796142578125" lon="10.53729490377008914947509765625">
        <time>2026-08-01T07:19:40.000Z</time>
        <extensions>
          <ns3:TrackPointExtension>
            <ns3:atemp>27.0</ns3:atemp>
            <ns3:hr>140</ns3:hr>
            <ns3:cad>28</ns3:cad>
          </ns3:TrackPointExtension>
        </extensions>
      </trkpt>
      <trkpt lat="43.16035673953592777252197265625" lon="10.53729481995105743408203125">
        <time>2026-08-01T07:19:41.000Z</time>
        <extensions>
          <ns3:TrackPointExtension>
            <ns3:atemp>27.0</ns3:atemp>
            <ns3:hr>140</ns3:hr>
            <ns3:cad>28</ns3:cad>
          </ns3:TrackPointExtension>
        </extensions>
      </trkpt>
      <trkpt lat="43.16036277450621128082275390625" lon="10.53729490377008914947509765625">
        <time>2026-08-01T07:19:42.000Z</time>
        <extensions>
          <ns3:TrackPointExtension>
            <ns3:atemp>27.0</ns3:atemp>
            <ns3:hr>141</ns3:hr>
            <ns3:cad>23</ns3:cad>
          </ns3:TrackPointExtension>
        </extensions>
      </trkpt>
      <trkpt lat="43.16036872565746307373046875" lon="10.5372949875891208648681640625">
        <time>2026-08-01T07:19:43.000Z</time>
        <extensions>
          <ns3:TrackPointExtension>
            <ns3:atemp>27.0</ns3:atemp>
            <ns3:hr>141</ns3:hr>
            <ns3:cad>23</ns3:cad>
          </ns3:TrackPointExtension>
        </extensions>
      </trkpt>
      <trkpt lat="43.16037476062774658203125" lon="10.537295155227184295654296875">
        <time>2026-08-01T07:19:44.000Z</time>
        <extensions>
          <ns3:TrackPointExtension>
            <ns3:atemp>27.0</ns3:atemp>
            <ns3:hr>142</ns3:hr>
            <ns3:cad>23</ns3:cad>
          </ns3:TrackPointExtension>
        </extensions>
      </trkpt>
      <trkpt lat="43.16038104705512523651123046875" lon="10.53729557432234287261962890625">
        <time>2026-08-01T07:19:45.000Z</time>
        <extensions>
          <ns3:TrackPointExtension>
            <ns3:atemp>27.0</ns3:atemp>
            <ns3:hr>143</ns3:hr>
            <ns3:cad>25</ns3:cad>
          </ns3:TrackPointExtension>
        </extensions>
      </trkpt>
      <trkpt lat="43.1603873334825038909912109375" lon="10.53729607723653316497802734375">
        <time>2026-08-01T07:19:46.000Z</time>
        <extensions>
          <ns3:TrackPointExtension>
            <ns3:atemp>27.0</ns3:atemp>
            <ns3:hr>143</ns3:hr>
            <ns3:cad>25</ns3:cad>
          </ns3:TrackPointExtension>
        </extensions>
      </trkpt>
      <trkpt lat="43.16039395518600940704345703125" lon="10.53729641251266002655029296875">
        <time>2026-08-01T07:19:47.000Z</time>
        <extensions>
          <ns3:TrackPointExtension>
            <ns3:atemp>27.0</ns3:atemp>
            <ns3:hr>142</ns3:hr>
            <ns3:cad>27</ns3:cad>
          </ns3:TrackPointExtension>
        </extensions>
      </trkpt>
      <trkpt lat="43.1603997386991977691650390625" lon="10.537297166883945465087890625">
        <time>2026-08-01T07:19:48.000Z</time>
        <extensions>
          <ns3:TrackPointExtension>
            <ns3:atemp>27.0</ns3:atemp>
            <ns3:hr>143</ns3:hr>
            <ns3:cad>29</ns3:cad>
          </ns3:TrackPointExtension>
        </extensions>
      </trkpt>
      <trkpt lat="43.1604054383933544158935546875" lon="10.5372980050742626190185546875">
        <time>2026-08-01T07:19:49.000Z</time>
        <extensions>
          <ns3:TrackPointExtension>
            <ns3:atemp>27.0</ns3:atemp>
            <ns3:hr>143</ns3:hr>
            <ns3:cad>29</ns3:cad>
          </ns3:TrackPointExtension>
        </extensions>
      </trkpt>
      <trkpt lat="43.1604222021996974945068359375" lon="10.5373003520071506500244140625">
        <time>2026-08-01T07:19:52.000Z</time>
        <extensions>
          <ns3:TrackPointExtension>
            <ns3:atemp>27.0</ns3:atemp>
            <ns3:hr>143</ns3:hr>
            <ns3:cad>29</ns3:cad>
          </ns3:TrackPointExtension>
        </extensions>
      </trkpt>
      <trkpt lat="43.1604272313416004180908203125" lon="10.5373008549213409423828125">
        <time>2026-08-01T07:19:53.000Z</time>
        <extensions>
          <ns3:TrackPointExtension>
            <ns3:atemp>27.0</ns3:atemp>
            <ns3:hr>144</ns3:hr>
            <ns3:cad>29</ns3:cad>
          </ns3:TrackPointExtension>
        </extensions>
      </trkpt>
      <trkpt lat="43.160432092845439910888671875" lon="10.53730127401649951934814453125">
        <time>2026-08-01T07:19:54.000Z</time>
        <extensions>
          <ns3:TrackPointExtension>
            <ns3:atemp>27.0</ns3:atemp>
            <ns3:hr>143</ns3:hr>
            <ns3:cad>25</ns3:cad>
          </ns3:TrackPointExtension>
        </extensions>
      </trkpt>
      <trkpt lat="43.1604362837970256805419921875" lon="10.53730194456875324249267578125">
        <time>2026-08-01T07:19:55.000Z</time>
        <extensions>
          <ns3:TrackPointExtension>
            <ns3:atemp>27.0</ns3:atemp>
            <ns3:hr>142</ns3:hr>
            <ns3:cad>27</ns3:cad>
          </ns3:TrackPointExtension>
        </extensions>
      </trkpt>
      <trkpt lat="43.1604404747486114501953125" lon="10.537302531301975250244140625">
        <time>2026-08-01T07:19:56.000Z</time>
        <extensions>
          <ns3:TrackPointExtension>
            <ns3:atemp>27.0</ns3:atemp>
            <ns3:hr>142</ns3:hr>
            <ns3:cad>27</ns3:cad>
          </ns3:TrackPointExtension>
        </extensions>
      </trkpt>
      <trkpt lat="43.1604444980621337890625" lon="10.53730311803519725799560546875">
        <time>2026-08-01T07:19:57.000Z</time>
        <extensions>
          <ns3:TrackPointExtension>
            <ns3:atemp>27.0</ns3:atemp>
            <ns3:hr>142</ns3:hr>
            <ns3:cad>27</ns3:cad>
          </ns3:TrackPointExtension>
        </extensions>
      </trkpt>
      <trkpt lat="43.1604485213756561279296875" lon="10.53730378858745098114013671875">
        <time>2026-08-01T07:19:58.000Z</time>
        <extensions>
          <ns3:TrackPointExtension>
            <ns3:atemp>27.0</ns3:atemp>
            <ns3:hr>142</ns3:hr>
            <ns3:cad>27</ns3:cad>
          </ns3:TrackPointExtension>
        </extensions>
      </trkpt>
      <trkpt lat="43.16045246087014675140380859375" lon="10.53730445913970470428466796875">
        <time>2026-08-01T07:19:59.000Z</time>
        <extensions>
          <ns3:TrackPointExtension>
            <ns3:atemp>27.0</ns3:atemp>
            <ns3:hr>142</ns3:hr>
            <ns3:cad>27</ns3:cad>
          </ns3:TrackPointExtension>
        </extensions>
      </trkpt>
      <trkpt lat="43.16045648418366909027099609375" lon="10.53730529733002185821533203125">
        <time>2026-08-01T07:20:00.000Z</time>
        <extensions>
          <ns3:TrackPointExtension>
            <ns3:atemp>27.0</ns3:atemp>
            <ns3:hr>141</ns3:hr>
            <ns3:cad>23</ns3:cad>
          </ns3:TrackPointExtension>
        </extensions>
      </trkpt>
      <trkpt lat="43.16046033985912799835205078125" lon="10.5373060517013072967529296875">
        <time>2026-08-01T07:20:01.000Z</time>
        <extensions>
          <ns3:TrackPointExtension>
            <ns3:atemp>27.0</ns3:atemp>
            <ns3:hr>141</ns3:hr>
            <ns3:cad>23</ns3:cad>
          </ns3:TrackPointExtension>
        </extensions>
      </trkpt>
      <trkpt lat="43.1604641117155551910400390625" lon="10.53730680607259273529052734375">
        <time>2026-08-01T07:20:02.000Z</time>
        <extensions>
          <ns3:TrackPointExtension>
            <ns3:atemp>27.0</ns3:atemp>
            <ns3:hr>141</ns3:hr>
            <ns3:cad>22</ns3:cad>
          </ns3:TrackPointExtension>
        </extensions>
      </trkpt>
      <trkpt lat="43.1604677997529506683349609375" lon="10.53730764426290988922119140625">
        <time>2026-08-01T07:20:03.000Z</time>
        <extensions>
          <ns3:TrackPointExtension>
            <ns3:atemp>27.0</ns3:atemp>
            <ns3:hr>141</ns3:hr>
            <ns3:cad>22</ns3:cad>
          </ns3:TrackPointExtension>
        </extensions>
      </trkpt>
      <trkpt lat="43.16047173924744129180908203125" lon="10.53730865009129047393798828125">
        <time>2026-08-01T07:20:04.000Z</time>
        <extensions>
          <ns3:TrackPointExtension>
            <ns3:atemp>27.0</ns3:atemp>
            <ns3:hr>141</ns3:hr>
            <ns3:cad>30</ns3:cad>
          </ns3:TrackPointExtension>
        </extensions>
      </trkpt>
      <trkpt lat="43.16047542728483676910400390625" lon="10.53730965591967105865478515625">
        <time>2026-08-01T07:20:05.000Z</time>
        <extensions>
          <ns3:TrackPointExtension>
            <ns3:atemp>27.0</ns3:atemp>
            <ns3:hr>142</ns3:hr>
            <ns3:cad>30</ns3:cad>
          </ns3:TrackPointExtension>
        </extensions>
      </trkpt>
      <trkpt lat="43.16047894768416881561279296875" lon="10.53731066174805164337158203125">
        <time>2026-08-01T07:20:06.000Z</time>
        <extensions>
          <ns3:TrackPointExtension>
            <ns3:atemp>27.0</ns3:atemp>
            <ns3:hr>142</ns3:hr>
            <ns3:cad>27</ns3:cad>
          </ns3:TrackPointExtension>
        </extensions>
      </trkpt>
      <trkpt lat="43.1604825519025325775146484375" lon="10.5373117513954639434814453125">
        <time>2026-08-01T07:20:07.000Z</time>
        <extensions>
          <ns3:TrackPointExtension>
            <ns3:atemp>27.0</ns3:atemp>
            <ns3:hr>142</ns3:hr>
            <ns3:cad>27</ns3:cad>
          </ns3:TrackPointExtension>
        </extensions>
      </trkpt>
      <trkpt lat="43.1604860723018646240234375" lon="10.53731284104287624359130859375">
        <time>2026-08-01T07:20:08.000Z</time>
        <extensions>
          <ns3:TrackPointExtension>
            <ns3:atemp>27.0</ns3:atemp>
            <ns3:hr>141</ns3:hr>
            <ns3:cad>25</ns3:cad>
          </ns3:TrackPointExtension>
        </extensions>
      </trkpt>
      <trkpt lat="43.1604895927011966705322265625" lon="10.53731384687125682830810546875">
        <time>2026-08-01T07:20:09.000Z</time>
        <extensions>
          <ns3:TrackPointExtension>
            <ns3:atemp>27.0</ns3:atemp>
            <ns3:hr>141</ns3:hr>
            <ns3:cad>25</ns3:cad>
          </ns3:TrackPointExtension>
        </extensions>
      </trkpt>
      <trkpt lat="43.160493113100528717041015625" lon="10.53731493651866912841796875">
        <time>2026-08-01T07:20:10.000Z</time>
        <extensions>
          <ns3:TrackPointExtension>
            <ns3:atemp>27.0</ns3:atemp>
            <ns3:hr>141</ns3:hr>
            <ns3:cad>25</ns3:cad>
          </ns3:TrackPointExtension>
        </extensions>
      </trkpt>
      <trkpt lat="43.16049654968082904815673828125" lon="10.53731652908027172088623046875">
        <time>2026-08-01T07:20:11.000Z</time>
        <extensions>
          <ns3:TrackPointExtension>
            <ns3:atemp>27.0</ns3:atemp>
            <ns3:hr>141</ns3:hr>
            <ns3:cad>27</ns3:cad>
          </ns3:TrackPointExtension>
        </extensions>
      </trkpt>
      <trkpt lat="43.16050007008016109466552734375" lon="10.53731820546090602874755859375">
        <time>2026-08-01T07:20:12.000Z</time>
        <extensions>
          <ns3:TrackPointExtension>
            <ns3:atemp>27.0</ns3:atemp>
            <ns3:hr>141</ns3:hr>
            <ns3:cad>27</ns3:cad>
          </ns3:TrackPointExtension>
        </extensions>
      </trkpt>
      <trkpt lat="43.16050350666046142578125" lon="10.5373197980225086212158203125">
        <time>2026-08-01T07:20:13.000Z</time>
        <extensions>
          <ns3:TrackPointExtension>
            <ns3:atemp>27.0</ns3:atemp>
            <ns3:hr>141</ns3:hr>
            <ns3:cad>26</ns3:cad>
          </ns3:TrackPointExtension>
        </extensions>
      </trkpt>
      <trkpt lat="43.16050711087882518768310546875" lon="10.53732139058411121368408203125">
        <time>2026-08-01T07:20:14.000Z</time>
        <extensions>
          <ns3:TrackPointExtension>
            <ns3:atemp>27.0</ns3:atemp>
            <ns3:hr>142</ns3:hr>
            <ns3:cad>26</ns3:cad>
          </ns3:TrackPointExtension>
        </extensions>
      </trkpt>
      <trkpt lat="43.16051063127815723419189453125" lon="10.53732306696474552154541015625">
        <time>2026-08-01T07:20:15.000Z</time>
        <extensions>
          <ns3:TrackPointExtension>
            <ns3:atemp>27.0</ns3:atemp>
            <ns3:hr>142</ns3:hr>
            <ns3:cad>26</ns3:cad>
          </ns3:TrackPointExtension>
        </extensions>
      </trkpt>
      <trkpt lat="43.1605144031345844268798828125" lon="10.53732474334537982940673828125">
        <time>2026-08-01T07:20:16.000Z</time>
        <extensions>
          <ns3:TrackPointExtension>
            <ns3:atemp>27.0</ns3:atemp>
            <ns3:hr>142</ns3:hr>
            <ns3:cad>26</ns3:cad>
          </ns3:TrackPointExtension>
        </extensions>
      </trkpt>
      <trkpt lat="43.160518594086170196533203125" lon="10.53732608444988727569580078125">
        <time>2026-08-01T07:20:17.000Z</time>
        <extensions>
          <ns3:TrackPointExtension>
            <ns3:atemp>27.0</ns3:atemp>
            <ns3:hr>142</ns3:hr>
            <ns3:cad>24</ns3:cad>
          </ns3:TrackPointExtension>
        </extensions>
      </trkpt>
      <trkpt lat="43.16052270121872425079345703125" lon="10.537328012287616729736328125">
        <time>2026-08-01T07:20:18.000Z</time>
        <extensions>
          <ns3:TrackPointExtension>
            <ns3:atemp>27.0</ns3:atemp>
            <ns3:hr>143</ns3:hr>
            <ns3:cad>24</ns3:cad>
          </ns3:TrackPointExtension>
        </extensions>
      </trkpt>
      <trkpt lat="43.1605268083512783050537109375" lon="10.537330023944377899169921875">
        <time>2026-08-01T07:20:19.000Z</time>
        <extensions>
          <ns3:TrackPointExtension>
            <ns3:atemp>27.0</ns3:atemp>
            <ns3:hr>143</ns3:hr>
            <ns3:cad>23</ns3:cad>
          </ns3:TrackPointExtension>
        </extensions>
      </trkpt>
      <trkpt lat="43.16053099930286407470703125" lon="10.53733211942017078399658203125">
        <time>2026-08-01T07:20:20.000Z</time>
        <extensions>
          <ns3:TrackPointExtension>
            <ns3:atemp>27.0</ns3:atemp>
            <ns3:hr>143</ns3:hr>
            <ns3:cad>23</ns3:cad>
          </ns3:TrackPointExtension>
        </extensions>
      </trkpt>
      <trkpt lat="43.1605351902544498443603515625" lon="10.537334382534027099609375">
        <time>2026-08-01T07:20:21.000Z</time>
        <extensions>
          <ns3:TrackPointExtension>
            <ns3:atemp>27.0</ns3:atemp>
            <ns3:hr>143</ns3:hr>
            <ns3:cad>23</ns3:cad>
          </ns3:TrackPointExtension>
        </extensions>
      </trkpt>
      <trkpt lat="43.1605395488440990447998046875" lon="10.5373365618288516998291015625">
        <time>2026-08-01T07:20:22.000Z</time>
        <extensions>
          <ns3:TrackPointExtension>
            <ns3:atemp>27.0</ns3:atemp>
            <ns3:hr>143</ns3:hr>
            <ns3:cad>23</ns3:cad>
          </ns3:TrackPointExtension>
        </extensions>
      </trkpt>
      <trkpt lat="43.1605442427098751068115234375" lon="10.53733882494270801544189453125">
        <time>2026-08-01T07:20:23.000Z</time>
        <extensions>
          <ns3:TrackPointExtension>
            <ns3:atemp>27.0</ns3:atemp>
            <ns3:hr>143</ns3:hr>
            <ns3:cad>23</ns3:cad>
          </ns3:TrackPointExtension>
        </extensions>
      </trkpt>
      <trkpt lat="43.16054902039468288421630859375" lon="10.53734100423753261566162109375">
        <time>2026-08-01T07:20:24.000Z</time>
        <extensions>
          <ns3:TrackPointExtension>
            <ns3:atemp>27.0</ns3:atemp>
            <ns3:hr>143</ns3:hr>
            <ns3:cad>24</ns3:cad>
          </ns3:TrackPointExtension>
        </extensions>
      </trkpt>
      <trkpt lat="43.16055388189852237701416015625" lon="10.53734335117042064666748046875">
        <time>2026-08-01T07:20:25.000Z</time>
        <extensions>
          <ns3:TrackPointExtension>
            <ns3:atemp>27.0</ns3:atemp>
            <ns3:hr>144</ns3:hr>
            <ns3:cad>24</ns3:cad>
          </ns3:TrackPointExtension>
        </extensions>
      </trkpt>
      <trkpt lat="43.16055874340236186981201171875" lon="10.537345446646213531494140625">
        <time>2026-08-01T07:20:26.000Z</time>
        <extensions>
          <ns3:TrackPointExtension>
            <ns3:atemp>27.0</ns3:atemp>
            <ns3:hr>144</ns3:hr>
            <ns3:cad>24</ns3:cad>
          </ns3:TrackPointExtension>
        </extensions>
      </trkpt>
      <trkpt lat="43.160563521087169647216796875" lon="10.53734754212200641632080078125">
        <time>2026-08-01T07:20:27.000Z</time>
        <extensions>
          <ns3:TrackPointExtension>
            <ns3:atemp>27.0</ns3:atemp>
            <ns3:hr>144</ns3:hr>
            <ns3:cad>24</ns3:cad>
          </ns3:TrackPointExtension>
        </extensions>
      </trkpt>
      <trkpt lat="43.160568214952945709228515625" lon="10.5373499728739261627197265625">
        <time>2026-08-01T07:20:28.000Z</time>
        <extensions>
          <ns3:TrackPointExtension>
            <ns3:atemp>27.0</ns3:atemp>
            <ns3:hr>144</ns3:hr>
            <ns3:cad>27</ns3:cad>
          </ns3:TrackPointExtension>
        </extensions>
      </trkpt>
      <trkpt lat="43.160572908818721771240234375" lon="10.53735240362584590911865234375">
        <time>2026-08-01T07:20:29.000Z</time>
        <extensions>
          <ns3:TrackPointExtension>
            <ns3:atemp>27.0</ns3:atemp>
            <ns3:hr>145</ns3:hr>
            <ns3:cad>27</ns3:cad>
          </ns3:TrackPointExtension>
        </extensions>
      </trkpt>
      <trkpt lat="43.1605777703225612640380859375" lon="10.537354834377765655517578125">
        <time>2026-08-01T07:20:30.000Z</time>
        <extensions>
          <ns3:TrackPointExtension>
            <ns3:atemp>27.0</ns3:atemp>
            <ns3:hr>145</ns3:hr>
            <ns3:cad>27</ns3:cad>
          </ns3:TrackPointExtension>
        </extensions>
      </trkpt>
      <trkpt lat="43.16058254800736904144287109375" lon="10.5373573489487171173095703125">
        <time>2026-08-01T07:20:31.000Z</time>
        <extensions>
          <ns3:TrackPointExtension>
            <ns3:atemp>27.0</ns3:atemp>
            <ns3:hr>145</ns3:hr>
            <ns3:cad>26</ns3:cad>
          </ns3:TrackPointExtension>
        </extensions>
      </trkpt>
      <trkpt lat="43.16058740951120853424072265625" lon="10.5373598635196685791015625">
        <time>2026-08-01T07:20:32.000Z</time>
        <extensions>
          <ns3:TrackPointExtension>
            <ns3:atemp>27.0</ns3:atemp>
            <ns3:hr>144</ns3:hr>
            <ns3:cad>26</ns3:cad>
          </ns3:TrackPointExtension>
        </extensions>
      </trkpt>
      <trkpt lat="43.16059243865311145782470703125" lon="10.53736229427158832550048828125">
        <time>2026-08-01T07:20:33.000Z</time>
        <extensions>
          <ns3:TrackPointExtension>
            <ns3:atemp>27.0</ns3:atemp>
            <ns3:hr>144</ns3:hr>
            <ns3:cad>26</ns3:cad>
          </ns3:TrackPointExtension>
        </extensions>
      </trkpt>
      <trkpt lat="43.16059746779501438140869140625" lon="10.53736464120447635650634765625">
        <time>2026-08-01T07:20:34.000Z</time>
        <extensions>
          <ns3:TrackPointExtension>
            <ns3:atemp>27.0</ns3:atemp>
            <ns3:hr>144</ns3:hr>
            <ns3:cad>26</ns3:cad>
          </ns3:TrackPointExtension>
        </extensions>
      </trkpt>
      <trkpt lat="43.16060249693691730499267578125" lon="10.53736698813736438751220703125">
        <time>2026-08-01T07:20:35.000Z</time>
        <extensions>
          <ns3:TrackPointExtension>
            <ns3:atemp>27.0</ns3:atemp>
            <ns3:hr>144</ns3:hr>
            <ns3:cad>26</ns3:cad>
          </ns3:TrackPointExtension>
        </extensions>
      </trkpt>
      <trkpt lat="43.16060752607882022857666015625" lon="10.53736933507025241851806640625">
        <time>2026-08-01T07:20:36.000Z</time>
        <extensions>
          <ns3:TrackPointExtension>
            <ns3:atemp>27.0</ns3:atemp>
            <ns3:hr>144</ns3:hr>
            <ns3:cad>26</ns3:cad>
          </ns3:TrackPointExtension>
        </extensions>
      </trkpt>
      <trkpt lat="43.16061255522072315216064453125" lon="10.5373717658221721649169921875">
        <time>2026-08-01T07:20:37.000Z</time>
        <extensions>
          <ns3:TrackPointExtension>
            <ns3:atemp>27.0</ns3:atemp>
            <ns3:hr>144</ns3:hr>
            <ns3:cad>26</ns3:cad>
          </ns3:TrackPointExtension>
        </extensions>
      </trkpt>
      <trkpt lat="43.16061758436262607574462890625" lon="10.5373741127550601959228515625">
        <time>2026-08-01T07:20:38.000Z</time>
        <extensions>
          <ns3:TrackPointExtension>
            <ns3:atemp>27.0</ns3:atemp>
            <ns3:hr>146</ns3:hr>
            <ns3:cad>25</ns3:cad>
          </ns3:TrackPointExtension>
        </extensions>
      </trkpt>
      <trkpt lat="43.16062261350452899932861328125" lon="10.5373764596879482269287109375">
        <time>2026-08-01T07:20:39.000Z</time>
        <extensions>
          <ns3:TrackPointExtension>
            <ns3:atemp>27.0</ns3:atemp>
            <ns3:hr>146</ns3:hr>
            <ns3:cad>25</ns3:cad>
          </ns3:TrackPointExtension>
        </extensions>
      </trkpt>
      <trkpt lat="43.16062764264643192291259765625" lon="10.5373788066208362579345703125">
        <time>2026-08-01T07:20:40.000Z</time>
        <extensions>
          <ns3:TrackPointExtension>
            <ns3:atemp>27.0</ns3:atemp>
            <ns3:hr>147</ns3:hr>
            <ns3:cad>25</ns3:cad>
          </ns3:TrackPointExtension>
        </extensions>
      </trkpt>
      <trkpt lat="43.160632587969303131103515625" lon="10.5373811535537242889404296875">
        <time>2026-08-01T07:20:41.000Z</time>
        <extensions>
          <ns3:TrackPointExtension>
            <ns3:atemp>27.0</ns3:atemp>
            <ns3:hr>148</ns3:hr>
            <ns3:cad>25</ns3:cad>
          </ns3:TrackPointExtension>
        </extensions>
      </trkpt>
      <trkpt lat="43.1606374494731426239013671875" lon="10.53738341666758060455322265625">
        <time>2026-08-01T07:20:42.000Z</time>
        <extensions>
          <ns3:TrackPointExtension>
            <ns3:atemp>27.0</ns3:atemp>
            <ns3:hr>148</ns3:hr>
            <ns3:cad>26</ns3:cad>
          </ns3:TrackPointExtension>
        </extensions>
      </trkpt>
      <trkpt lat="43.16064222715795040130615234375" lon="10.537385679781436920166015625">
        <time>2026-08-01T07:20:43.000Z</time>
        <extensions>
          <ns3:TrackPointExtension>
            <ns3:atemp>27.0</ns3:atemp>
            <ns3:hr>148</ns3:hr>
            <ns3:cad>26</ns3:cad>
          </ns3:TrackPointExtension>
        </extensions>
      </trkpt>
      <trkpt lat="43.1606470048427581787109375" lon="10.53738794289529323577880859375">
        <time>2026-08-01T07:20:44.000Z</time>
        <extensions>
          <ns3:TrackPointExtension>
            <ns3:atemp>27.0</ns3:atemp>
            <ns3:hr>148</ns3:hr>
            <ns3:cad>26</ns3:cad>
          </ns3:TrackPointExtension>
        </extensions>
      </trkpt>
      <trkpt lat="43.16065161488950252532958984375" lon="10.53739003837108612060546875">
        <time>2026-08-01T07:20:45.000Z</time>
        <extensions>
          <ns3:TrackPointExtension>
            <ns3:atemp>27.0</ns3:atemp>
            <ns3:hr>149</ns3:hr>
            <ns3:cad>26</ns3:cad>
          </ns3:TrackPointExtension>
        </extensions>
      </trkpt>
      <trkpt lat="43.16065614111721515655517578125" lon="10.5373920500278472900390625">
        <time>2026-08-01T07:20:46.000Z</time>
        <extensions>
          <ns3:TrackPointExtension>
            <ns3:atemp>27.0</ns3:atemp>
            <ns3:hr>149</ns3:hr>
            <ns3:cad>26</ns3:cad>
          </ns3:TrackPointExtension>
        </extensions>
      </trkpt>
      <trkpt lat="43.160660751163959503173828125" lon="10.53739414550364017486572265625">
        <time>2026-08-01T07:20:47.000Z</time>
        <extensions>
          <ns3:TrackPointExtension>
            <ns3:atemp>27.0</ns3:atemp>
            <ns3:hr>150</ns3:hr>
            <ns3:cad>26</ns3:cad>
          </ns3:TrackPointExtension>
        </extensions>
      </trkpt>
      <trkpt lat="43.1606652773916721343994140625" lon="10.53739632479846477508544921875">
        <time>2026-08-01T07:20:48.000Z</time>
        <extensions>
          <ns3:TrackPointExtension>
            <ns3:atemp>27.0</ns3:atemp>
            <ns3:hr>151</ns3:hr>
            <ns3:cad>26</ns3:cad>
          </ns3:TrackPointExtension>
        </extensions>
      </trkpt>
      <trkpt lat="43.16066988743841648101806640625" lon="10.5373985879123210906982421875">
        <time>2026-08-01T07:20:49.000Z</time>
        <extensions>
          <ns3:TrackPointExtension>
            <ns3:atemp>27.0</ns3:atemp>
            <ns3:hr>151</ns3:hr>
            <ns3:cad>26</ns3:cad>
          </ns3:TrackPointExtension>
        </extensions>
      </trkpt>
      <trkpt lat="43.1606743298470973968505859375" lon="10.53740085102617740631103515625">
        <time>2026-08-01T07:20:50.000Z</time>
        <extensions>
          <ns3:TrackPointExtension>
            <ns3:atemp>27.0</ns3:atemp>
            <ns3:hr>151</ns3:hr>
            <ns3:cad>26</ns3:cad>
          </ns3:TrackPointExtension>
        </extensions>
      </trkpt>
      <trkpt lat="43.16067877225577831268310546875" lon="10.53740336559712886810302734375">
        <time>2026-08-01T07:20:51.000Z</time>
        <extensions>
          <ns3:TrackPointExtension>
            <ns3:atemp>27.0</ns3:atemp>
            <ns3:hr>151</ns3:hr>
            <ns3:cad>26</ns3:cad>
          </ns3:TrackPointExtension>
        </extensions>
      </trkpt>
      <trkpt lat="43.16068313084542751312255859375" lon="10.537405796349048614501953125">
        <time>2026-08-01T07:20:52.000Z</time>
        <extensions>
          <ns3:TrackPointExtension>
            <ns3:atemp>27.0</ns3:atemp>
            <ns3:hr>151</ns3:hr>
            <ns3:cad>26</ns3:cad>
          </ns3:TrackPointExtension>
        </extensions>
      </trkpt>
      <trkpt lat="43.1606874056160449981689453125" lon="10.5374083109200000762939453125">
        <time>2026-08-01T07:20:53.000Z</time>
        <extensions>
          <ns3:TrackPointExtension>
            <ns3:atemp>27.0</ns3:atemp>
            <ns3:hr>151</ns3:hr>
            <ns3:cad>26</ns3:cad>
          </ns3:TrackPointExtension>
        </extensions>
      </trkpt>
      <trkpt lat="43.160691596567630767822265625" lon="10.5374108254909515380859375">
        <time>2026-08-01T07:20:54.000Z</time>
        <extensions>
          <ns3:TrackPointExtension>
            <ns3:atemp>27.0</ns3:atemp>
            <ns3:hr>151</ns3:hr>
            <ns3:cad>26</ns3:cad>
          </ns3:TrackPointExtension>
        </extensions>
      </trkpt>
      <trkpt lat="43.16069553606212139129638671875" lon="10.53741342388093471527099609375">
        <time>2026-08-01T07:20:55.000Z</time>
        <extensions>
          <ns3:TrackPointExtension>
            <ns3:atemp>27.0</ns3:atemp>
            <ns3:hr>151</ns3:hr>
            <ns3:cad>26</ns3:cad>
          </ns3:TrackPointExtension>
        </extensions>
      </trkpt>
      <trkpt lat="43.16069939173758029937744140625" lon="10.5374160222709178924560546875">
        <time>2026-08-01T07:20:56.000Z</time>
        <extensions>
          <ns3:TrackPointExtension>
            <ns3:atemp>27.0</ns3:atemp>
            <ns3:hr>151</ns3:hr>
            <ns3:cad>26</ns3:cad>
          </ns3:TrackPointExtension>
        </extensions>
      </trkpt>
      <trkpt lat="43.1607031635940074920654296875" lon="10.537418536841869354248046875">
        <time>2026-08-01T07:20:57.000Z</time>
        <extensions>
          <ns3:TrackPointExtension>
            <ns3:atemp>27.0</ns3:atemp>
            <ns3:hr>151</ns3:hr>
            <ns3:cad>23</ns3:cad>
          </ns3:TrackPointExtension>
        </extensions>
      </trkpt>
      <trkpt lat="43.1607068516314029693603515625" lon="10.5374210514128208160400390625">
        <time>2026-08-01T07:20:58.000Z</time>
        <extensions>
          <ns3:TrackPointExtension>
            <ns3:atemp>27.0</ns3:atemp>
            <ns3:hr>151</ns3:hr>
            <ns3:cad>23</ns3:cad>
          </ns3:TrackPointExtension>
        </extensions>
      </trkpt>
      <trkpt lat="43.160710372030735015869140625" lon="10.53742348216474056243896484375">
        <time>2026-08-01T07:20:59.000Z</time>
        <extensions>
          <ns3:TrackPointExtension>
            <ns3:atemp>27.0</ns3:atemp>
            <ns3:hr>151</ns3:hr>
            <ns3:cad>23</ns3:cad>
          </ns3:TrackPointExtension>
        </extensions>
      </trkpt>
      <trkpt lat="43.1607138924300670623779296875" lon="10.53742599673569202423095703125">
        <time>2026-08-01T07:21:00.000Z</time>
        <extensions>
          <ns3:TrackPointExtension>
            <ns3:atemp>27.0</ns3:atemp>
            <ns3:hr>151</ns3:hr>
            <ns3:cad>23</ns3:cad>
          </ns3:TrackPointExtension>
        </extensions>
      </trkpt>
      <trkpt lat="43.16071741282939910888671875" lon="10.53742834366858005523681640625">
        <time>2026-08-01T07:21:01.000Z</time>
        <extensions>
          <ns3:TrackPointExtension>
            <ns3:atemp>27.0</ns3:atemp>
            <ns3:hr>152</ns3:hr>
            <ns3:cad>23</ns3:cad>
          </ns3:TrackPointExtension>
        </extensions>
      </trkpt>
      <trkpt lat="43.160720765590667724609375" lon="10.537430606782436370849609375">
        <time>2026-08-01T07:21:02.000Z</time>
        <extensions>
          <ns3:TrackPointExtension>
            <ns3:atemp>27.0</ns3:atemp>
            <ns3:hr>151</ns3:hr>
            <ns3:cad>23</ns3:cad>
          </ns3:TrackPointExtension>
        </extensions>
      </trkpt>
      <trkpt lat="43.16072403453290462493896484375" lon="10.5374327860772609710693359375">
        <time>2026-08-01T07:21:03.000Z</time>
        <extensions>
          <ns3:TrackPointExtension>
            <ns3:atemp>27.0</ns3:atemp>
            <ns3:hr>151</ns3:hr>
            <ns3:cad>23</ns3:cad>
          </ns3:TrackPointExtension>
        </extensions>
      </trkpt>
      <trkpt lat="43.16072688437998294830322265625" lon="10.5374347977340221405029296875">
        <time>2026-08-01T07:21:04.000Z</time>
        <extensions>
          <ns3:TrackPointExtension>
            <ns3:atemp>27.0</ns3:atemp>
            <ns3:hr>152</ns3:hr>
            <ns3:cad>23</ns3:cad>
          </ns3:TrackPointExtension>
        </extensions>
      </trkpt>
      <trkpt lat="43.16072973422706127166748046875" lon="10.53743672557175159454345703125">
        <time>2026-08-01T07:21:05.000Z</time>
        <extensions>
          <ns3:TrackPointExtension>
            <ns3:atemp>27.0</ns3:atemp>
            <ns3:hr>152</ns3:hr>
            <ns3:cad>23</ns3:cad>
          </ns3:TrackPointExtension>
        </extensions>
      </trkpt>
      <trkpt lat="43.1607323326170444488525390625" lon="10.53743856959044933319091796875">
        <time>2026-08-01T07:21:06.000Z</time>
        <extensions>
          <ns3:TrackPointExtension>
            <ns3:atemp>27.0</ns3:atemp>
            <ns3:hr>152</ns3:hr>
            <ns3:cad>23</ns3:cad>
          </ns3:TrackPointExtension>
        </extensions>
      </trkpt>
      <trkpt lat="43.16073484718799591064453125" lon="10.5374403297901153564453125">
        <time>2026-08-01T07:21:07.000Z</time>
        <extensions>
          <ns3:TrackPointExtension>
            <ns3:atemp>27.0</ns3:atemp>
            <ns3:hr>152</ns3:hr>
            <ns3:cad>22</ns3:cad>
          </ns3:TrackPointExtension>
        </extensions>
      </trkpt>
      <trkpt lat="43.1607373617589473724365234375" lon="10.5374421738088130950927734375">
        <time>2026-08-01T07:21:08.000Z</time>
        <extensions>
          <ns3:TrackPointExtension>
            <ns3:atemp>27.0</ns3:atemp>
            <ns3:hr>154</ns3:hr>
            <ns3:cad>22</ns3:cad>
          </ns3:TrackPointExtension>
        </extensions>
      </trkpt>
      <trkpt lat="43.1607397086918354034423828125" lon="10.53744376637041568756103515625">
        <time>2026-08-01T07:21:09.000Z</time>
        <extensions>
          <ns3:TrackPointExtension>
            <ns3:atemp>27.0</ns3:atemp>
            <ns3:hr>155</ns3:hr>
            <ns3:cad>25</ns3:cad>
          </ns3:TrackPointExtension>
        </extensions>
      </trkpt>
      <trkpt lat="43.16074197180569171905517578125" lon="10.53744527511298656463623046875">
        <time>2026-08-01T07:21:10.000Z</time>
        <extensions>
          <ns3:TrackPointExtension>
            <ns3:atemp>27.0</ns3:atemp>
            <ns3:hr>155</ns3:hr>
            <ns3:cad>25</ns3:cad>
          </ns3:TrackPointExtension>
        </extensions>
      </trkpt>
      <trkpt lat="43.16074197180569171905517578125" lon="10.53744527511298656463623046875">
        <time>2026-08-01T07:21:11.000Z</time>
        <extensions>
          <ns3:TrackPointExtension>
            <ns3:atemp>27.0</ns3:atemp>
            <ns3:hr>155</ns3:hr>
            <ns3:cad>25</ns3:cad>
          </ns3:TrackPointExtension>
        </extensions>
      </trkpt>
      <trkpt lat="43.16074398346245288848876953125" lon="10.53744678385555744171142578125">
        <time>2026-08-01T07:21:12.000Z</time>
        <extensions>
          <ns3:TrackPointExtension>
            <ns3:atemp>27.0</ns3:atemp>
            <ns3:hr>154</ns3:hr>
            <ns3:cad>25</ns3:cad>
          </ns3:TrackPointExtension>
        </extensions>
      </trkpt>
      <trkpt lat="43.160745911300182342529296875" lon="10.5374482087790966033935546875">
        <time>2026-08-01T07:21:13.000Z</time>
        <extensions>
          <ns3:TrackPointExtension>
            <ns3:atemp>27.0</ns3:atemp>
            <ns3:hr>155</ns3:hr>
            <ns3:cad>25</ns3:cad>
          </ns3:TrackPointExtension>
        </extensions>
      </trkpt>
      <trkpt lat="43.16074767149984836578369140625" lon="10.5374495498836040496826171875">
        <time>2026-08-01T07:21:14.000Z</time>
        <extensions>
          <ns3:TrackPointExtension>
            <ns3:atemp>27.0</ns3:atemp>
            <ns3:hr>155</ns3:hr>
            <ns3:cad>24</ns3:cad>
          </ns3:TrackPointExtension>
        </extensions>
      </trkpt>
      <trkpt lat="43.160749264061450958251953125" lon="10.5374510586261749267578125">
        <time>2026-08-01T07:21:15.000Z</time>
        <extensions>
          <ns3:TrackPointExtension>
            <ns3:atemp>27.0</ns3:atemp>
            <ns3:hr>154</ns3:hr>
            <ns3:cad>24</ns3:cad>
          </ns3:TrackPointExtension>
        </extensions>
      </trkpt>
      <trkpt lat="43.1607507728040218353271484375" lon="10.53745248354971408843994140625">
        <time>2026-08-01T07:21:16.000Z</time>
        <extensions>
          <ns3:TrackPointExtension>
            <ns3:atemp>27.0</ns3:atemp>
            <ns3:hr>155</ns3:hr>
            <ns3:cad>24</ns3:cad>
          </ns3:TrackPointExtension>
        </extensions>
      </trkpt>
      <trkpt lat="43.16075219772756099700927734375" lon="10.5374539084732532501220703125">
        <time>2026-08-01T07:21:17.000Z</time>
        <extensions>
          <ns3:TrackPointExtension>
            <ns3:atemp>27.0</ns3:atemp>
            <ns3:hr>155</ns3:hr>
            <ns3:cad>24</ns3:cad>
          </ns3:TrackPointExtension>
        </extensions>
      </trkpt>
      <trkpt lat="43.16075353883206844329833984375" lon="10.5374552495777606964111328125">
        <time>2026-08-01T07:21:18.000Z</time>
        <extensions>
          <ns3:TrackPointExtension>
            <ns3:atemp>27.0</ns3:atemp>
            <ns3:hr>155</ns3:hr>
            <ns3:cad>24</ns3:cad>
          </ns3:TrackPointExtension>
        </extensions>
      </trkpt>
      <trkpt lat="43.16075353883206844329833984375" lon="10.5374552495777606964111328125">
        <time>2026-08-01T07:21:19.000Z</time>
        <extensions>
          <ns3:TrackPointExtension>
            <ns3:atemp>27.0</ns3:atemp>
            <ns3:hr>154</ns3:hr>
            <ns3:cad>24</ns3:cad>
          </ns3:TrackPointExtension>
        </extensions>
      </trkpt>
      <trkpt lat="43.1607547961175441741943359375" lon="10.5374565906822681427001953125">
        <time>2026-08-01T07:21:20.000Z</time>
        <extensions>
          <ns3:TrackPointExtension>
            <ns3:atemp>27.0</ns3:atemp>
            <ns3:hr>154</ns3:hr>
            <ns3:cad>23</ns3:cad>
          </ns3:TrackPointExtension>
        </extensions>
      </trkpt>
      <trkpt lat="43.1607547961175441741943359375" lon="10.5374565906822681427001953125">
        <time>2026-08-01T07:21:21.000Z</time>
        <extensions>
          <ns3:TrackPointExtension>
            <ns3:atemp>27.0</ns3:atemp>
            <ns3:hr>154</ns3:hr>
            <ns3:cad>26</ns3:cad>
          </ns3:TrackPointExtension>
        </extensions>
      </trkpt>
      <trkpt lat="43.1607547961175441741943359375" lon="10.5374565906822681427001953125">
        <time>2026-08-01T07:21:22.000Z</time>
        <extensions>
          <ns3:TrackPointExtension>
            <ns3:atemp>27.0</ns3:atemp>
            <ns3:hr>154</ns3:hr>
            <ns3:cad>26</ns3:cad>
          </ns3:TrackPointExtension>
        </extensions>
      </trkpt>
      <trkpt lat="43.160755969583988189697265625" lon="10.53745784796774387359619140625">
        <time>2026-08-01T07:21:23.000Z</time>
        <extensions>
          <ns3:TrackPointExtension>
            <ns3:atemp>27.0</ns3:atemp>
            <ns3:hr>153</ns3:hr>
            <ns3:cad>28</ns3:cad>
          </ns3:TrackPointExtension>
        </extensions>
      </trkpt>
      <trkpt lat="43.16075705923140048980712890625" lon="10.53745918907225131988525390625">
        <time>2026-08-01T07:21:24.000Z</time>
        <extensions>
          <ns3:TrackPointExtension>
            <ns3:atemp>27.0</ns3:atemp>
            <ns3:hr>153</ns3:hr>
            <ns3:cad>32</ns3:cad>
          </ns3:TrackPointExtension>
        </extensions>
      </trkpt>
      <trkpt lat="43.16075705923140048980712890625" lon="10.53745918907225131988525390625">
        <time>2026-08-01T07:21:25.000Z</time>
        <extensions>
          <ns3:TrackPointExtension>
            <ns3:atemp>27.0</ns3:atemp>
            <ns3:hr>154</ns3:hr>
            <ns3:cad>38</ns3:cad>
          </ns3:TrackPointExtension>
        </extensions>
      </trkpt>
      <trkpt lat="43.16075806505978107452392578125" lon="10.53746053017675876617431640625">
        <time>2026-08-01T07:21:26.000Z</time>
        <extensions>
          <ns3:TrackPointExtension>
            <ns3:atemp>27.0</ns3:atemp>
            <ns3:hr>154</ns3:hr>
            <ns3:cad>38</ns3:cad>
          </ns3:TrackPointExtension>
        </extensions>
      </trkpt>
      <trkpt lat="43.16075898706912994384765625" lon="10.53746170364320278167724609375">
        <time>2026-08-01T07:21:27.000Z</time>
        <extensions>
          <ns3:TrackPointExtension>
            <ns3:atemp>27.0</ns3:atemp>
            <ns3:hr>154</ns3:hr>
            <ns3:cad>38</ns3:cad>
          </ns3:TrackPointExtension>
        </extensions>
      </trkpt>
      <trkpt lat="43.16075974144041538238525390625" lon="10.53746287710964679718017578125">
        <time>2026-08-01T07:21:28.000Z</time>
        <extensions>
          <ns3:TrackPointExtension>
            <ns3:atemp>27.0</ns3:atemp>
            <ns3:hr>153</ns3:hr>
            <ns3:cad>38</ns3:cad>
          </ns3:TrackPointExtension>
        </extensions>
      </trkpt>
      <trkpt lat="43.1607604958117008209228515625" lon="10.53746405057609081268310546875">
        <time>2026-08-01T07:21:29.000Z</time>
        <extensions>
          <ns3:TrackPointExtension>
            <ns3:atemp>27.0</ns3:atemp>
            <ns3:hr>153</ns3:hr>
            <ns3:cad>34</ns3:cad>
          </ns3:TrackPointExtension>
        </extensions>
      </trkpt>
      <trkpt lat="43.16081958822906017303466796875" lon="10.53751266561448574066162109375">
        <time>2026-08-01T07:22:04.000Z</time>
        <extensions>
          <ns3:TrackPointExtension>
            <ns3:atemp>27.0</ns3:atemp>
            <ns3:hr>145</ns3:hr>
            <ns3:cad>26</ns3:cad>
          </ns3:TrackPointExtension>
        </extensions>
      </trkpt>
      <trkpt lat="43.160825707018375396728515625" lon="10.5375155992805957794189453125">
        <time>2026-08-01T07:22:05.000Z</time>
        <extensions>
          <ns3:TrackPointExtension>
            <ns3:atemp>27.0</ns3:atemp>
            <ns3:hr>145</ns3:hr>
            <ns3:cad>26</ns3:cad>
          </ns3:TrackPointExtension>
        </extensions>
      </trkpt>
      <trkpt lat="43.1608315743505954742431640625" lon="10.53751819767057895660400390625">
        <time>2026-08-01T07:22:06.000Z</time>
        <extensions>
          <ns3:TrackPointExtension>
            <ns3:atemp>27.0</ns3:atemp>
            <ns3:hr>146</ns3:hr>
            <ns3:cad>26</ns3:cad>
          </ns3:TrackPointExtension>
        </extensions>
      </trkpt>
      <trkpt lat="43.16083735786378383636474609375" lon="10.53752054460346698760986328125">
        <time>2026-08-01T07:22:07.000Z</time>
        <extensions>
          <ns3:TrackPointExtension>
            <ns3:atemp>27.0</ns3:atemp>
            <ns3:hr>146</ns3:hr>
            <ns3:cad>26</ns3:cad>
          </ns3:TrackPointExtension>
        </extensions>
      </trkpt>
      <trkpt lat="43.16084205172955989837646484375" lon="10.53752280771732330322265625">
        <time>2026-08-01T07:22:08.000Z</time>
        <extensions>
          <ns3:TrackPointExtension>
            <ns3:atemp>27.0</ns3:atemp>
            <ns3:hr>146</ns3:hr>
            <ns3:cad>26</ns3:cad>
          </ns3:TrackPointExtension>
        </extensions>
      </trkpt>
      <trkpt lat="43.16084674559533596038818359375" lon="10.53752507083117961883544921875">
        <time>2026-08-01T07:22:09.000Z</time>
        <extensions>
          <ns3:TrackPointExtension>
            <ns3:atemp>27.0</ns3:atemp>
            <ns3:hr>147</ns3:hr>
            <ns3:cad>25</ns3:cad>
          </ns3:TrackPointExtension>
        </extensions>
      </trkpt>
      <trkpt lat="43.16085143946111202239990234375" lon="10.5375273339450359344482421875">
        <time>2026-08-01T07:22:10.000Z</time>
        <extensions>
          <ns3:TrackPointExtension>
            <ns3:atemp>27.0</ns3:atemp>
            <ns3:hr>147</ns3:hr>
            <ns3:cad>25</ns3:cad>
          </ns3:TrackPointExtension>
        </extensions>
      </trkpt>
      <trkpt lat="43.16085613332688808441162109375" lon="10.53752951323986053466796875">
        <time>2026-08-01T07:22:11.000Z</time>
        <extensions>
          <ns3:TrackPointExtension>
            <ns3:atemp>27.0</ns3:atemp>
            <ns3:hr>147</ns3:hr>
            <ns3:cad>25</ns3:cad>
          </ns3:TrackPointExtension>
        </extensions>
      </trkpt>
      <trkpt lat="43.16086082719266414642333984375" lon="10.53753177635371685028076171875">
        <time>2026-08-01T07:22:12.000Z</time>
        <extensions>
          <ns3:TrackPointExtension>
            <ns3:atemp>27.0</ns3:atemp>
            <ns3:hr>148</ns3:hr>
            <ns3:cad>25</ns3:cad>
          </ns3:TrackPointExtension>
        </extensions>
      </trkpt>
      <trkpt lat="43.16086552105844020843505859375" lon="10.5375340394675731658935546875">
        <time>2026-08-01T07:22:13.000Z</time>
        <extensions>
          <ns3:TrackPointExtension>
            <ns3:atemp>27.0</ns3:atemp>
            <ns3:hr>148</ns3:hr>
            <ns3:cad>25</ns3:cad>
          </ns3:TrackPointExtension>
        </extensions>
      </trkpt>
      <trkpt lat="43.16086552105844020843505859375" lon="10.5375340394675731658935546875">
        <time>2026-08-01T07:22:14.000Z</time>
        <extensions>
          <ns3:TrackPointExtension>
            <ns3:atemp>27.0</ns3:atemp>
            <ns3:hr>148</ns3:hr>
            <ns3:cad>25</ns3:cad>
          </ns3:TrackPointExtension>
        </extensions>
      </trkpt>
      <trkpt lat="43.16087021492421627044677734375" lon="10.53753630258142948150634765625">
        <time>2026-08-01T07:22:15.000Z</time>
        <extensions>
          <ns3:TrackPointExtension>
            <ns3:atemp>27.0</ns3:atemp>
            <ns3:hr>149</ns3:hr>
            <ns3:cad>25</ns3:cad>
          </ns3:TrackPointExtension>
        </extensions>
      </trkpt>
      <trkpt lat="43.16087490878999233245849609375" lon="10.537538565695285797119140625">
        <time>2026-08-01T07:22:16.000Z</time>
        <extensions>
          <ns3:TrackPointExtension>
            <ns3:atemp>27.0</ns3:atemp>
            <ns3:hr>149</ns3:hr>
            <ns3:cad>25</ns3:cad>
          </ns3:TrackPointExtension>
        </extensions>
      </trkpt>
      <trkpt lat="43.16087490878999233245849609375" lon="10.537538565695285797119140625">
        <time>2026-08-01T07:22:17.000Z</time>
        <extensions>
          <ns3:TrackPointExtension>
            <ns3:atemp>27.0</ns3:atemp>
            <ns3:hr>149</ns3:hr>
            <ns3:cad>25</ns3:cad>
          </ns3:TrackPointExtension>
        </extensions>
      </trkpt>
      <trkpt lat="43.16087960265576839447021484375" lon="10.53754082880914211273193359375">
        <time>2026-08-01T07:22:18.000Z</time>
        <extensions>
          <ns3:TrackPointExtension>
            <ns3:atemp>27.0</ns3:atemp>
            <ns3:hr>149</ns3:hr>
            <ns3:cad>25</ns3:cad>
          </ns3:TrackPointExtension>
        </extensions>
      </trkpt>
      <trkpt lat="43.16088429652154445648193359375" lon="10.53754300810396671295166015625">
        <time>2026-08-01T07:22:19.000Z</time>
        <extensions>
          <ns3:TrackPointExtension>
            <ns3:atemp>27.0</ns3:atemp>
            <ns3:hr>149</ns3:hr>
            <ns3:cad>25</ns3:cad>
          </ns3:TrackPointExtension>
        </extensions>
      </trkpt>
      <trkpt lat="43.16088429652154445648193359375" lon="10.53754300810396671295166015625">
        <time>2026-08-01T07:22:20.000Z</time>
        <extensions>
          <ns3:TrackPointExtension>
            <ns3:atemp>27.0</ns3:atemp>
            <ns3:hr>149</ns3:hr>
            <ns3:cad>19</ns3:cad>
          </ns3:TrackPointExtension>
        </extensions>
      </trkpt>
      <trkpt lat="43.16088899038732051849365234375" lon="10.537545271217823028564453125">
        <time>2026-08-01T07:22:21.000Z</time>
        <extensions>
          <ns3:TrackPointExtension>
            <ns3:atemp>27.0</ns3:atemp>
            <ns3:hr>149</ns3:hr>
            <ns3:cad>19</ns3:cad>
          </ns3:TrackPointExtension>
        </extensions>
      </trkpt>
      <trkpt lat="43.16088899038732051849365234375" lon="10.537545271217823028564453125">
        <time>2026-08-01T07:22:22.000Z</time>
        <extensions>
          <ns3:TrackPointExtension>
            <ns3:atemp>27.0</ns3:atemp>
            <ns3:hr>149</ns3:hr>
            <ns3:cad>19</ns3:cad>
          </ns3:TrackPointExtension>
        </extensions>
      </trkpt>
      <trkpt lat="43.16089368425309658050537109375" lon="10.53754753433167934417724609375">
        <time>2026-08-01T07:22:23.000Z</time>
        <extensions>
          <ns3:TrackPointExtension>
            <ns3:atemp>27.0</ns3:atemp>
            <ns3:hr>148</ns3:hr>
            <ns3:cad>19</ns3:cad>
          </ns3:TrackPointExtension>
        </extensions>
      </trkpt>
      <trkpt lat="43.16089971922338008880615234375" lon="10.5375497974455356597900390625">
        <time>2026-08-01T07:22:24.000Z</time>
        <extensions>
          <ns3:TrackPointExtension>
            <ns3:atemp>27.0</ns3:atemp>
            <ns3:hr>148</ns3:hr>
            <ns3:cad>20</ns3:cad>
          </ns3:TrackPointExtension>
        </extensions>
      </trkpt>
      <trkpt lat="43.16090592183172702789306640625" lon="10.53755206055939197540283203125">
        <time>2026-08-01T07:22:25.000Z</time>
        <extensions>
          <ns3:TrackPointExtension>
            <ns3:atemp>27.0</ns3:atemp>
            <ns3:hr>148</ns3:hr>
            <ns3:cad>20</ns3:cad>
          </ns3:TrackPointExtension>
        </extensions>
      </trkpt>
      <trkpt lat="43.160912878811359405517578125" lon="10.5375551618635654449462890625">
        <time>2026-08-01T07:22:26.000Z</time>
        <extensions>
          <ns3:TrackPointExtension>
            <ns3:atemp>27.0</ns3:atemp>
            <ns3:hr>148</ns3:hr>
            <ns3:cad>21</ns3:cad>
          </ns3:TrackPointExtension>
        </extensions>
      </trkpt>
      <trkpt lat="43.16091966815292835235595703125" lon="10.53755767643451690673828125">
        <time>2026-08-01T07:22:27.000Z</time>
        <extensions>
          <ns3:TrackPointExtension>
            <ns3:atemp>27.0</ns3:atemp>
            <ns3:hr>148</ns3:hr>
            <ns3:cad>23</ns3:cad>
          </ns3:TrackPointExtension>
        </extensions>
      </trkpt>
      <trkpt lat="43.16092662513256072998046875" lon="10.53756010718643665313720703125">
        <time>2026-08-01T07:22:28.000Z</time>
        <extensions>
          <ns3:TrackPointExtension>
            <ns3:atemp>27.0</ns3:atemp>
            <ns3:hr>148</ns3:hr>
            <ns3:cad>23</ns3:cad>
          </ns3:TrackPointExtension>
        </extensions>
      </trkpt>
      <trkpt lat="43.160932995378971099853515625" lon="10.53756178356707096099853515625">
        <time>2026-08-01T07:22:29.000Z</time>
        <extensions>
          <ns3:TrackPointExtension>
            <ns3:atemp>27.0</ns3:atemp>
            <ns3:hr>149</ns3:hr>
            <ns3:cad>36</ns3:cad>
          </ns3:TrackPointExtension>
        </extensions>
      </trkpt>
      <trkpt lat="43.1609395332634449005126953125" lon="10.53756345994770526885986328125">
        <time>2026-08-01T07:22:30.000Z</time>
        <extensions>
          <ns3:TrackPointExtension>
            <ns3:atemp>27.0</ns3:atemp>
            <ns3:hr>150</ns3:hr>
            <ns3:cad>38</ns3:cad>
          </ns3:TrackPointExtension>
        </extensions>
      </trkpt>
      <trkpt lat="43.16094565205276012420654296875" lon="10.53756572306156158447265625">
        <time>2026-08-01T07:22:31.000Z</time>
        <extensions>
          <ns3:TrackPointExtension>
            <ns3:atemp>27.0</ns3:atemp>
            <ns3:hr>150</ns3:hr>
            <ns3:cad>38</ns3:cad>
          </ns3:TrackPointExtension>
        </extensions>
      </trkpt>
      <trkpt lat="43.16103584133088588714599609375" lon="10.53756681270897388458251953125">
        <time>2026-08-01T07:22:46.000Z</time>
        <extensions>
          <ns3:TrackPointExtension>
            <ns3:atemp>27.0</ns3:atemp>
            <ns3:hr>141</ns3:hr>
            <ns3:cad>26</ns3:cad>
          </ns3:TrackPointExtension>
        </extensions>
      </trkpt>
      <trkpt lat="43.1610427983105182647705078125" lon="10.53756463341414928436279296875">
        <time>2026-08-01T07:22:47.000Z</time>
        <extensions>
          <ns3:TrackPointExtension>
            <ns3:atemp>27.0</ns3:atemp>
            <ns3:hr>142</ns3:hr>
            <ns3:cad>26</ns3:cad>
          </ns3:TrackPointExtension>
        </extensions>
      </trkpt>
      <trkpt lat="43.16104958765208721160888671875" lon="10.5375625379383563995361328125">
        <time>2026-08-01T07:22:48.000Z</time>
        <extensions>
          <ns3:TrackPointExtension>
            <ns3:atemp>27.0</ns3:atemp>
            <ns3:hr>142</ns3:hr>
            <ns3:cad>23</ns3:cad>
          </ns3:TrackPointExtension>
        </extensions>
      </trkpt>
      <trkpt lat="43.161056041717529296875" lon="10.53756061010062694549560546875">
        <time>2026-08-01T07:22:49.000Z</time>
        <extensions>
          <ns3:TrackPointExtension>
            <ns3:atemp>27.0</ns3:atemp>
            <ns3:hr>143</ns3:hr>
            <ns3:cad>23</ns3:cad>
          </ns3:TrackPointExtension>
        </extensions>
      </trkpt>
      <trkpt lat="43.161062411963939666748046875" lon="10.53755876608192920684814453125">
        <time>2026-08-01T07:22:50.000Z</time>
        <extensions>
          <ns3:TrackPointExtension>
            <ns3:atemp>27.0</ns3:atemp>
            <ns3:hr>143</ns3:hr>
            <ns3:cad>24</ns3:cad>
          </ns3:TrackPointExtension>
        </extensions>
      </trkpt>
      <trkpt lat="43.161068446934223175048828125" lon="10.53755767643451690673828125">
        <time>2026-08-01T07:22:51.000Z</time>
        <extensions>
          <ns3:TrackPointExtension>
            <ns3:atemp>27.0</ns3:atemp>
            <ns3:hr>145</ns3:hr>
            <ns3:cad>24</ns3:cad>
          </ns3:TrackPointExtension>
        </extensions>
      </trkpt>
      <trkpt lat="43.1610743142664432525634765625" lon="10.53755658678710460662841796875">
        <time>2026-08-01T07:22:52.000Z</time>
        <extensions>
          <ns3:TrackPointExtension>
            <ns3:atemp>27.0</ns3:atemp>
            <ns3:hr>145</ns3:hr>
            <ns3:cad>24</ns3:cad>
          </ns3:TrackPointExtension>
        </extensions>
      </trkpt>
      <trkpt lat="43.16108009777963161468505859375" lon="10.5375554971396923065185546875">
        <time>2026-08-01T07:22:53.000Z</time>
        <extensions>
          <ns3:TrackPointExtension>
            <ns3:atemp>27.0</ns3:atemp>
            <ns3:hr>145</ns3:hr>
            <ns3:cad>24</ns3:cad>
          </ns3:TrackPointExtension>
        </extensions>
      </trkpt>
      <trkpt lat="43.161085881292819976806640625" lon="10.53755440749228000640869140625">
        <time>2026-08-01T07:22:54.000Z</time>
        <extensions>
          <ns3:TrackPointExtension>
            <ns3:atemp>27.0</ns3:atemp>
            <ns3:hr>146</ns3:hr>
            <ns3:cad>24</ns3:cad>
          </ns3:TrackPointExtension>
        </extensions>
      </trkpt>
      <trkpt lat="43.16109166480600833892822265625" lon="10.537553317844867706298828125">
        <time>2026-08-01T07:22:55.000Z</time>
        <extensions>
          <ns3:TrackPointExtension>
            <ns3:atemp>27.0</ns3:atemp>
            <ns3:hr>145</ns3:hr>
            <ns3:cad>24</ns3:cad>
          </ns3:TrackPointExtension>
        </extensions>
      </trkpt>
      <trkpt lat="43.1610974483191967010498046875" lon="10.5375521443784236907958984375">
        <time>2026-08-01T07:22:56.000Z</time>
        <extensions>
          <ns3:TrackPointExtension>
            <ns3:atemp>27.0</ns3:atemp>
            <ns3:hr>144</ns3:hr>
            <ns3:cad>24</ns3:cad>
          </ns3:TrackPointExtension>
        </extensions>
      </trkpt>
      <trkpt lat="43.1610974483191967010498046875" lon="10.5375521443784236907958984375">
        <time>2026-08-01T07:22:57.000Z</time>
        <extensions>
          <ns3:TrackPointExtension>
            <ns3:atemp>27.0</ns3:atemp>
            <ns3:hr>144</ns3:hr>
            <ns3:cad>24</ns3:cad>
          </ns3:TrackPointExtension>
        </extensions>
      </trkpt>
      <trkpt lat="43.16110323183238506317138671875" lon="10.53755105473101139068603515625">
        <time>2026-08-01T07:22:58.000Z</time>
        <extensions>
          <ns3:TrackPointExtension>
            <ns3:atemp>27.0</ns3:atemp>
            <ns3:hr>144</ns3:hr>
            <ns3:cad>24</ns3:cad>
          </ns3:TrackPointExtension>
        </extensions>
      </trkpt>
      <trkpt lat="43.16110901534557342529296875" lon="10.537549965083599090576171875">
        <time>2026-08-01T07:22:59.000Z</time>
        <extensions>
          <ns3:TrackPointExtension>
            <ns3:atemp>27.0</ns3:atemp>
            <ns3:hr>143</ns3:hr>
            <ns3:cad>24</ns3:cad>
          </ns3:TrackPointExtension>
        </extensions>
      </trkpt>
      <trkpt lat="43.16111479885876178741455078125" lon="10.53754887543618679046630859375">
        <time>2026-08-01T07:23:00.000Z</time>
        <extensions>
          <ns3:TrackPointExtension>
            <ns3:atemp>27.0</ns3:atemp>
            <ns3:hr>143</ns3:hr>
            <ns3:cad>25</ns3:cad>
          </ns3:TrackPointExtension>
        </extensions>
      </trkpt>
      <trkpt lat="43.1611205823719501495361328125" lon="10.5375477857887744903564453125">
        <time>2026-08-01T07:23:01.000Z</time>
        <extensions>
          <ns3:TrackPointExtension>
            <ns3:atemp>27.0</ns3:atemp>
            <ns3:hr>144</ns3:hr>
            <ns3:cad>25</ns3:cad>
          </ns3:TrackPointExtension>
        </extensions>
      </trkpt>
      <trkpt lat="43.1611205823719501495361328125" lon="10.5375477857887744903564453125">
        <time>2026-08-01T07:23:02.000Z</time>
        <extensions>
          <ns3:TrackPointExtension>
            <ns3:atemp>27.0</ns3:atemp>
            <ns3:hr>145</ns3:hr>
            <ns3:cad>24</ns3:cad>
          </ns3:TrackPointExtension>
        </extensions>
      </trkpt>
      <trkpt lat="43.16112636588513851165771484375" lon="10.53754669614136219024658203125">
        <time>2026-08-01T07:23:03.000Z</time>
        <extensions>
          <ns3:TrackPointExtension>
            <ns3:atemp>27.0</ns3:atemp>
            <ns3:hr>145</ns3:hr>
            <ns3:cad>24</ns3:cad>
          </ns3:TrackPointExtension>
        </extensions>
      </trkpt>
      <trkpt lat="43.161132149398326873779296875" lon="10.53754552267491817474365234375">
        <time>2026-08-01T07:23:04.000Z</time>
        <extensions>
          <ns3:TrackPointExtension>
            <ns3:atemp>27.0</ns3:atemp>
            <ns3:hr>146</ns3:hr>
            <ns3:cad>24</ns3:cad>
          </ns3:TrackPointExtension>
        </extensions>
      </trkpt>
      <trkpt lat="43.16113793291151523590087890625" lon="10.5375444330275058746337890625">
        <time>2026-08-01T07:23:05.000Z</time>
        <extensions>
          <ns3:TrackPointExtension>
            <ns3:atemp>27.0</ns3:atemp>
            <ns3:hr>146</ns3:hr>
            <ns3:cad>24</ns3:cad>
          </ns3:TrackPointExtension>
        </extensions>
      </trkpt>
      <trkpt lat="43.16114363260567188262939453125" lon="10.53754334338009357452392578125">
        <time>2026-08-01T07:23:06.000Z</time>
        <extensions>
          <ns3:TrackPointExtension>
            <ns3:atemp>27.0</ns3:atemp>
            <ns3:hr>146</ns3:hr>
            <ns3:cad>24</ns3:cad>
          </ns3:TrackPointExtension>
        </extensions>
      </trkpt>
      <trkpt lat="43.1611480750143527984619140625" lon="10.53754216991364955902099609375">
        <time>2026-08-01T07:23:07.000Z</time>
        <extensions>
          <ns3:TrackPointExtension>
            <ns3:atemp>27.0</ns3:atemp>
            <ns3:hr>146</ns3:hr>
            <ns3:cad>25</ns3:cad>
          </ns3:TrackPointExtension>
        </extensions>
      </trkpt>
      <trkpt lat="43.1611524336040019989013671875" lon="10.5375410802662372589111328125">
        <time>2026-08-01T07:23:08.000Z</time>
        <extensions>
          <ns3:TrackPointExtension>
            <ns3:atemp>27.0</ns3:atemp>
            <ns3:hr>146</ns3:hr>
            <ns3:cad>27</ns3:cad>
          </ns3:TrackPointExtension>
        </extensions>
      </trkpt>
      <trkpt lat="43.16115595400333404541015625" lon="10.537539236247539520263671875">
        <time>2026-08-01T07:23:09.000Z</time>
        <extensions>
          <ns3:TrackPointExtension>
            <ns3:atemp>27.0</ns3:atemp>
            <ns3:hr>145</ns3:hr>
            <ns3:cad>27</ns3:cad>
          </ns3:TrackPointExtension>
        </extensions>
      </trkpt>
      <trkpt lat="43.16115922294557094573974609375" lon="10.53753747604787349700927734375">
        <time>2026-08-01T07:23:10.000Z</time>
        <extensions>
          <ns3:TrackPointExtension>
            <ns3:atemp>27.0</ns3:atemp>
            <ns3:hr>146</ns3:hr>
            <ns3:cad>30</ns3:cad>
          </ns3:TrackPointExtension>
        </extensions>
      </trkpt>
      <trkpt lat="43.161162324249744415283203125" lon="10.5375357158482074737548828125">
        <time>2026-08-01T07:23:11.000Z</time>
        <extensions>
          <ns3:TrackPointExtension>
            <ns3:atemp>27.0</ns3:atemp>
            <ns3:hr>146</ns3:hr>
            <ns3:cad>33</ns3:cad>
          </ns3:TrackPointExtension>
        </extensions>
      </trkpt>
      <trkpt lat="43.16116525791585445404052734375" lon="10.5375342071056365966796875">
        <time>2026-08-01T07:23:12.000Z</time>
        <extensions>
          <ns3:TrackPointExtension>
            <ns3:atemp>27.0</ns3:atemp>
            <ns3:hr>145</ns3:hr>
            <ns3:cad>33</ns3:cad>
          </ns3:TrackPointExtension>
        </extensions>
      </trkpt>
      <trkpt lat="43.16116810776293277740478515625" lon="10.5375326983630657196044921875">
        <time>2026-08-01T07:23:13.000Z</time>
        <extensions>
          <ns3:TrackPointExtension>
            <ns3:atemp>27.0</ns3:atemp>
            <ns3:hr>145</ns3:hr>
            <ns3:cad>36</ns3:cad>
          </ns3:TrackPointExtension>
        </extensions>
      </trkpt>
      <trkpt lat="43.16117095761001110076904296875" lon="10.53753110580146312713623046875">
        <time>2026-08-01T07:23:14.000Z</time>
        <extensions>
          <ns3:TrackPointExtension>
            <ns3:atemp>27.0</ns3:atemp>
            <ns3:hr>146</ns3:hr>
            <ns3:cad>36</ns3:cad>
          </ns3:TrackPointExtension>
        </extensions>
      </trkpt>
      <trkpt lat="43.16116400063037872314453125" lon="10.53753429092466831207275390625">
        <time>2026-08-01T07:23:51.000Z</time>
        <extensions>
          <ns3:TrackPointExtension>
            <ns3:atemp>27.0</ns3:atemp>
            <ns3:hr>135</ns3:hr>
            <ns3:cad>27</ns3:cad>
          </ns3:TrackPointExtension>
        </extensions>
      </trkpt>
      <trkpt lat="43.161157630383968353271484375" lon="10.53753445856273174285888671875">
        <time>2026-08-01T07:23:52.000Z</time>
        <extensions>
          <ns3:TrackPointExtension>
            <ns3:atemp>27.0</ns3:atemp>
            <ns3:hr>135</ns3:hr>
            <ns3:cad>27</ns3:cad>
          </ns3:TrackPointExtension>
        </extensions>
      </trkpt>
      <trkpt lat="43.16115058958530426025390625" lon="10.53753496147692203521728515625">
        <time>2026-08-01T07:23:53.000Z</time>
        <extensions>
          <ns3:TrackPointExtension>
            <ns3:atemp>27.0</ns3:atemp>
            <ns3:hr>136</ns3:hr>
            <ns3:cad>27</ns3:cad>
          </ns3:TrackPointExtension>
        </extensions>
      </trkpt>
      <trkpt lat="43.16114312969148159027099609375" lon="10.5375357158482074737548828125">
        <time>2026-08-01T07:23:54.000Z</time>
        <extensions>
          <ns3:TrackPointExtension>
            <ns3:atemp>27.0</ns3:atemp>
            <ns3:hr>136</ns3:hr>
            <ns3:cad>27</ns3:cad>
          </ns3:TrackPointExtension>
        </extensions>
      </trkpt>
      <trkpt lat="43.16113575361669063568115234375" lon="10.53753697313368320465087890625">
        <time>2026-08-01T07:23:55.000Z</time>
        <extensions>
          <ns3:TrackPointExtension>
            <ns3:atemp>27.0</ns3:atemp>
            <ns3:hr>136</ns3:hr>
            <ns3:cad>27</ns3:cad>
          </ns3:TrackPointExtension>
        </extensions>
      </trkpt>
      <trkpt lat="43.161128461360931396484375" lon="10.537538565695285797119140625">
        <time>2026-08-01T07:23:56.000Z</time>
        <extensions>
          <ns3:TrackPointExtension>
            <ns3:atemp>27.0</ns3:atemp>
            <ns3:hr>135</ns3:hr>
            <ns3:cad>20</ns3:cad>
          </ns3:TrackPointExtension>
        </extensions>
      </trkpt>
      <trkpt lat="43.161121420562267303466796875" lon="10.53754024207592010498046875">
        <time>2026-08-01T07:23:57.000Z</time>
        <extensions>
          <ns3:TrackPointExtension>
            <ns3:atemp>27.0</ns3:atemp>
            <ns3:hr>136</ns3:hr>
            <ns3:cad>20</ns3:cad>
          </ns3:TrackPointExtension>
        </extensions>
      </trkpt>
      <trkpt lat="43.161116056144237518310546875" lon="10.53754166699945926666259765625">
        <time>2026-08-01T07:23:58.000Z</time>
        <extensions>
          <ns3:TrackPointExtension>
            <ns3:atemp>27.0</ns3:atemp>
            <ns3:hr>136</ns3:hr>
            <ns3:cad>20</ns3:cad>
          </ns3:TrackPointExtension>
        </extensions>
      </trkpt>
      <trkpt lat="43.16111060790717601776123046875" lon="10.5375430919229984283447265625">
        <time>2026-08-01T07:23:59.000Z</time>
        <extensions>
          <ns3:TrackPointExtension>
            <ns3:atemp>27.0</ns3:atemp>
            <ns3:hr>135</ns3:hr>
            <ns3:cad>20</ns3:cad>
          </ns3:TrackPointExtension>
        </extensions>
      </trkpt>
      <trkpt lat="43.16110507585108280181884765625" lon="10.53754451684653759002685546875">
        <time>2026-08-01T07:24:00.000Z</time>
        <extensions>
          <ns3:TrackPointExtension>
            <ns3:atemp>27.0</ns3:atemp>
            <ns3:hr>135</ns3:hr>
            <ns3:cad>19</ns3:cad>
          </ns3:TrackPointExtension>
        </extensions>
      </trkpt>
      <trkpt lat="43.161099292337894439697265625" lon="10.5375461094081401824951171875">
        <time>2026-08-01T07:24:01.000Z</time>
        <extensions>
          <ns3:TrackPointExtension>
            <ns3:atemp>27.0</ns3:atemp>
            <ns3:hr>136</ns3:hr>
            <ns3:cad>19</ns3:cad>
          </ns3:TrackPointExtension>
        </extensions>
      </trkpt>
      <trkpt lat="43.16109350882470607757568359375" lon="10.53754770196974277496337890625">
        <time>2026-08-01T07:24:02.000Z</time>
        <extensions>
          <ns3:TrackPointExtension>
            <ns3:atemp>27.0</ns3:atemp>
            <ns3:hr>136</ns3:hr>
            <ns3:cad>19</ns3:cad>
          </ns3:TrackPointExtension>
        </extensions>
      </trkpt>
      <trkpt lat="43.16108755767345428466796875" lon="10.53754937835037708282470703125">
        <time>2026-08-01T07:24:03.000Z</time>
        <extensions>
          <ns3:TrackPointExtension>
            <ns3:atemp>27.0</ns3:atemp>
            <ns3:hr>136</ns3:hr>
            <ns3:cad>18</ns3:cad>
          </ns3:TrackPointExtension>
        </extensions>
      </trkpt>
      <trkpt lat="43.1610813550651073455810546875" lon="10.53755155764520168304443359375">
        <time>2026-08-01T07:24:04.000Z</time>
        <extensions>
          <ns3:TrackPointExtension>
            <ns3:atemp>27.0</ns3:atemp>
            <ns3:hr>137</ns3:hr>
            <ns3:cad>18</ns3:cad>
          </ns3:TrackPointExtension>
        </extensions>
      </trkpt>
      <trkpt lat="43.16107506863772869110107421875" lon="10.53755373694002628326416015625">
        <time>2026-08-01T07:24:05.000Z</time>
        <extensions>
          <ns3:TrackPointExtension>
            <ns3:atemp>27.0</ns3:atemp>
            <ns3:hr>138</ns3:hr>
            <ns3:cad>18</ns3:cad>
          </ns3:TrackPointExtension>
        </extensions>
      </trkpt>
      <trkpt lat="43.16106869839131832122802734375" lon="10.53755591623485088348388671875">
        <time>2026-08-01T07:24:06.000Z</time>
        <extensions>
          <ns3:TrackPointExtension>
            <ns3:atemp>27.0</ns3:atemp>
            <ns3:hr>139</ns3:hr>
            <ns3:cad>18</ns3:cad>
          </ns3:TrackPointExtension>
        </extensions>
      </trkpt>
      <trkpt lat="43.16106216050684452056884765625" lon="10.5375581793487071990966796875">
        <time>2026-08-01T07:24:07.000Z</time>
        <extensions>
          <ns3:TrackPointExtension>
            <ns3:atemp>27.0</ns3:atemp>
            <ns3:hr>140</ns3:hr>
            <ns3:cad>18</ns3:cad>
          </ns3:TrackPointExtension>
        </extensions>
      </trkpt>
      <trkpt lat="43.16105562262237071990966796875" lon="10.5375605262815952301025390625">
        <time>2026-08-01T07:24:08.000Z</time>
        <extensions>
          <ns3:TrackPointExtension>
            <ns3:atemp>27.0</ns3:atemp>
            <ns3:hr>140</ns3:hr>
            <ns3:cad>18</ns3:cad>
          </ns3:TrackPointExtension>
        </extensions>
      </trkpt>
      <trkpt lat="43.16104891709983348846435546875" lon="10.53756295703351497650146484375">
        <time>2026-08-01T07:24:09.000Z</time>
        <extensions>
          <ns3:TrackPointExtension>
            <ns3:atemp>27.0</ns3:atemp>
            <ns3:hr>139</ns3:hr>
            <ns3:cad>18</ns3:cad>
          </ns3:TrackPointExtension>
        </extensions>
      </trkpt>
      <trkpt lat="43.16104221157729625701904296875" lon="10.537564717233180999755859375">
        <time>2026-08-01T07:24:10.000Z</time>
        <extensions>
          <ns3:TrackPointExtension>
            <ns3:atemp>27.0</ns3:atemp>
            <ns3:hr>139</ns3:hr>
            <ns3:cad>23</ns3:cad>
          </ns3:TrackPointExtension>
        </extensions>
      </trkpt>
      <trkpt lat="43.16103533841669559478759765625" lon="10.5375665612518787384033203125">
        <time>2026-08-01T07:24:11.000Z</time>
        <extensions>
          <ns3:TrackPointExtension>
            <ns3:atemp>27.0</ns3:atemp>
            <ns3:hr>140</ns3:hr>
            <ns3:cad>23</ns3:cad>
          </ns3:TrackPointExtension>
        </extensions>
      </trkpt>
      <trkpt lat="43.16102779470384120941162109375" lon="10.53756865672767162322998046875">
        <time>2026-08-01T07:24:12.000Z</time>
        <extensions>
          <ns3:TrackPointExtension>
            <ns3:atemp>27.0</ns3:atemp>
            <ns3:hr>140</ns3:hr>
            <ns3:cad>24</ns3:cad>
          </ns3:TrackPointExtension>
        </extensions>
      </trkpt>
      <trkpt lat="43.16102092154324054718017578125" lon="10.53757083602249622344970703125">
        <time>2026-08-01T07:24:13.000Z</time>
        <extensions>
          <ns3:TrackPointExtension>
            <ns3:atemp>27.0</ns3:atemp>
            <ns3:hr>140</ns3:hr>
            <ns3:cad>24</ns3:cad>
          </ns3:TrackPointExtension>
        </extensions>
      </trkpt>
      <trkpt lat="43.16101388074457645416259765625" lon="10.53757318295538425445556640625">
        <time>2026-08-01T07:24:14.000Z</time>
        <extensions>
          <ns3:TrackPointExtension>
            <ns3:atemp>27.0</ns3:atemp>
            <ns3:hr>141</ns3:hr>
            <ns3:cad>26</ns3:cad>
          </ns3:TrackPointExtension>
        </extensions>
      </trkpt>
      <trkpt lat="43.16100700758397579193115234375" lon="10.53757511079311370849609375">
        <time>2026-08-01T07:24:15.000Z</time>
        <extensions>
          <ns3:TrackPointExtension>
            <ns3:atemp>27.0</ns3:atemp>
            <ns3:hr>141</ns3:hr>
            <ns3:cad>26</ns3:cad>
          </ns3:TrackPointExtension>
        </extensions>
      </trkpt>
      <trkpt lat="43.16100030206143856048583984375" lon="10.537577457726001739501953125">
        <time>2026-08-01T07:24:16.000Z</time>
        <extensions>
          <ns3:TrackPointExtension>
            <ns3:atemp>27.0</ns3:atemp>
            <ns3:hr>141</ns3:hr>
            <ns3:cad>26</ns3:cad>
          </ns3:TrackPointExtension>
        </extensions>
      </trkpt>
      <trkpt lat="43.1609935127198696136474609375" lon="10.5375798046588897705078125">
        <time>2026-08-01T07:24:17.000Z</time>
        <extensions>
          <ns3:TrackPointExtension>
            <ns3:atemp>27.0</ns3:atemp>
            <ns3:hr>141</ns3:hr>
            <ns3:cad>25</ns3:cad>
          </ns3:TrackPointExtension>
        </extensions>
      </trkpt>
      <trkpt lat="43.16098672337830066680908203125" lon="10.53758223541080951690673828125">
        <time>2026-08-01T07:24:18.000Z</time>
        <extensions>
          <ns3:TrackPointExtension>
            <ns3:atemp>27.0</ns3:atemp>
            <ns3:hr>142</ns3:hr>
            <ns3:cad>25</ns3:cad>
          </ns3:TrackPointExtension>
        </extensions>
      </trkpt>
      <trkpt lat="43.160979934036731719970703125" lon="10.5375846661627292633056640625">
        <time>2026-08-01T07:24:19.000Z</time>
        <extensions>
          <ns3:TrackPointExtension>
            <ns3:atemp>27.0</ns3:atemp>
            <ns3:hr>142</ns3:hr>
            <ns3:cad>25</ns3:cad>
          </ns3:TrackPointExtension>
        </extensions>
      </trkpt>
      <trkpt lat="43.160972893238067626953125" lon="10.5375873483717441558837890625">
        <time>2026-08-01T07:24:20.000Z</time>
        <extensions>
          <ns3:TrackPointExtension>
            <ns3:atemp>27.0</ns3:atemp>
            <ns3:hr>142</ns3:hr>
            <ns3:cad>24</ns3:cad>
          </ns3:TrackPointExtension>
        </extensions>
      </trkpt>
      <trkpt lat="43.16096576862037181854248046875" lon="10.53759011439979076385498046875">
        <time>2026-08-01T07:24:21.000Z</time>
        <extensions>
          <ns3:TrackPointExtension>
            <ns3:atemp>27.0</ns3:atemp>
            <ns3:hr>142</ns3:hr>
            <ns3:cad>24</ns3:cad>
          </ns3:TrackPointExtension>
        </extensions>
      </trkpt>
      <trkpt lat="43.1609589792788028717041015625" lon="10.53759329952299594879150390625">
        <time>2026-08-01T07:24:22.000Z</time>
        <extensions>
          <ns3:TrackPointExtension>
            <ns3:atemp>27.0</ns3:atemp>
            <ns3:hr>142</ns3:hr>
            <ns3:cad>23</ns3:cad>
          </ns3:TrackPointExtension>
        </extensions>
      </trkpt>
      <trkpt lat="43.16095218993723392486572265625" lon="10.53759648464620113372802734375">
        <time>2026-08-01T07:24:23.000Z</time>
        <extensions>
          <ns3:TrackPointExtension>
            <ns3:atemp>27.0</ns3:atemp>
            <ns3:hr>143</ns3:hr>
            <ns3:cad>23</ns3:cad>
          </ns3:TrackPointExtension>
        </extensions>
      </trkpt>
      <trkpt lat="43.16094565205276012420654296875" lon="10.53759983740746974945068359375">
        <time>2026-08-01T07:24:24.000Z</time>
        <extensions>
          <ns3:TrackPointExtension>
            <ns3:atemp>27.0</ns3:atemp>
            <ns3:hr>143</ns3:hr>
            <ns3:cad>23</ns3:cad>
          </ns3:TrackPointExtension>
        </extensions>
      </trkpt>
      <trkpt lat="43.160939030349254608154296875" lon="10.53760302253067493438720703125">
        <time>2026-08-01T07:24:25.000Z</time>
        <extensions>
          <ns3:TrackPointExtension>
            <ns3:atemp>27.0</ns3:atemp>
            <ns3:hr>143</ns3:hr>
            <ns3:cad>23</ns3:cad>
          </ns3:TrackPointExtension>
        </extensions>
      </trkpt>
      <trkpt lat="43.1609324924647808074951171875" lon="10.53760637529194355010986328125">
        <time>2026-08-01T07:24:26.000Z</time>
        <extensions>
          <ns3:TrackPointExtension>
            <ns3:atemp>27.0</ns3:atemp>
            <ns3:hr>142</ns3:hr>
            <ns3:cad>23</ns3:cad>
          </ns3:TrackPointExtension>
        </extensions>
      </trkpt>
      <trkpt lat="43.16092620603740215301513671875" lon="10.53760972805321216583251953125">
        <time>2026-08-01T07:24:27.000Z</time>
        <extensions>
          <ns3:TrackPointExtension>
            <ns3:atemp>27.0</ns3:atemp>
            <ns3:hr>142</ns3:hr>
            <ns3:cad>23</ns3:cad>
          </ns3:TrackPointExtension>
        </extensions>
      </trkpt>
      <trkpt lat="43.16092000342905521392822265625" lon="10.5376131646335124969482421875">
        <time>2026-08-01T07:24:28.000Z</time>
        <extensions>
          <ns3:TrackPointExtension>
            <ns3:atemp>27.0</ns3:atemp>
            <ns3:hr>141</ns3:hr>
            <ns3:cad>22</ns3:cad>
          </ns3:TrackPointExtension>
        </extensions>
      </trkpt>
      <trkpt lat="43.1609140522778034210205078125" lon="10.53761643357574939727783203125">
        <time>2026-08-01T07:24:29.000Z</time>
        <extensions>
          <ns3:TrackPointExtension>
            <ns3:atemp>27.0</ns3:atemp>
            <ns3:hr>141</ns3:hr>
            <ns3:cad>22</ns3:cad>
          </ns3:TrackPointExtension>
        </extensions>
      </trkpt>
      <trkpt lat="43.16090826876461505889892578125" lon="10.537619702517986297607421875">
        <time>2026-08-01T07:24:30.000Z</time>
        <extensions>
          <ns3:TrackPointExtension>
            <ns3:atemp>27.0</ns3:atemp>
            <ns3:hr>142</ns3:hr>
            <ns3:cad>22</ns3:cad>
          </ns3:TrackPointExtension>
        </extensions>
      </trkpt>
      <trkpt lat="43.16090256907045841217041015625" lon="10.53762297146022319793701171875">
        <time>2026-08-01T07:24:31.000Z</time>
        <extensions>
          <ns3:TrackPointExtension>
            <ns3:atemp>27.0</ns3:atemp>
            <ns3:hr>142</ns3:hr>
            <ns3:cad>22</ns3:cad>
          </ns3:TrackPointExtension>
        </extensions>
      </trkpt>
      <trkpt lat="43.16089686937630176544189453125" lon="10.53762632422149181365966796875">
        <time>2026-08-01T07:24:32.000Z</time>
        <extensions>
          <ns3:TrackPointExtension>
            <ns3:atemp>27.0</ns3:atemp>
            <ns3:hr>142</ns3:hr>
            <ns3:cad>22</ns3:cad>
          </ns3:TrackPointExtension>
        </extensions>
      </trkpt>
      <trkpt lat="43.16089133732020854949951171875" lon="10.5376295931637287139892578125">
        <time>2026-08-01T07:24:33.000Z</time>
        <extensions>
          <ns3:TrackPointExtension>
            <ns3:atemp>27.0</ns3:atemp>
            <ns3:hr>142</ns3:hr>
            <ns3:cad>22</ns3:cad>
          </ns3:TrackPointExtension>
        </extensions>
      </trkpt>
      <trkpt lat="43.1608858890831470489501953125" lon="10.5376326106488704681396484375">
        <time>2026-08-01T07:24:34.000Z</time>
        <extensions>
          <ns3:TrackPointExtension>
            <ns3:atemp>27.0</ns3:atemp>
            <ns3:hr>142</ns3:hr>
            <ns3:cad>22</ns3:cad>
          </ns3:TrackPointExtension>
        </extensions>
      </trkpt>
      <trkpt lat="43.1608803570270538330078125" lon="10.53763571195304393768310546875">
        <time>2026-08-01T07:24:35.000Z</time>
        <extensions>
          <ns3:TrackPointExtension>
            <ns3:atemp>27.0</ns3:atemp>
            <ns3:hr>143</ns3:hr>
            <ns3:cad>22</ns3:cad>
          </ns3:TrackPointExtension>
        </extensions>
      </trkpt>
      <trkpt lat="43.16087490878999233245849609375" lon="10.53763872943818569183349609375">
        <time>2026-08-01T07:24:36.000Z</time>
        <extensions>
          <ns3:TrackPointExtension>
            <ns3:atemp>27.0</ns3:atemp>
            <ns3:hr>143</ns3:hr>
            <ns3:cad>22</ns3:cad>
          </ns3:TrackPointExtension>
        </extensions>
      </trkpt>
      <trkpt lat="43.160869292914867401123046875" lon="10.53764157928526401519775390625">
        <time>2026-08-01T07:24:37.000Z</time>
        <extensions>
          <ns3:TrackPointExtension>
            <ns3:atemp>27.0</ns3:atemp>
            <ns3:hr>143</ns3:hr>
            <ns3:cad>22</ns3:cad>
          </ns3:TrackPointExtension>
        </extensions>
      </trkpt>
      <trkpt lat="43.16086384467780590057373046875" lon="10.53764442913234233856201171875">
        <time>2026-08-01T07:24:38.000Z</time>
        <extensions>
          <ns3:TrackPointExtension>
            <ns3:atemp>27.0</ns3:atemp>
            <ns3:hr>143</ns3:hr>
            <ns3:cad>22</ns3:cad>
          </ns3:TrackPointExtension>
        </extensions>
      </trkpt>
      <trkpt lat="43.1608583964407444000244140625" lon="10.53764711134135723114013671875">
        <time>2026-08-01T07:24:39.000Z</time>
        <extensions>
          <ns3:TrackPointExtension>
            <ns3:atemp>27.0</ns3:atemp>
            <ns3:hr>144</ns3:hr>
            <ns3:cad>22</ns3:cad>
          </ns3:TrackPointExtension>
        </extensions>
      </trkpt>
      <trkpt lat="43.16085286438465118408203125" lon="10.53764962591230869293212890625">
        <time>2026-08-01T07:24:40.000Z</time>
        <extensions>
          <ns3:TrackPointExtension>
            <ns3:atemp>27.0</ns3:atemp>
            <ns3:hr>144</ns3:hr>
            <ns3:cad>22</ns3:cad>
          </ns3:TrackPointExtension>
        </extensions>
      </trkpt>
      <trkpt lat="43.16084749996662139892578125" lon="10.53765214048326015472412109375">
        <time>2026-08-01T07:24:41.000Z</time>
        <extensions>
          <ns3:TrackPointExtension>
            <ns3:atemp>27.0</ns3:atemp>
            <ns3:hr>144</ns3:hr>
            <ns3:cad>22</ns3:cad>
          </ns3:TrackPointExtension>
        </extensions>
      </trkpt>
      <trkpt lat="43.16084213554859161376953125" lon="10.53765431977808475494384765625">
        <time>2026-08-01T07:24:42.000Z</time>
        <extensions>
          <ns3:TrackPointExtension>
            <ns3:atemp>27.0</ns3:atemp>
            <ns3:hr>144</ns3:hr>
            <ns3:cad>22</ns3:cad>
          </ns3:TrackPointExtension>
        </extensions>
      </trkpt>
      <trkpt lat="43.16083685494959354400634765625" lon="10.5376564152538776397705078125">
        <time>2026-08-01T07:24:43.000Z</time>
        <extensions>
          <ns3:TrackPointExtension>
            <ns3:atemp>27.0</ns3:atemp>
            <ns3:hr>144</ns3:hr>
            <ns3:cad>22</ns3:cad>
          </ns3:TrackPointExtension>
        </extensions>
      </trkpt>
      <trkpt lat="43.16083149053156375885009765625" lon="10.53765825927257537841796875">
        <time>2026-08-01T07:24:44.000Z</time>
        <extensions>
          <ns3:TrackPointExtension>
            <ns3:atemp>27.0</ns3:atemp>
            <ns3:hr>144</ns3:hr>
            <ns3:cad>23</ns3:cad>
          </ns3:TrackPointExtension>
        </extensions>
      </trkpt>
      <trkpt lat="43.16082629375159740447998046875" lon="10.53765951655805110931396484375">
        <time>2026-08-01T07:24:45.000Z</time>
        <extensions>
          <ns3:TrackPointExtension>
            <ns3:atemp>27.0</ns3:atemp>
            <ns3:hr>144</ns3:hr>
            <ns3:cad>23</ns3:cad>
          </ns3:TrackPointExtension>
        </extensions>
      </trkpt>
      <trkpt lat="43.1608211807906627655029296875" lon="10.53766069002449512481689453125">
        <time>2026-08-01T07:24:46.000Z</time>
        <extensions>
          <ns3:TrackPointExtension>
            <ns3:atemp>27.0</ns3:atemp>
            <ns3:hr>144</ns3:hr>
            <ns3:cad>24</ns3:cad>
          </ns3:TrackPointExtension>
        </extensions>
      </trkpt>
      <trkpt lat="43.1608159840106964111328125" lon="10.53766169585287570953369140625">
        <time>2026-08-01T07:24:47.000Z</time>
        <extensions>
          <ns3:TrackPointExtension>
            <ns3:atemp>27.0</ns3:atemp>
            <ns3:hr>145</ns3:hr>
            <ns3:cad>24</ns3:cad>
          </ns3:TrackPointExtension>
        </extensions>
      </trkpt>
      <trkpt lat="43.16081087104976177215576171875" lon="10.53766253404319286346435546875">
        <time>2026-08-01T07:24:48.000Z</time>
        <extensions>
          <ns3:TrackPointExtension>
            <ns3:atemp>27.0</ns3:atemp>
            <ns3:hr>144</ns3:hr>
            <ns3:cad>24</ns3:cad>
          </ns3:TrackPointExtension>
        </extensions>
      </trkpt>
      <trkpt lat="43.160805590450763702392578125" lon="10.53766303695738315582275390625">
        <time>2026-08-01T07:24:49.000Z</time>
        <extensions>
          <ns3:TrackPointExtension>
            <ns3:atemp>27.0</ns3:atemp>
            <ns3:hr>144</ns3:hr>
            <ns3:cad>24</ns3:cad>
          </ns3:TrackPointExtension>
        </extensions>
      </trkpt>
      <trkpt lat="43.16080047748982906341552734375" lon="10.53766337223351001739501953125">
        <time>2026-08-01T07:24:50.000Z</time>
        <extensions>
          <ns3:TrackPointExtension>
            <ns3:atemp>27.0</ns3:atemp>
            <ns3:hr>144</ns3:hr>
            <ns3:cad>24</ns3:cad>
          </ns3:TrackPointExtension>
        </extensions>
      </trkpt>
      <trkpt lat="43.16079511307179927825927734375" lon="10.5376634560525417327880859375">
        <time>2026-08-01T07:24:51.000Z</time>
        <extensions>
          <ns3:TrackPointExtension>
            <ns3:atemp>27.0</ns3:atemp>
            <ns3:hr>144</ns3:hr>
            <ns3:cad>24</ns3:cad>
          </ns3:TrackPointExtension>
        </extensions>
      </trkpt>
      <trkpt lat="43.16078974865376949310302734375" lon="10.5376634560525417327880859375">
        <time>2026-08-01T07:24:52.000Z</time>
        <extensions>
          <ns3:TrackPointExtension>
            <ns3:atemp>27.0</ns3:atemp>
            <ns3:hr>144</ns3:hr>
            <ns3:cad>24</ns3:cad>
          </ns3:TrackPointExtension>
        </extensions>
      </trkpt>
      <trkpt lat="43.16078488714993000030517578125" lon="10.53766286931931972503662109375">
        <time>2026-08-01T07:24:53.000Z</time>
        <extensions>
          <ns3:TrackPointExtension>
            <ns3:atemp>27.0</ns3:atemp>
            <ns3:hr>144</ns3:hr>
            <ns3:cad>24</ns3:cad>
          </ns3:TrackPointExtension>
        </extensions>
      </trkpt>
      <trkpt lat="43.1607799418270587921142578125" lon="10.53766219876706600189208984375">
        <time>2026-08-01T07:24:54.000Z</time>
        <extensions>
          <ns3:TrackPointExtension>
            <ns3:atemp>27.0</ns3:atemp>
            <ns3:hr>144</ns3:hr>
            <ns3:cad>24</ns3:cad>
          </ns3:TrackPointExtension>
        </extensions>
      </trkpt>
      <trkpt lat="43.16077508032321929931640625" lon="10.53766136057674884796142578125">
        <time>2026-08-01T07:24:55.000Z</time>
        <extensions>
          <ns3:TrackPointExtension>
            <ns3:atemp>27.0</ns3:atemp>
            <ns3:hr>144</ns3:hr>
            <ns3:cad>24</ns3:cad>
          </ns3:TrackPointExtension>
        </extensions>
      </trkpt>
      <trkpt lat="43.16076996736228466033935546875" lon="10.5376604385673999786376953125">
        <time>2026-08-01T07:24:56.000Z</time>
        <extensions>
          <ns3:TrackPointExtension>
            <ns3:atemp>27.0</ns3:atemp>
            <ns3:hr>144</ns3:hr>
            <ns3:cad>24</ns3:cad>
          </ns3:TrackPointExtension>
        </extensions>
      </trkpt>
      <trkpt lat="43.16076493822038173675537109375" lon="10.53765951655805110931396484375">
        <time>2026-08-01T07:24:57.000Z</time>
        <extensions>
          <ns3:TrackPointExtension>
            <ns3:atemp>27.0</ns3:atemp>
            <ns3:hr>144</ns3:hr>
            <ns3:cad>24</ns3:cad>
          </ns3:TrackPointExtension>
        </extensions>
      </trkpt>
      <trkpt lat="43.16075974144041538238525390625" lon="10.53765825927257537841796875">
        <time>2026-08-01T07:24:58.000Z</time>
        <extensions>
          <ns3:TrackPointExtension>
            <ns3:atemp>27.0</ns3:atemp>
            <ns3:hr>145</ns3:hr>
            <ns3:cad>24</ns3:cad>
          </ns3:TrackPointExtension>
        </extensions>
      </trkpt>
      <trkpt lat="43.160754628479480743408203125" lon="10.5376567505300045013427734375">
        <time>2026-08-01T07:24:59.000Z</time>
        <extensions>
          <ns3:TrackPointExtension>
            <ns3:atemp>27.0</ns3:atemp>
            <ns3:hr>144</ns3:hr>
            <ns3:cad>24</ns3:cad>
          </ns3:TrackPointExtension>
        </extensions>
      </trkpt>
      <trkpt lat="43.1607494316995143890380859375" lon="10.53765515796840190887451171875">
        <time>2026-08-01T07:25:00.000Z</time>
        <extensions>
          <ns3:TrackPointExtension>
            <ns3:atemp>27.0</ns3:atemp>
            <ns3:hr>145</ns3:hr>
            <ns3:cad>24</ns3:cad>
          </ns3:TrackPointExtension>
        </extensions>
      </trkpt>
      <trkpt lat="43.16074448637664318084716796875" lon="10.537653230130672454833984375">
        <time>2026-08-01T07:25:01.000Z</time>
        <extensions>
          <ns3:TrackPointExtension>
            <ns3:atemp>27.0</ns3:atemp>
            <ns3:hr>145</ns3:hr>
            <ns3:cad>24</ns3:cad>
          </ns3:TrackPointExtension>
        </extensions>
      </trkpt>
      <trkpt lat="43.16073945723474025726318359375" lon="10.5376510508358478546142578125">
        <time>2026-08-01T07:25:02.000Z</time>
        <extensions>
          <ns3:TrackPointExtension>
            <ns3:atemp>27.0</ns3:atemp>
            <ns3:hr>145</ns3:hr>
            <ns3:cad>24</ns3:cad>
          </ns3:TrackPointExtension>
        </extensions>
      </trkpt>
      <trkpt lat="43.16073459573090076446533203125" lon="10.5376487039029598236083984375">
        <time>2026-08-01T07:25:03.000Z</time>
        <extensions>
          <ns3:TrackPointExtension>
            <ns3:atemp>27.0</ns3:atemp>
            <ns3:hr>146</ns3:hr>
            <ns3:cad>24</ns3:cad>
          </ns3:TrackPointExtension>
        </extensions>
      </trkpt>
      <trkpt lat="43.1607296504080295562744140625" lon="10.53764618933200836181640625">
        <time>2026-08-01T07:25:04.000Z</time>
        <extensions>
          <ns3:TrackPointExtension>
            <ns3:atemp>27.0</ns3:atemp>
            <ns3:hr>145</ns3:hr>
            <ns3:cad>24</ns3:cad>
          </ns3:TrackPointExtension>
        </extensions>
      </trkpt>
      <trkpt lat="43.1607247889041900634765625" lon="10.53764350712299346923828125">
        <time>2026-08-01T07:25:05.000Z</time>
        <extensions>
          <ns3:TrackPointExtension>
            <ns3:atemp>27.0</ns3:atemp>
            <ns3:hr>146</ns3:hr>
            <ns3:cad>24</ns3:cad>
          </ns3:TrackPointExtension>
        </extensions>
      </trkpt>
      <trkpt lat="43.16072001121938228607177734375" lon="10.53764074109494686126708984375">
        <time>2026-08-01T07:25:06.000Z</time>
        <extensions>
          <ns3:TrackPointExtension>
            <ns3:atemp>27.0</ns3:atemp>
            <ns3:hr>146</ns3:hr>
            <ns3:cad>24</ns3:cad>
          </ns3:TrackPointExtension>
        </extensions>
      </trkpt>
      <trkpt lat="43.16071531735360622406005859375" lon="10.537637807428836822509765625">
        <time>2026-08-01T07:25:07.000Z</time>
        <extensions>
          <ns3:TrackPointExtension>
            <ns3:atemp>27.0</ns3:atemp>
            <ns3:hr>146</ns3:hr>
            <ns3:cad>24</ns3:cad>
          </ns3:TrackPointExtension>
        </extensions>
      </trkpt>
      <trkpt lat="43.16071070730686187744140625" lon="10.5376346223056316375732421875">
        <time>2026-08-01T07:25:08.000Z</time>
        <extensions>
          <ns3:TrackPointExtension>
            <ns3:atemp>27.0</ns3:atemp>
            <ns3:hr>147</ns3:hr>
            <ns3:cad>25</ns3:cad>
          </ns3:TrackPointExtension>
        </extensions>
      </trkpt>
      <trkpt lat="43.1607061810791492462158203125" lon="10.53763135336339473724365234375">
        <time>2026-08-01T07:25:09.000Z</time>
        <extensions>
          <ns3:TrackPointExtension>
            <ns3:atemp>27.0</ns3:atemp>
            <ns3:hr>147</ns3:hr>
            <ns3:cad>25</ns3:cad>
          </ns3:TrackPointExtension>
        </extensions>
      </trkpt>
      <trkpt lat="43.16070157103240489959716796875" lon="10.53762783296406269073486328125">
        <time>2026-08-01T07:25:10.000Z</time>
        <extensions>
          <ns3:TrackPointExtension>
            <ns3:atemp>27.0</ns3:atemp>
            <ns3:hr>147</ns3:hr>
            <ns3:cad>26</ns3:cad>
          </ns3:TrackPointExtension>
        </extensions>
      </trkpt>
      <trkpt lat="43.160696960985660552978515625" lon="10.5376242287456989288330078125">
        <time>2026-08-01T07:25:11.000Z</time>
        <extensions>
          <ns3:TrackPointExtension>
            <ns3:atemp>27.0</ns3:atemp>
            <ns3:hr>147</ns3:hr>
            <ns3:cad>26</ns3:cad>
          </ns3:TrackPointExtension>
        </extensions>
      </trkpt>
      <trkpt lat="43.1606924347579479217529296875" lon="10.53762045688927173614501953125">
        <time>2026-08-01T07:25:12.000Z</time>
        <extensions>
          <ns3:TrackPointExtension>
            <ns3:atemp>27.0</ns3:atemp>
            <ns3:hr>147</ns3:hr>
            <ns3:cad>26</ns3:cad>
          </ns3:TrackPointExtension>
        </extensions>
      </trkpt>
      <trkpt lat="43.16068815998733043670654296875" lon="10.53761660121381282806396484375">
        <time>2026-08-01T07:25:13.000Z</time>
        <extensions>
          <ns3:TrackPointExtension>
            <ns3:atemp>27.0</ns3:atemp>
            <ns3:hr>147</ns3:hr>
            <ns3:cad>26</ns3:cad>
          </ns3:TrackPointExtension>
        </extensions>
      </trkpt>
      <trkpt lat="43.16068388521671295166015625" lon="10.53761274553835391998291015625">
        <time>2026-08-01T07:25:14.000Z</time>
        <extensions>
          <ns3:TrackPointExtension>
            <ns3:atemp>27.0</ns3:atemp>
            <ns3:hr>147</ns3:hr>
            <ns3:cad>26</ns3:cad>
          </ns3:TrackPointExtension>
        </extensions>
      </trkpt>
      <trkpt lat="43.1606796942651271820068359375" lon="10.5376088060438632965087890625">
        <time>2026-08-01T07:25:15.000Z</time>
        <extensions>
          <ns3:TrackPointExtension>
            <ns3:atemp>27.0</ns3:atemp>
            <ns3:hr>146</ns3:hr>
            <ns3:cad>26</ns3:cad>
          </ns3:TrackPointExtension>
        </extensions>
      </trkpt>
      <trkpt lat="43.1606796942651271820068359375" lon="10.5376088060438632965087890625">
        <time>2026-08-01T07:25:16.000Z</time>
        <extensions>
          <ns3:TrackPointExtension>
            <ns3:atemp>27.0</ns3:atemp>
            <ns3:hr>147</ns3:hr>
            <ns3:cad>26</ns3:cad>
          </ns3:TrackPointExtension>
        </extensions>
      </trkpt>
      <trkpt lat="43.16067575477063655853271484375" lon="10.53760469891130924224853515625">
        <time>2026-08-01T07:25:17.000Z</time>
        <extensions>
          <ns3:TrackPointExtension>
            <ns3:atemp>27.0</ns3:atemp>
            <ns3:hr>147</ns3:hr>
            <ns3:cad>25</ns3:cad>
          </ns3:TrackPointExtension>
        </extensions>
      </trkpt>
      <trkpt lat="43.16067189909517765045166015625" lon="10.53760059177875518798828125">
        <time>2026-08-01T07:25:18.000Z</time>
        <extensions>
          <ns3:TrackPointExtension>
            <ns3:atemp>27.0</ns3:atemp>
            <ns3:hr>147</ns3:hr>
            <ns3:cad>25</ns3:cad>
          </ns3:TrackPointExtension>
        </extensions>
      </trkpt>
      <trkpt lat="43.160668127238750457763671875" lon="10.53759665228426456451416015625">
        <time>2026-08-01T07:25:19.000Z</time>
        <extensions>
          <ns3:TrackPointExtension>
            <ns3:atemp>27.0</ns3:atemp>
            <ns3:hr>146</ns3:hr>
            <ns3:cad>25</ns3:cad>
          </ns3:TrackPointExtension>
        </extensions>
      </trkpt>
      <trkpt lat="43.160668127238750457763671875" lon="10.53759665228426456451416015625">
        <time>2026-08-01T07:25:20.000Z</time>
        <extensions>
          <ns3:TrackPointExtension>
            <ns3:atemp>27.0</ns3:atemp>
            <ns3:hr>146</ns3:hr>
            <ns3:cad>26</ns3:cad>
          </ns3:TrackPointExtension>
        </extensions>
      </trkpt>
      <trkpt lat="43.16066452302038669586181640625" lon="10.5375927127897739410400390625">
        <time>2026-08-01T07:25:21.000Z</time>
        <extensions>
          <ns3:TrackPointExtension>
            <ns3:atemp>27.0</ns3:atemp>
            <ns3:hr>146</ns3:hr>
            <ns3:cad>26</ns3:cad>
          </ns3:TrackPointExtension>
        </extensions>
      </trkpt>
      <trkpt lat="43.16066452302038669586181640625" lon="10.5375927127897739410400390625">
        <time>2026-08-01T07:25:22.000Z</time>
        <extensions>
          <ns3:TrackPointExtension>
            <ns3:atemp>27.0</ns3:atemp>
            <ns3:hr>146</ns3:hr>
            <ns3:cad>26</ns3:cad>
          </ns3:TrackPointExtension>
        </extensions>
      </trkpt>
      <trkpt lat="43.16066100262105464935302734375" lon="10.53758877329528331756591796875">
        <time>2026-08-01T07:25:23.000Z</time>
        <extensions>
          <ns3:TrackPointExtension>
            <ns3:atemp>27.0</ns3:atemp>
            <ns3:hr>146</ns3:hr>
            <ns3:cad>26</ns3:cad>
          </ns3:TrackPointExtension>
        </extensions>
      </trkpt>
      <trkpt lat="43.1606575660407543182373046875" lon="10.5375850014388561248779296875">
        <time>2026-08-01T07:25:24.000Z</time>
        <extensions>
          <ns3:TrackPointExtension>
            <ns3:atemp>27.0</ns3:atemp>
            <ns3:hr>146</ns3:hr>
            <ns3:cad>26</ns3:cad>
          </ns3:TrackPointExtension>
        </extensions>
      </trkpt>
      <trkpt lat="43.1606575660407543182373046875" lon="10.5375850014388561248779296875">
        <time>2026-08-01T07:25:25.000Z</time>
        <extensions>
          <ns3:TrackPointExtension>
            <ns3:atemp>27.0</ns3:atemp>
            <ns3:hr>147</ns3:hr>
            <ns3:cad>25</ns3:cad>
          </ns3:TrackPointExtension>
        </extensions>
      </trkpt>
      <trkpt lat="43.1606575660407543182373046875" lon="10.5375850014388561248779296875">
        <time>2026-08-01T07:25:26.000Z</time>
        <extensions>
          <ns3:TrackPointExtension>
            <ns3:atemp>27.0</ns3:atemp>
            <ns3:hr>147</ns3:hr>
            <ns3:cad>27</ns3:cad>
          </ns3:TrackPointExtension>
        </extensions>
      </trkpt>
      <trkpt lat="43.1606542132794857025146484375" lon="10.537581145763397216796875">
        <time>2026-08-01T07:25:27.000Z</time>
        <extensions>
          <ns3:TrackPointExtension>
            <ns3:atemp>27.0</ns3:atemp>
            <ns3:hr>148</ns3:hr>
            <ns3:cad>27</ns3:cad>
          </ns3:TrackPointExtension>
        </extensions>
      </trkpt>
      <trkpt lat="43.16065094433724880218505859375" lon="10.53757754154503345489501953125">
        <time>2026-08-01T07:25:28.000Z</time>
        <extensions>
          <ns3:TrackPointExtension>
            <ns3:atemp>27.0</ns3:atemp>
            <ns3:hr>147</ns3:hr>
            <ns3:cad>28</ns3:cad>
          </ns3:TrackPointExtension>
        </extensions>
      </trkpt>
      <trkpt lat="43.16064775921404361724853515625" lon="10.5375739373266696929931640625">
        <time>2026-08-01T07:25:29.000Z</time>
        <extensions>
          <ns3:TrackPointExtension>
            <ns3:atemp>27.0</ns3:atemp>
            <ns3:hr>148</ns3:hr>
            <ns3:cad>30</ns3:cad>
          </ns3:TrackPointExtension>
        </extensions>
      </trkpt>
      <trkpt lat="43.16064474172890186309814453125" lon="10.5375705845654010772705078125">
        <time>2026-08-01T07:25:30.000Z</time>
        <extensions>
          <ns3:TrackPointExtension>
            <ns3:atemp>27.0</ns3:atemp>
            <ns3:hr>148</ns3:hr>
            <ns3:cad>30</ns3:cad>
          </ns3:TrackPointExtension>
        </extensions>
      </trkpt>
      <trkpt lat="43.16064172424376010894775390625" lon="10.537567399442195892333984375">
        <time>2026-08-01T07:25:31.000Z</time>
        <extensions>
          <ns3:TrackPointExtension>
            <ns3:atemp>27.0</ns3:atemp>
            <ns3:hr>148</ns3:hr>
            <ns3:cad>32</ns3:cad>
          </ns3:TrackPointExtension>
        </extensions>
      </trkpt>
      <trkpt lat="43.16063887439668178558349609375" lon="10.5375642143189907073974609375">
        <time>2026-08-01T07:25:32.000Z</time>
        <extensions>
          <ns3:TrackPointExtension>
            <ns3:atemp>27.0</ns3:atemp>
            <ns3:hr>149</ns3:hr>
            <ns3:cad>32</ns3:cad>
          </ns3:TrackPointExtension>
        </extensions>
      </trkpt>
      <trkpt lat="43.16063602454960346221923828125" lon="10.53756111301481723785400390625">
        <time>2026-08-01T07:25:33.000Z</time>
        <extensions>
          <ns3:TrackPointExtension>
            <ns3:atemp>27.0</ns3:atemp>
            <ns3:hr>150</ns3:hr>
            <ns3:cad>37</ns3:cad>
          </ns3:TrackPointExtension>
        </extensions>
      </trkpt>
      <trkpt lat="43.16063334234058856964111328125" lon="10.53755809552967548370361328125">
        <time>2026-08-01T07:25:34.000Z</time>
        <extensions>
          <ns3:TrackPointExtension>
            <ns3:atemp>27.0</ns3:atemp>
            <ns3:hr>151</ns3:hr>
            <ns3:cad>38</ns3:cad>
          </ns3:TrackPointExtension>
        </extensions>
      </trkpt>
      <trkpt lat="43.16063082776963710784912109375" lon="10.53755541332066059112548828125">
        <time>2026-08-01T07:25:35.000Z</time>
        <extensions>
          <ns3:TrackPointExtension>
            <ns3:atemp>27.0</ns3:atemp>
            <ns3:hr>151</ns3:hr>
            <ns3:cad>38</ns3:cad>
          </ns3:TrackPointExtension>
        </extensions>
      </trkpt>
      <trkpt lat="43.1605449132621288299560546875" lon="10.5374284274876117706298828125">
        <time>2026-08-01T07:27:46.000Z</time>
        <extensions>
          <ns3:TrackPointExtension>
            <ns3:atemp>27.0</ns3:atemp>
            <ns3:hr>138</ns3:hr>
            <ns3:cad>28</ns3:cad>
          </ns3:TrackPointExtension>
        </extensions>
      </trkpt>
      <trkpt lat="43.1605462543666362762451171875" lon="10.537427924573421478271484375">
        <time>2026-08-01T07:27:47.000Z</time>
        <extensions>
          <ns3:TrackPointExtension>
            <ns3:atemp>27.0</ns3:atemp>
            <ns3:hr>137</ns3:hr>
            <ns3:cad>28</ns3:cad>
          </ns3:TrackPointExtension>
        </extensions>
      </trkpt>
      <trkpt lat="43.160548098385334014892578125" lon="10.5374277569353580474853515625">
        <time>2026-08-01T07:27:48.000Z</time>
        <extensions>
          <ns3:TrackPointExtension>
            <ns3:atemp>27.0</ns3:atemp>
            <ns3:hr>137</ns3:hr>
            <ns3:cad>26</ns3:cad>
          </ns3:TrackPointExtension>
        </extensions>
      </trkpt>
      <trkpt lat="43.16055002622306346893310546875" lon="10.53742800839245319366455078125">
        <time>2026-08-01T07:27:49.000Z</time>
        <extensions>
          <ns3:TrackPointExtension>
            <ns3:atemp>27.0</ns3:atemp>
            <ns3:hr>137</ns3:hr>
            <ns3:cad>26</ns3:cad>
          </ns3:TrackPointExtension>
        </extensions>
      </trkpt>
      <trkpt lat="43.16054969094693660736083984375" lon="10.53742582909762859344482421875">
        <time>2026-08-01T07:27:50.000Z</time>
        <extensions>
          <ns3:TrackPointExtension>
            <ns3:atemp>27.0</ns3:atemp>
            <ns3:hr>136</ns3:hr>
            <ns3:cad>27</ns3:cad>
          </ns3:TrackPointExtension>
        </extensions>
      </trkpt>
      <trkpt lat="43.160549439489841461181640625" lon="10.5374237336218357086181640625">
        <time>2026-08-01T07:27:51.000Z</time>
        <extensions>
          <ns3:TrackPointExtension>
            <ns3:atemp>27.0</ns3:atemp>
            <ns3:hr>136</ns3:hr>
            <ns3:cad>27</ns3:cad>
          </ns3:TrackPointExtension>
        </extensions>
      </trkpt>
      <trkpt lat="43.16054935567080974578857421875" lon="10.5374215543270111083984375">
        <time>2026-08-01T07:27:52.000Z</time>
        <extensions>
          <ns3:TrackPointExtension>
            <ns3:atemp>27.0</ns3:atemp>
            <ns3:hr>136</ns3:hr>
            <ns3:cad>27</ns3:cad>
          </ns3:TrackPointExtension>
        </extensions>
      </trkpt>
      <trkpt lat="43.16054935567080974578857421875" lon="10.53741945885121822357177734375">
        <time>2026-08-01T07:27:53.000Z</time>
        <extensions>
          <ns3:TrackPointExtension>
            <ns3:atemp>27.0</ns3:atemp>
            <ns3:hr>137</ns3:hr>
            <ns3:cad>27</ns3:cad>
          </ns3:TrackPointExtension>
        </extensions>
      </trkpt>
      <trkpt lat="43.16054952330887317657470703125" lon="10.5374173633754253387451171875">
        <time>2026-08-01T07:27:54.000Z</time>
        <extensions>
          <ns3:TrackPointExtension>
            <ns3:atemp>27.0</ns3:atemp>
            <ns3:hr>136</ns3:hr>
            <ns3:cad>27</ns3:cad>
          </ns3:TrackPointExtension>
        </extensions>
      </trkpt>
      <trkpt lat="43.16054985858500003814697265625" lon="10.53741543553769588470458984375">
        <time>2026-08-01T07:27:55.000Z</time>
        <extensions>
          <ns3:TrackPointExtension>
            <ns3:atemp>27.0</ns3:atemp>
            <ns3:hr>137</ns3:hr>
            <ns3:cad>27</ns3:cad>
          </ns3:TrackPointExtension>
        </extensions>
      </trkpt>
      <trkpt lat="43.1605502776801586151123046875" lon="10.5374135076999664306640625">
        <time>2026-08-01T07:27:56.000Z</time>
        <extensions>
          <ns3:TrackPointExtension>
            <ns3:atemp>27.0</ns3:atemp>
            <ns3:hr>137</ns3:hr>
            <ns3:cad>27</ns3:cad>
          </ns3:TrackPointExtension>
        </extensions>
      </trkpt>
      <trkpt lat="43.16055086441338062286376953125" lon="10.53741157986223697662353515625">
        <time>2026-08-01T07:27:57.000Z</time>
        <extensions>
          <ns3:TrackPointExtension>
            <ns3:atemp>27.0</ns3:atemp>
            <ns3:hr>138</ns3:hr>
            <ns3:cad>26</ns3:cad>
          </ns3:TrackPointExtension>
        </extensions>
      </trkpt>
      <trkpt lat="43.160551451146602630615234375" lon="10.53740973584353923797607421875">
        <time>2026-08-01T07:27:58.000Z</time>
        <extensions>
          <ns3:TrackPointExtension>
            <ns3:atemp>27.0</ns3:atemp>
            <ns3:hr>138</ns3:hr>
            <ns3:cad>26</ns3:cad>
          </ns3:TrackPointExtension>
        </extensions>
      </trkpt>
      <trkpt lat="43.16055220551788806915283203125" lon="10.5374079756438732147216796875">
        <time>2026-08-01T07:27:59.000Z</time>
        <extensions>
          <ns3:TrackPointExtension>
            <ns3:atemp>27.0</ns3:atemp>
            <ns3:hr>140</ns3:hr>
            <ns3:cad>26</ns3:cad>
          </ns3:TrackPointExtension>
        </extensions>
      </trkpt>
      <trkpt lat="43.16055304370820522308349609375" lon="10.53740613162517547607421875">
        <time>2026-08-01T07:28:00.000Z</time>
        <extensions>
          <ns3:TrackPointExtension>
            <ns3:atemp>27.0</ns3:atemp>
            <ns3:hr>140</ns3:hr>
            <ns3:cad>26</ns3:cad>
          </ns3:TrackPointExtension>
        </extensions>
      </trkpt>
      <trkpt lat="43.16055379807949066162109375" lon="10.53740437142550945281982421875">
        <time>2026-08-01T07:28:01.000Z</time>
        <extensions>
          <ns3:TrackPointExtension>
            <ns3:atemp>27.0</ns3:atemp>
            <ns3:hr>141</ns3:hr>
            <ns3:cad>27</ns3:cad>
          </ns3:TrackPointExtension>
        </extensions>
      </trkpt>
      <trkpt lat="43.1605546362698078155517578125" lon="10.5374026112258434295654296875">
        <time>2026-08-01T07:28:02.000Z</time>
        <extensions>
          <ns3:TrackPointExtension>
            <ns3:atemp>27.0</ns3:atemp>
            <ns3:hr>141</ns3:hr>
            <ns3:cad>27</ns3:cad>
          </ns3:TrackPointExtension>
        </extensions>
      </trkpt>
      <trkpt lat="43.160555474460124969482421875" lon="10.53740085102617740631103515625">
        <time>2026-08-01T07:28:03.000Z</time>
        <extensions>
          <ns3:TrackPointExtension>
            <ns3:atemp>27.0</ns3:atemp>
            <ns3:hr>141</ns3:hr>
            <ns3:cad>27</ns3:cad>
          </ns3:TrackPointExtension>
        </extensions>
      </trkpt>
      <trkpt lat="43.1605563126504421234130859375" lon="10.537399090826511383056640625">
        <time>2026-08-01T07:28:04.000Z</time>
        <extensions>
          <ns3:TrackPointExtension>
            <ns3:atemp>27.0</ns3:atemp>
            <ns3:hr>142</ns3:hr>
            <ns3:cad>27</ns3:cad>
          </ns3:TrackPointExtension>
        </extensions>
      </trkpt>
      <trkpt lat="43.16056159324944019317626953125" lon="10.53740269504487514495849609375">
        <time>2026-08-01T07:28:05.000Z</time>
        <extensions>
          <ns3:TrackPointExtension>
            <ns3:atemp>27.0</ns3:atemp>
            <ns3:hr>143</ns3:hr>
            <ns3:cad>27</ns3:cad>
          </ns3:TrackPointExtension>
        </extensions>
      </trkpt>
      <trkpt lat="43.16056679002940654754638671875" lon="10.537406466901302337646484375">
        <time>2026-08-01T07:28:06.000Z</time>
        <extensions>
          <ns3:TrackPointExtension>
            <ns3:atemp>27.0</ns3:atemp>
            <ns3:hr>143</ns3:hr>
            <ns3:cad>27</ns3:cad>
          </ns3:TrackPointExtension>
        </extensions>
      </trkpt>
      <trkpt lat="43.16056679002940654754638671875" lon="10.537406466901302337646484375">
        <time>2026-08-01T07:28:07.000Z</time>
        <extensions>
          <ns3:TrackPointExtension>
            <ns3:atemp>27.0</ns3:atemp>
            <ns3:hr>144</ns3:hr>
            <ns3:cad>27</ns3:cad>
          </ns3:TrackPointExtension>
        </extensions>
      </trkpt>
      <trkpt lat="43.16057215444743633270263671875" lon="10.53741040639579296112060546875">
        <time>2026-08-01T07:28:08.000Z</time>
        <extensions>
          <ns3:TrackPointExtension>
            <ns3:atemp>27.0</ns3:atemp>
            <ns3:hr>144</ns3:hr>
            <ns3:cad>27</ns3:cad>
          </ns3:TrackPointExtension>
        </extensions>
      </trkpt>
      <trkpt lat="43.16057215444743633270263671875" lon="10.53741040639579296112060546875">
        <time>2026-08-01T07:28:09.000Z</time>
        <extensions>
          <ns3:TrackPointExtension>
            <ns3:atemp>27.0</ns3:atemp>
            <ns3:hr>145</ns3:hr>
            <ns3:cad>27</ns3:cad>
          </ns3:TrackPointExtension>
        </extensions>
      </trkpt>
      <trkpt lat="43.1605772674083709716796875" lon="10.5374143458902835845947265625">
        <time>2026-08-01T07:28:10.000Z</time>
        <extensions>
          <ns3:TrackPointExtension>
            <ns3:atemp>27.0</ns3:atemp>
            <ns3:hr>146</ns3:hr>
            <ns3:cad>27</ns3:cad>
          </ns3:TrackPointExtension>
        </extensions>
      </trkpt>
      <trkpt lat="43.1605772674083709716796875" lon="10.5374143458902835845947265625">
        <time>2026-08-01T07:28:11.000Z</time>
        <extensions>
          <ns3:TrackPointExtension>
            <ns3:atemp>27.0</ns3:atemp>
            <ns3:hr>147</ns3:hr>
            <ns3:cad>27</ns3:cad>
          </ns3:TrackPointExtension>
        </extensions>
      </trkpt>
      <trkpt lat="43.16058204509317874908447265625" lon="10.53741795010864734649658203125">
        <time>2026-08-01T07:28:12.000Z</time>
        <extensions>
          <ns3:TrackPointExtension>
            <ns3:atemp>27.0</ns3:atemp>
            <ns3:hr>147</ns3:hr>
            <ns3:cad>28</ns3:cad>
          </ns3:TrackPointExtension>
        </extensions>
      </trkpt>
      <trkpt lat="43.16058204509317874908447265625" lon="10.53741795010864734649658203125">
        <time>2026-08-01T07:28:13.000Z</time>
        <extensions>
          <ns3:TrackPointExtension>
            <ns3:atemp>27.0</ns3:atemp>
            <ns3:hr>147</ns3:hr>
            <ns3:cad>28</ns3:cad>
          </ns3:TrackPointExtension>
        </extensions>
      </trkpt>
      <trkpt lat="43.16058673895895481109619140625" lon="10.53742130286991596221923828125">
        <time>2026-08-01T07:28:14.000Z</time>
        <extensions>
          <ns3:TrackPointExtension>
            <ns3:atemp>27.0</ns3:atemp>
            <ns3:hr>147</ns3:hr>
            <ns3:cad>28</ns3:cad>
          </ns3:TrackPointExtension>
        </extensions>
      </trkpt>
      <trkpt lat="43.16058673895895481109619140625" lon="10.53742130286991596221923828125">
        <time>2026-08-01T07:28:15.000Z</time>
        <extensions>
          <ns3:TrackPointExtension>
            <ns3:atemp>27.0</ns3:atemp>
            <ns3:hr>147</ns3:hr>
            <ns3:cad>28</ns3:cad>
          </ns3:TrackPointExtension>
        </extensions>
      </trkpt>
      <trkpt lat="43.16059143282473087310791015625" lon="10.5374247394502162933349609375">
        <time>2026-08-01T07:28:16.000Z</time>
        <extensions>
          <ns3:TrackPointExtension>
            <ns3:atemp>27.0</ns3:atemp>
            <ns3:hr>146</ns3:hr>
            <ns3:cad>28</ns3:cad>
          </ns3:TrackPointExtension>
        </extensions>
      </trkpt>
      <trkpt lat="43.16059143282473087310791015625" lon="10.5374247394502162933349609375">
        <time>2026-08-01T07:28:17.000Z</time>
        <extensions>
          <ns3:TrackPointExtension>
            <ns3:atemp>27.0</ns3:atemp>
            <ns3:hr>145</ns3:hr>
            <ns3:cad>28</ns3:cad>
          </ns3:TrackPointExtension>
        </extensions>
      </trkpt>
      <trkpt lat="43.16059562377631664276123046875" lon="10.5374274216592311859130859375">
        <time>2026-08-01T07:28:18.000Z</time>
        <extensions>
          <ns3:TrackPointExtension>
            <ns3:atemp>27.0</ns3:atemp>
            <ns3:hr>145</ns3:hr>
            <ns3:cad>21</ns3:cad>
          </ns3:TrackPointExtension>
        </extensions>
      </trkpt>
      <trkpt lat="43.16059562377631664276123046875" lon="10.5374274216592311859130859375">
        <time>2026-08-01T07:28:19.000Z</time>
        <extensions>
          <ns3:TrackPointExtension>
            <ns3:atemp>27.0</ns3:atemp>
            <ns3:hr>145</ns3:hr>
            <ns3:cad>21</ns3:cad>
          </ns3:TrackPointExtension>
        </extensions>
      </trkpt>
      <trkpt lat="43.160599730908870697021484375" lon="10.5374301038682460784912109375">
        <time>2026-08-01T07:28:20.000Z</time>
        <extensions>
          <ns3:TrackPointExtension>
            <ns3:atemp>27.0</ns3:atemp>
            <ns3:hr>144</ns3:hr>
            <ns3:cad>21</ns3:cad>
          </ns3:TrackPointExtension>
        </extensions>
      </trkpt>
      <trkpt lat="43.160599730908870697021484375" lon="10.5374301038682460784912109375">
        <time>2026-08-01T07:28:21.000Z</time>
        <extensions>
          <ns3:TrackPointExtension>
            <ns3:atemp>27.0</ns3:atemp>
            <ns3:hr>143</ns3:hr>
            <ns3:cad>20</ns3:cad>
          </ns3:TrackPointExtension>
        </extensions>
      </trkpt>
      <trkpt lat="43.16060299985110759735107421875" lon="10.537431947886943817138671875">
        <time>2026-08-01T07:28:22.000Z</time>
        <extensions>
          <ns3:TrackPointExtension>
            <ns3:atemp>27.0</ns3:atemp>
            <ns3:hr>143</ns3:hr>
            <ns3:cad>20</ns3:cad>
          </ns3:TrackPointExtension>
        </extensions>
      </trkpt>
      <trkpt lat="43.16060601733624935150146484375" lon="10.5374337919056415557861328125">
        <time>2026-08-01T07:28:23.000Z</time>
        <extensions>
          <ns3:TrackPointExtension>
            <ns3:atemp>27.0</ns3:atemp>
            <ns3:hr>144</ns3:hr>
            <ns3:cad>21</ns3:cad>
          </ns3:TrackPointExtension>
        </extensions>
      </trkpt>
      <trkpt lat="43.1609170697629451751708984375" lon="10.537499673664569854736328125">
        <time>2026-08-01T07:30:30.000Z</time>
        <extensions>
          <ns3:TrackPointExtension>
            <ns3:atemp>27.0</ns3:atemp>
            <ns3:hr>135</ns3:hr>
            <ns3:cad>25</ns3:cad>
          </ns3:TrackPointExtension>
        </extensions>
      </trkpt>
      <trkpt lat="43.160932995378971099853515625" lon="10.5375048704445362091064453125">
        <time>2026-08-01T07:30:31.000Z</time>
        <extensions>
          <ns3:TrackPointExtension>
            <ns3:atemp>27.0</ns3:atemp>
            <ns3:hr>135</ns3:hr>
            <ns3:cad>25</ns3:cad>
          </ns3:TrackPointExtension>
        </extensions>
      </trkpt>
      <trkpt lat="43.16094783134758472442626953125" lon="10.53751015104353427886962890625">
        <time>2026-08-01T07:30:32.000Z</time>
        <extensions>
          <ns3:TrackPointExtension>
            <ns3:atemp>27.0</ns3:atemp>
            <ns3:hr>134</ns3:hr>
            <ns3:cad>28</ns3:cad>
          </ns3:TrackPointExtension>
        </extensions>
      </trkpt>
      <trkpt lat="43.160961829125881195068359375" lon="10.5375154316425323486328125">
        <time>2026-08-01T07:30:33.000Z</time>
        <extensions>
          <ns3:TrackPointExtension>
            <ns3:atemp>27.0</ns3:atemp>
            <ns3:hr>135</ns3:hr>
            <ns3:cad>28</ns3:cad>
          </ns3:TrackPointExtension>
        </extensions>
      </trkpt>
      <trkpt lat="43.1609764136373996734619140625" lon="10.5375194549560546875">
        <time>2026-08-01T07:30:34.000Z</time>
        <extensions>
          <ns3:TrackPointExtension>
            <ns3:atemp>27.0</ns3:atemp>
            <ns3:hr>135</ns3:hr>
            <ns3:cad>27</ns3:cad>
          </ns3:TrackPointExtension>
        </extensions>
      </trkpt>
      <trkpt lat="43.1609911657869815826416015625" lon="10.5375234782695770263671875">
        <time>2026-08-01T07:30:35.000Z</time>
        <extensions>
          <ns3:TrackPointExtension>
            <ns3:atemp>27.0</ns3:atemp>
            <ns3:hr>135</ns3:hr>
            <ns3:cad>27</ns3:cad>
          </ns3:TrackPointExtension>
        </extensions>
      </trkpt>
      <trkpt lat="43.1610059179365634918212890625" lon="10.53752758540213108062744140625">
        <time>2026-08-01T07:30:36.000Z</time>
        <extensions>
          <ns3:TrackPointExtension>
            <ns3:atemp>27.0</ns3:atemp>
            <ns3:hr>135</ns3:hr>
            <ns3:cad>27</ns3:cad>
          </ns3:TrackPointExtension>
        </extensions>
      </trkpt>
      <trkpt lat="43.1610206700861454010009765625" lon="10.5375316925346851348876953125">
        <time>2026-08-01T07:30:37.000Z</time>
        <extensions>
          <ns3:TrackPointExtension>
            <ns3:atemp>27.0</ns3:atemp>
            <ns3:hr>135</ns3:hr>
            <ns3:cad>27</ns3:cad>
          </ns3:TrackPointExtension>
        </extensions>
      </trkpt>
      <trkpt lat="43.16103550605475902557373046875" lon="10.53753579966723918914794921875">
        <time>2026-08-01T07:30:38.000Z</time>
        <extensions>
          <ns3:TrackPointExtension>
            <ns3:atemp>27.0</ns3:atemp>
            <ns3:hr>136</ns3:hr>
            <ns3:cad>27</ns3:cad>
          </ns3:TrackPointExtension>
        </extensions>
      </trkpt>
      <trkpt lat="43.16105042584240436553955078125" lon="10.53753999061882495880126953125">
        <time>2026-08-01T07:30:39.000Z</time>
        <extensions>
          <ns3:TrackPointExtension>
            <ns3:atemp>27.0</ns3:atemp>
            <ns3:hr>136</ns3:hr>
            <ns3:cad>26</ns3:cad>
          </ns3:TrackPointExtension>
        </extensions>
      </trkpt>
      <trkpt lat="43.1610654294490814208984375" lon="10.53754418157041072845458984375">
        <time>2026-08-01T07:30:40.000Z</time>
        <extensions>
          <ns3:TrackPointExtension>
            <ns3:atemp>27.0</ns3:atemp>
            <ns3:hr>137</ns3:hr>
            <ns3:cad>26</ns3:cad>
          </ns3:TrackPointExtension>
        </extensions>
      </trkpt>
      <trkpt lat="43.16108043305575847625732421875" lon="10.5375484563410282135009765625">
        <time>2026-08-01T07:30:41.000Z</time>
        <extensions>
          <ns3:TrackPointExtension>
            <ns3:atemp>27.0</ns3:atemp>
            <ns3:hr>138</ns3:hr>
            <ns3:cad>26</ns3:cad>
          </ns3:TrackPointExtension>
        </extensions>
      </trkpt>
      <trkpt lat="43.16109560430049896240234375" lon="10.5375528149306774139404296875">
        <time>2026-08-01T07:30:42.000Z</time>
        <extensions>
          <ns3:TrackPointExtension>
            <ns3:atemp>27.0</ns3:atemp>
            <ns3:hr>138</ns3:hr>
            <ns3:cad>26</ns3:cad>
          </ns3:TrackPointExtension>
        </extensions>
      </trkpt>
      <trkpt lat="43.16111077554523944854736328125" lon="10.5375571735203266143798828125">
        <time>2026-08-01T07:30:43.000Z</time>
        <extensions>
          <ns3:TrackPointExtension>
            <ns3:atemp>27.0</ns3:atemp>
            <ns3:hr>139</ns3:hr>
            <ns3:cad>26</ns3:cad>
          </ns3:TrackPointExtension>
        </extensions>
      </trkpt>
      <trkpt lat="43.16112603060901165008544921875" lon="10.53756161592900753021240234375">
        <time>2026-08-01T07:30:44.000Z</time>
        <extensions>
          <ns3:TrackPointExtension>
            <ns3:atemp>27.0</ns3:atemp>
            <ns3:hr>139</ns3:hr>
            <ns3:cad>26</ns3:cad>
          </ns3:TrackPointExtension>
        </extensions>
      </trkpt>
      <trkpt lat="43.1611413694918155670166015625" lon="10.5375662259757518768310546875">
        <time>2026-08-01T07:30:45.000Z</time>
        <extensions>
          <ns3:TrackPointExtension>
            <ns3:atemp>27.0</ns3:atemp>
            <ns3:hr>139</ns3:hr>
            <ns3:cad>26</ns3:cad>
          </ns3:TrackPointExtension>
        </extensions>
      </trkpt>
      <trkpt lat="43.1611567921936511993408203125" lon="10.5375709198415279388427734375">
        <time>2026-08-01T07:30:46.000Z</time>
        <extensions>
          <ns3:TrackPointExtension>
            <ns3:atemp>27.0</ns3:atemp>
            <ns3:hr>140</ns3:hr>
            <ns3:cad>26</ns3:cad>
          </ns3:TrackPointExtension>
        </extensions>
      </trkpt>
      <trkpt lat="43.1611722148954868316650390625" lon="10.5375756137073040008544921875">
        <time>2026-08-01T07:30:47.000Z</time>
        <extensions>
          <ns3:TrackPointExtension>
            <ns3:atemp>27.0</ns3:atemp>
            <ns3:hr>141</ns3:hr>
            <ns3:cad>26</ns3:cad>
          </ns3:TrackPointExtension>
        </extensions>
      </trkpt>
      <trkpt lat="43.1611876375973224639892578125" lon="10.53758022375404834747314453125">
        <time>2026-08-01T07:30:48.000Z</time>
        <extensions>
          <ns3:TrackPointExtension>
            <ns3:atemp>27.0</ns3:atemp>
            <ns3:hr>142</ns3:hr>
            <ns3:cad>25</ns3:cad>
          </ns3:TrackPointExtension>
        </extensions>
      </trkpt>
      <trkpt lat="43.1611876375973224639892578125" lon="10.53758022375404834747314453125">
        <time>2026-08-01T07:30:49.000Z</time>
        <extensions>
          <ns3:TrackPointExtension>
            <ns3:atemp>27.0</ns3:atemp>
            <ns3:hr>143</ns3:hr>
            <ns3:cad>25</ns3:cad>
          </ns3:TrackPointExtension>
        </extensions>
      </trkpt>
      <trkpt lat="43.16119392402470111846923828125" lon="10.537583827972412109375">
        <time>2026-08-01T07:30:50.000Z</time>
        <extensions>
          <ns3:TrackPointExtension>
            <ns3:atemp>27.0</ns3:atemp>
            <ns3:hr>143</ns3:hr>
            <ns3:cad>25</ns3:cad>
          </ns3:TrackPointExtension>
        </extensions>
      </trkpt>
      <trkpt lat="43.1612000428140163421630859375" lon="10.53758726455271244049072265625">
        <time>2026-08-01T07:30:51.000Z</time>
        <extensions>
          <ns3:TrackPointExtension>
            <ns3:atemp>27.0</ns3:atemp>
            <ns3:hr>144</ns3:hr>
            <ns3:cad>25</ns3:cad>
          </ns3:TrackPointExtension>
        </extensions>
      </trkpt>
      <trkpt lat="43.1612000428140163421630859375" lon="10.53758726455271244049072265625">
        <time>2026-08-01T07:30:52.000Z</time>
        <extensions>
          <ns3:TrackPointExtension>
            <ns3:atemp>27.0</ns3:atemp>
            <ns3:hr>144</ns3:hr>
            <ns3:cad>25</ns3:cad>
          </ns3:TrackPointExtension>
        </extensions>
      </trkpt>
      <trkpt lat="43.1612000428140163421630859375" lon="10.53758726455271244049072265625">
        <time>2026-08-01T07:30:53.000Z</time>
        <extensions>
          <ns3:TrackPointExtension>
            <ns3:atemp>27.0</ns3:atemp>
            <ns3:hr>145</ns3:hr>
            <ns3:cad>24</ns3:cad>
          </ns3:TrackPointExtension>
        </extensions>
      </trkpt>
      <trkpt lat="43.1612060777842998504638671875" lon="10.5375907011330127716064453125">
        <time>2026-08-01T07:30:54.000Z</time>
        <extensions>
          <ns3:TrackPointExtension>
            <ns3:atemp>27.0</ns3:atemp>
            <ns3:hr>146</ns3:hr>
            <ns3:cad>24</ns3:cad>
          </ns3:TrackPointExtension>
        </extensions>
      </trkpt>
      <trkpt lat="43.1612060777842998504638671875" lon="10.5375907011330127716064453125">
        <time>2026-08-01T07:30:55.000Z</time>
        <extensions>
          <ns3:TrackPointExtension>
            <ns3:atemp>27.0</ns3:atemp>
            <ns3:hr>146</ns3:hr>
            <ns3:cad>25</ns3:cad>
          </ns3:TrackPointExtension>
        </extensions>
      </trkpt>
      <trkpt lat="43.1612060777842998504638671875" lon="10.5375907011330127716064453125">
        <time>2026-08-01T07:30:56.000Z</time>
        <extensions>
          <ns3:TrackPointExtension>
            <ns3:atemp>27.0</ns3:atemp>
            <ns3:hr>146</ns3:hr>
            <ns3:cad>25</ns3:cad>
          </ns3:TrackPointExtension>
        </extensions>
      </trkpt>
      <trkpt lat="43.16121186129748821258544921875" lon="10.5375940538942813873291015625">
        <time>2026-08-01T07:30:57.000Z</time>
        <extensions>
          <ns3:TrackPointExtension>
            <ns3:atemp>27.0</ns3:atemp>
            <ns3:hr>147</ns3:hr>
            <ns3:cad>25</ns3:cad>
          </ns3:TrackPointExtension>
        </extensions>
      </trkpt>
      <trkpt lat="43.16121186129748821258544921875" lon="10.5375940538942813873291015625">
        <time>2026-08-01T07:30:58.000Z</time>
        <extensions>
          <ns3:TrackPointExtension>
            <ns3:atemp>27.0</ns3:atemp>
            <ns3:hr>147</ns3:hr>
            <ns3:cad>25</ns3:cad>
          </ns3:TrackPointExtension>
        </extensions>
      </trkpt>
      <trkpt lat="43.16121739335358142852783203125" lon="10.53759732283651828765869140625">
        <time>2026-08-01T07:30:59.000Z</time>
        <extensions>
          <ns3:TrackPointExtension>
            <ns3:atemp>27.0</ns3:atemp>
            <ns3:hr>148</ns3:hr>
            <ns3:cad>25</ns3:cad>
          </ns3:TrackPointExtension>
        </extensions>
      </trkpt>
      <trkpt lat="43.1612221710383892059326171875" lon="10.53760017268359661102294921875">
        <time>2026-08-01T07:31:00.000Z</time>
        <extensions>
          <ns3:TrackPointExtension>
            <ns3:atemp>27.0</ns3:atemp>
            <ns3:hr>147</ns3:hr>
            <ns3:cad>26</ns3:cad>
          </ns3:TrackPointExtension>
        </extensions>
      </trkpt>
      <trkpt lat="43.1612263619899749755859375" lon="10.53760201670229434967041015625">
        <time>2026-08-01T07:31:01.000Z</time>
        <extensions>
          <ns3:TrackPointExtension>
            <ns3:atemp>27.0</ns3:atemp>
            <ns3:hr>147</ns3:hr>
            <ns3:cad>28</ns3:cad>
          </ns3:TrackPointExtension>
        </extensions>
      </trkpt>
      <trkpt lat="43.161230050027370452880859375" lon="10.53760402835905551910400390625">
        <time>2026-08-01T07:31:02.000Z</time>
        <extensions>
          <ns3:TrackPointExtension>
            <ns3:atemp>27.0</ns3:atemp>
            <ns3:hr>147</ns3:hr>
            <ns3:cad>28</ns3:cad>
          </ns3:TrackPointExtension>
        </extensions>
      </trkpt>
      <trkpt lat="43.1612335704267024993896484375" lon="10.53760595619678497314453125">
        <time>2026-08-01T07:31:03.000Z</time>
        <extensions>
          <ns3:TrackPointExtension>
            <ns3:atemp>27.0</ns3:atemp>
            <ns3:hr>147</ns3:hr>
            <ns3:cad>30</ns3:cad>
          </ns3:TrackPointExtension>
        </extensions>
      </trkpt>
      <trkpt lat="43.161236755549907684326171875" lon="10.53760821931064128875732421875">
        <time>2026-08-01T07:31:04.000Z</time>
        <extensions>
          <ns3:TrackPointExtension>
            <ns3:atemp>27.0</ns3:atemp>
            <ns3:hr>147</ns3:hr>
            <ns3:cad>30</ns3:cad>
          </ns3:TrackPointExtension>
        </extensions>
      </trkpt>
      <trkpt lat="43.16123952157795429229736328125" lon="10.537610314786434173583984375">
        <time>2026-08-01T07:31:05.000Z</time>
        <extensions>
          <ns3:TrackPointExtension>
            <ns3:atemp>27.0</ns3:atemp>
            <ns3:hr>146</ns3:hr>
            <ns3:cad>31</ns3:cad>
          </ns3:TrackPointExtension>
        </extensions>
      </trkpt>
      <trkpt lat="43.16124186851084232330322265625" lon="10.53761224262416362762451171875">
        <time>2026-08-01T07:31:06.000Z</time>
        <extensions>
          <ns3:TrackPointExtension>
            <ns3:atemp>27.0</ns3:atemp>
            <ns3:hr>147</ns3:hr>
            <ns3:cad>31</ns3:cad>
          </ns3:TrackPointExtension>
        </extensions>
      </trkpt>
      <trkpt lat="43.16124371252954006195068359375" lon="10.5376134999096393585205078125">
        <time>2026-08-01T07:31:07.000Z</time>
        <extensions>
          <ns3:TrackPointExtension>
            <ns3:atemp>27.0</ns3:atemp>
            <ns3:hr>147</ns3:hr>
            <ns3:cad>33</ns3:cad>
          </ns3:TrackPointExtension>
        </extensions>
      </trkpt>
      <trkpt lat="43.1612453050911426544189453125" lon="10.53761458955705165863037109375">
        <time>2026-08-01T07:31:08.000Z</time>
        <extensions>
          <ns3:TrackPointExtension>
            <ns3:atemp>27.0</ns3:atemp>
            <ns3:hr>147</ns3:hr>
            <ns3:cad>33</ns3:cad>
          </ns3:TrackPointExtension>
        </extensions>
      </trkpt>
      <trkpt lat="43.1612456403672695159912109375" lon="10.5376146733760833740234375">
        <time>2026-08-01T07:31:09.000Z</time>
        <extensions>
          <ns3:TrackPointExtension>
            <ns3:atemp>27.0</ns3:atemp>
            <ns3:hr>148</ns3:hr>
            <ns3:cad>33</ns3:cad>
          </ns3:TrackPointExtension>
        </extensions>
      </trkpt>
      <trkpt lat="43.16124807111918926239013671875" lon="10.53761743940412998199462890625">
        <time>2026-08-01T07:31:10.000Z</time>
        <extensions>
          <ns3:TrackPointExtension>
            <ns3:atemp>27.0</ns3:atemp>
            <ns3:hr>148</ns3:hr>
            <ns3:cad>33</ns3:cad>
          </ns3:TrackPointExtension>
        </extensions>
      </trkpt>
      <trkpt lat="43.161224015057086944580078125" lon="10.5375846661627292633056640625">
        <time>2026-08-01T07:31:24.000Z</time>
        <extensions>
          <ns3:TrackPointExtension>
            <ns3:atemp>27.0</ns3:atemp>
            <ns3:hr>143</ns3:hr>
            <ns3:cad>21</ns3:cad>
          </ns3:TrackPointExtension>
        </extensions>
      </trkpt>
      <trkpt lat="43.16121588461101055145263671875" lon="10.537577457726001739501953125">
        <time>2026-08-01T07:31:25.000Z</time>
        <extensions>
          <ns3:TrackPointExtension>
            <ns3:atemp>27.0</ns3:atemp>
            <ns3:hr>143</ns3:hr>
            <ns3:cad>21</ns3:cad>
          </ns3:TrackPointExtension>
        </extensions>
      </trkpt>
      <trkpt lat="43.16120783798396587371826171875" lon="10.53757033310830593109130859375">
        <time>2026-08-01T07:31:26.000Z</time>
        <extensions>
          <ns3:TrackPointExtension>
            <ns3:atemp>27.0</ns3:atemp>
            <ns3:hr>144</ns3:hr>
            <ns3:cad>23</ns3:cad>
          </ns3:TrackPointExtension>
        </extensions>
      </trkpt>
      <trkpt lat="43.16119945608079433441162109375" lon="10.53756304085254669189453125">
        <time>2026-08-01T07:31:27.000Z</time>
        <extensions>
          <ns3:TrackPointExtension>
            <ns3:atemp>27.0</ns3:atemp>
            <ns3:hr>144</ns3:hr>
            <ns3:cad>23</ns3:cad>
          </ns3:TrackPointExtension>
        </extensions>
      </trkpt>
      <trkpt lat="43.16119082272052764892578125" lon="10.53755558095872402191162109375">
        <time>2026-08-01T07:31:28.000Z</time>
        <extensions>
          <ns3:TrackPointExtension>
            <ns3:atemp>27.0</ns3:atemp>
            <ns3:hr>144</ns3:hr>
            <ns3:cad>25</ns3:cad>
          </ns3:TrackPointExtension>
        </extensions>
      </trkpt>
      <trkpt lat="43.16118235699832439422607421875" lon="10.53754837252199649810791015625">
        <time>2026-08-01T07:31:29.000Z</time>
        <extensions>
          <ns3:TrackPointExtension>
            <ns3:atemp>27.0</ns3:atemp>
            <ns3:hr>144</ns3:hr>
            <ns3:cad>25</ns3:cad>
          </ns3:TrackPointExtension>
        </extensions>
      </trkpt>
      <trkpt lat="43.161175735294818878173828125" lon="10.5375427566468715667724609375">
        <time>2026-08-01T07:31:30.000Z</time>
        <extensions>
          <ns3:TrackPointExtension>
            <ns3:atemp>27.0</ns3:atemp>
            <ns3:hr>144</ns3:hr>
            <ns3:cad>27</ns3:cad>
          </ns3:TrackPointExtension>
        </extensions>
      </trkpt>
      <trkpt lat="43.1611688621342182159423828125" lon="10.5375368893146514892578125">
        <time>2026-08-01T07:31:31.000Z</time>
        <extensions>
          <ns3:TrackPointExtension>
            <ns3:atemp>27.0</ns3:atemp>
            <ns3:hr>145</ns3:hr>
            <ns3:cad>27</ns3:cad>
          </ns3:TrackPointExtension>
        </extensions>
      </trkpt>
      <trkpt lat="43.16116173751652240753173828125" lon="10.53753093816339969635009765625">
        <time>2026-08-01T07:31:32.000Z</time>
        <extensions>
          <ns3:TrackPointExtension>
            <ns3:atemp>27.0</ns3:atemp>
            <ns3:hr>144</ns3:hr>
            <ns3:cad>27</ns3:cad>
          </ns3:TrackPointExtension>
        </extensions>
      </trkpt>
      <trkpt lat="43.1611544452607631683349609375" lon="10.53752473555505275726318359375">
        <time>2026-08-01T07:31:33.000Z</time>
        <extensions>
          <ns3:TrackPointExtension>
            <ns3:atemp>27.0</ns3:atemp>
            <ns3:hr>144</ns3:hr>
            <ns3:cad>27</ns3:cad>
          </ns3:TrackPointExtension>
        </extensions>
      </trkpt>
      <trkpt lat="43.16114698536694049835205078125" lon="10.53751836530864238739013671875">
        <time>2026-08-01T07:31:34.000Z</time>
        <extensions>
          <ns3:TrackPointExtension>
            <ns3:atemp>27.0</ns3:atemp>
            <ns3:hr>144</ns3:hr>
            <ns3:cad>27</ns3:cad>
          </ns3:TrackPointExtension>
        </extensions>
      </trkpt>
      <trkpt lat="43.16113910637795925140380859375" lon="10.53751199506223201751708984375">
        <time>2026-08-01T07:31:35.000Z</time>
        <extensions>
          <ns3:TrackPointExtension>
            <ns3:atemp>27.0</ns3:atemp>
            <ns3:hr>144</ns3:hr>
            <ns3:cad>26</ns3:cad>
          </ns3:TrackPointExtension>
        </extensions>
      </trkpt>
      <trkpt lat="43.16113105975091457366943359375" lon="10.53750545717775821685791015625">
        <time>2026-08-01T07:31:36.000Z</time>
        <extensions>
          <ns3:TrackPointExtension>
            <ns3:atemp>27.0</ns3:atemp>
            <ns3:hr>144</ns3:hr>
            <ns3:cad>26</ns3:cad>
          </ns3:TrackPointExtension>
        </extensions>
      </trkpt>
      <trkpt lat="43.16112284548580646514892578125" lon="10.5374988354742527008056640625">
        <time>2026-08-01T07:31:37.000Z</time>
        <extensions>
          <ns3:TrackPointExtension>
            <ns3:atemp>27.0</ns3:atemp>
            <ns3:hr>144</ns3:hr>
            <ns3:cad>26</ns3:cad>
          </ns3:TrackPointExtension>
        </extensions>
      </trkpt>
      <trkpt lat="43.1611145474016666412353515625" lon="10.53749221377074718475341796875">
        <time>2026-08-01T07:31:38.000Z</time>
        <extensions>
          <ns3:TrackPointExtension>
            <ns3:atemp>27.0</ns3:atemp>
            <ns3:hr>143</ns3:hr>
            <ns3:cad>26</ns3:cad>
          </ns3:TrackPointExtension>
        </extensions>
      </trkpt>
      <trkpt lat="43.1611061654984951019287109375" lon="10.5374854244291782379150390625">
        <time>2026-08-01T07:31:39.000Z</time>
        <extensions>
          <ns3:TrackPointExtension>
            <ns3:atemp>27.0</ns3:atemp>
            <ns3:hr>143</ns3:hr>
            <ns3:cad>26</ns3:cad>
          </ns3:TrackPointExtension>
        </extensions>
      </trkpt>
      <trkpt lat="43.1610976159572601318359375" lon="10.53747846744954586029052734375">
        <time>2026-08-01T07:31:40.000Z</time>
        <extensions>
          <ns3:TrackPointExtension>
            <ns3:atemp>27.0</ns3:atemp>
            <ns3:hr>143</ns3:hr>
            <ns3:cad>26</ns3:cad>
          </ns3:TrackPointExtension>
        </extensions>
      </trkpt>
      <trkpt lat="43.16108898259699344635009765625" lon="10.53747142665088176727294921875">
        <time>2026-08-01T07:31:41.000Z</time>
        <extensions>
          <ns3:TrackPointExtension>
            <ns3:atemp>27.0</ns3:atemp>
            <ns3:hr>143</ns3:hr>
            <ns3:cad>26</ns3:cad>
          </ns3:TrackPointExtension>
        </extensions>
      </trkpt>
      <trkpt lat="43.16108060069382190704345703125" lon="10.53746505640447139739990234375">
        <time>2026-08-01T07:31:42.000Z</time>
        <extensions>
          <ns3:TrackPointExtension>
            <ns3:atemp>27.0</ns3:atemp>
            <ns3:hr>143</ns3:hr>
            <ns3:cad>26</ns3:cad>
          </ns3:TrackPointExtension>
        </extensions>
      </trkpt>
      <trkpt lat="43.16107205115258693695068359375" lon="10.5374586023390293121337890625">
        <time>2026-08-01T07:31:43.000Z</time>
        <extensions>
          <ns3:TrackPointExtension>
            <ns3:atemp>27.0</ns3:atemp>
            <ns3:hr>143</ns3:hr>
            <ns3:cad>26</ns3:cad>
          </ns3:TrackPointExtension>
        </extensions>
      </trkpt>
      <trkpt lat="43.16106341779232025146484375" lon="10.537452064454555511474609375">
        <time>2026-08-01T07:31:44.000Z</time>
        <extensions>
          <ns3:TrackPointExtension>
            <ns3:atemp>27.0</ns3:atemp>
            <ns3:hr>143</ns3:hr>
            <ns3:cad>26</ns3:cad>
          </ns3:TrackPointExtension>
        </extensions>
      </trkpt>
      <trkpt lat="43.16105444915592670440673828125" lon="10.53744544275104999542236328125">
        <time>2026-08-01T07:31:45.000Z</time>
        <extensions>
          <ns3:TrackPointExtension>
            <ns3:atemp>27.0</ns3:atemp>
            <ns3:hr>143</ns3:hr>
            <ns3:cad>26</ns3:cad>
          </ns3:TrackPointExtension>
        </extensions>
      </trkpt>
      <trkpt lat="43.16104539670050144195556640625" lon="10.53743873722851276397705078125">
        <time>2026-08-01T07:31:46.000Z</time>
        <extensions>
          <ns3:TrackPointExtension>
            <ns3:atemp>27.0</ns3:atemp>
            <ns3:hr>143</ns3:hr>
            <ns3:cad>26</ns3:cad>
          </ns3:TrackPointExtension>
        </extensions>
      </trkpt>
      <trkpt lat="43.16103634424507617950439453125" lon="10.53743236698210239410400390625">
        <time>2026-08-01T07:31:47.000Z</time>
        <extensions>
          <ns3:TrackPointExtension>
            <ns3:atemp>27.0</ns3:atemp>
            <ns3:hr>143</ns3:hr>
            <ns3:cad>26</ns3:cad>
          </ns3:TrackPointExtension>
        </extensions>
      </trkpt>
      <trkpt lat="43.161027543246746063232421875" lon="10.53742633201181888580322265625">
        <time>2026-08-01T07:31:48.000Z</time>
        <extensions>
          <ns3:TrackPointExtension>
            <ns3:atemp>27.0</ns3:atemp>
            <ns3:hr>144</ns3:hr>
            <ns3:cad>26</ns3:cad>
          </ns3:TrackPointExtension>
        </extensions>
      </trkpt>
      <trkpt lat="43.1610186584293842315673828125" lon="10.537420213222503662109375">
        <time>2026-08-01T07:31:49.000Z</time>
        <extensions>
          <ns3:TrackPointExtension>
            <ns3:atemp>27.0</ns3:atemp>
            <ns3:hr>144</ns3:hr>
            <ns3:cad>26</ns3:cad>
          </ns3:TrackPointExtension>
        </extensions>
      </trkpt>
      <trkpt lat="43.16101052798330783843994140625" lon="10.53741459734737873077392578125">
        <time>2026-08-01T07:31:50.000Z</time>
        <extensions>
          <ns3:TrackPointExtension>
            <ns3:atemp>27.0</ns3:atemp>
            <ns3:hr>145</ns3:hr>
            <ns3:cad>26</ns3:cad>
          </ns3:TrackPointExtension>
        </extensions>
      </trkpt>
      <trkpt lat="43.1610023975372314453125" lon="10.5374089814722537994384765625">
        <time>2026-08-01T07:31:51.000Z</time>
        <extensions>
          <ns3:TrackPointExtension>
            <ns3:atemp>27.0</ns3:atemp>
            <ns3:hr>146</ns3:hr>
            <ns3:cad>25</ns3:cad>
          </ns3:TrackPointExtension>
        </extensions>
      </trkpt>
      <trkpt lat="43.16099502146244049072265625" lon="10.537404119968414306640625">
        <time>2026-08-01T07:31:52.000Z</time>
        <extensions>
          <ns3:TrackPointExtension>
            <ns3:atemp>27.0</ns3:atemp>
            <ns3:hr>146</ns3:hr>
            <ns3:cad>25</ns3:cad>
          </ns3:TrackPointExtension>
        </extensions>
      </trkpt>
      <trkpt lat="43.16098756156861782073974609375" lon="10.53739942610263824462890625">
        <time>2026-08-01T07:31:53.000Z</time>
        <extensions>
          <ns3:TrackPointExtension>
            <ns3:atemp>27.0</ns3:atemp>
            <ns3:hr>147</ns3:hr>
            <ns3:cad>25</ns3:cad>
          </ns3:TrackPointExtension>
        </extensions>
      </trkpt>
      <trkpt lat="43.1609801016747951507568359375" lon="10.53739481605589389801025390625">
        <time>2026-08-01T07:31:54.000Z</time>
        <extensions>
          <ns3:TrackPointExtension>
            <ns3:atemp>27.0</ns3:atemp>
            <ns3:hr>147</ns3:hr>
            <ns3:cad>26</ns3:cad>
          </ns3:TrackPointExtension>
        </extensions>
      </trkpt>
      <trkpt lat="43.16097264178097248077392578125" lon="10.537390373647212982177734375">
        <time>2026-08-01T07:31:55.000Z</time>
        <extensions>
          <ns3:TrackPointExtension>
            <ns3:atemp>27.0</ns3:atemp>
            <ns3:hr>147</ns3:hr>
            <ns3:cad>26</ns3:cad>
          </ns3:TrackPointExtension>
        </extensions>
      </trkpt>
      <trkpt lat="43.160965181887149810791015625" lon="10.53738609887659549713134765625">
        <time>2026-08-01T07:31:56.000Z</time>
        <extensions>
          <ns3:TrackPointExtension>
            <ns3:atemp>27.0</ns3:atemp>
            <ns3:hr>148</ns3:hr>
            <ns3:cad>24</ns3:cad>
          </ns3:TrackPointExtension>
        </extensions>
      </trkpt>
      <trkpt lat="43.16095788963139057159423828125" lon="10.53738190792500972747802734375">
        <time>2026-08-01T07:31:57.000Z</time>
        <extensions>
          <ns3:TrackPointExtension>
            <ns3:atemp>27.0</ns3:atemp>
            <ns3:hr>148</ns3:hr>
            <ns3:cad>24</ns3:cad>
          </ns3:TrackPointExtension>
        </extensions>
      </trkpt>
      <trkpt lat="43.1609505973756313323974609375" lon="10.5373778007924556732177734375">
        <time>2026-08-01T07:31:58.000Z</time>
        <extensions>
          <ns3:TrackPointExtension>
            <ns3:atemp>27.0</ns3:atemp>
            <ns3:hr>148</ns3:hr>
            <ns3:cad>24</ns3:cad>
          </ns3:TrackPointExtension>
        </extensions>
      </trkpt>
      <trkpt lat="43.16094380803406238555908203125" lon="10.53737394511699676513671875">
        <time>2026-08-01T07:31:59.000Z</time>
        <extensions>
          <ns3:TrackPointExtension>
            <ns3:atemp>27.0</ns3:atemp>
            <ns3:hr>148</ns3:hr>
            <ns3:cad>24</ns3:cad>
          </ns3:TrackPointExtension>
        </extensions>
      </trkpt>
      <trkpt lat="43.16093693487346172332763671875" lon="10.53737017326056957244873046875">
        <time>2026-08-01T07:32:00.000Z</time>
        <extensions>
          <ns3:TrackPointExtension>
            <ns3:atemp>27.0</ns3:atemp>
            <ns3:hr>148</ns3:hr>
            <ns3:cad>24</ns3:cad>
          </ns3:TrackPointExtension>
        </extensions>
      </trkpt>
      <trkpt lat="43.16093039698898792266845703125" lon="10.53736665286123752593994140625">
        <time>2026-08-01T07:32:01.000Z</time>
        <extensions>
          <ns3:TrackPointExtension>
            <ns3:atemp>27.0</ns3:atemp>
            <ns3:hr>148</ns3:hr>
            <ns3:cad>24</ns3:cad>
          </ns3:TrackPointExtension>
        </extensions>
      </trkpt>
      <trkpt lat="43.16092385910451412200927734375" lon="10.53736313246190547943115234375">
        <time>2026-08-01T07:32:02.000Z</time>
        <extensions>
          <ns3:TrackPointExtension>
            <ns3:atemp>27.0</ns3:atemp>
            <ns3:hr>148</ns3:hr>
            <ns3:cad>24</ns3:cad>
          </ns3:TrackPointExtension>
        </extensions>
      </trkpt>
      <trkpt lat="43.16091732122004032135009765625" lon="10.5373598635196685791015625">
        <time>2026-08-01T07:32:03.000Z</time>
        <extensions>
          <ns3:TrackPointExtension>
            <ns3:atemp>27.0</ns3:atemp>
            <ns3:hr>148</ns3:hr>
            <ns3:cad>24</ns3:cad>
          </ns3:TrackPointExtension>
        </extensions>
      </trkpt>
      <trkpt lat="43.16091095097362995147705078125" lon="10.5373566783964633941650390625">
        <time>2026-08-01T07:32:04.000Z</time>
        <extensions>
          <ns3:TrackPointExtension>
            <ns3:atemp>27.0</ns3:atemp>
            <ns3:hr>148</ns3:hr>
            <ns3:cad>24</ns3:cad>
          </ns3:TrackPointExtension>
        </extensions>
      </trkpt>
      <trkpt lat="43.1609046645462512969970703125" lon="10.5373536609113216400146484375">
        <time>2026-08-01T07:32:05.000Z</time>
        <extensions>
          <ns3:TrackPointExtension>
            <ns3:atemp>27.0</ns3:atemp>
            <ns3:hr>148</ns3:hr>
            <ns3:cad>24</ns3:cad>
          </ns3:TrackPointExtension>
        </extensions>
      </trkpt>
      <trkpt lat="43.1608986295759677886962890625" lon="10.5373509787023067474365234375">
        <time>2026-08-01T07:32:06.000Z</time>
        <extensions>
          <ns3:TrackPointExtension>
            <ns3:atemp>27.0</ns3:atemp>
            <ns3:hr>149</ns3:hr>
            <ns3:cad>24</ns3:cad>
          </ns3:TrackPointExtension>
        </extensions>
      </trkpt>
      <trkpt lat="43.160892762243747711181640625" lon="10.53734846413135528564453125">
        <time>2026-08-01T07:32:07.000Z</time>
        <extensions>
          <ns3:TrackPointExtension>
            <ns3:atemp>27.0</ns3:atemp>
            <ns3:hr>148</ns3:hr>
            <ns3:cad>24</ns3:cad>
          </ns3:TrackPointExtension>
        </extensions>
      </trkpt>
      <trkpt lat="43.160886727273464202880859375" lon="10.5373459495604038238525390625">
        <time>2026-08-01T07:32:08.000Z</time>
        <extensions>
          <ns3:TrackPointExtension>
            <ns3:atemp>27.0</ns3:atemp>
            <ns3:hr>148</ns3:hr>
            <ns3:cad>24</ns3:cad>
          </ns3:TrackPointExtension>
        </extensions>
      </trkpt>
      <trkpt lat="43.1608808599412441253662109375" lon="10.53734351880848407745361328125">
        <time>2026-08-01T07:32:09.000Z</time>
        <extensions>
          <ns3:TrackPointExtension>
            <ns3:atemp>27.0</ns3:atemp>
            <ns3:hr>149</ns3:hr>
            <ns3:cad>24</ns3:cad>
          </ns3:TrackPointExtension>
        </extensions>
      </trkpt>
      <trkpt lat="43.16087490878999233245849609375" lon="10.53734117187559604644775390625">
        <time>2026-08-01T07:32:10.000Z</time>
        <extensions>
          <ns3:TrackPointExtension>
            <ns3:atemp>27.0</ns3:atemp>
            <ns3:hr>149</ns3:hr>
            <ns3:cad>24</ns3:cad>
          </ns3:TrackPointExtension>
        </extensions>
      </trkpt>
      <trkpt lat="43.16086937673389911651611328125" lon="10.537338741123676300048828125">
        <time>2026-08-01T07:32:11.000Z</time>
        <extensions>
          <ns3:TrackPointExtension>
            <ns3:atemp>27.0</ns3:atemp>
            <ns3:hr>149</ns3:hr>
            <ns3:cad>24</ns3:cad>
          </ns3:TrackPointExtension>
        </extensions>
      </trkpt>
      <trkpt lat="43.16086401231586933135986328125" lon="10.53733639419078826904296875">
        <time>2026-08-01T07:32:12.000Z</time>
        <extensions>
          <ns3:TrackPointExtension>
            <ns3:atemp>27.0</ns3:atemp>
            <ns3:hr>149</ns3:hr>
            <ns3:cad>24</ns3:cad>
          </ns3:TrackPointExtension>
        </extensions>
      </trkpt>
      <trkpt lat="43.160858564078807830810546875" lon="10.53733413107693195343017578125">
        <time>2026-08-01T07:32:13.000Z</time>
        <extensions>
          <ns3:TrackPointExtension>
            <ns3:atemp>27.0</ns3:atemp>
            <ns3:hr>148</ns3:hr>
            <ns3:cad>25</ns3:cad>
          </ns3:TrackPointExtension>
        </extensions>
      </trkpt>
      <trkpt lat="43.16085328347980976104736328125" lon="10.53733178414404392242431640625">
        <time>2026-08-01T07:32:14.000Z</time>
        <extensions>
          <ns3:TrackPointExtension>
            <ns3:atemp>27.0</ns3:atemp>
            <ns3:hr>149</ns3:hr>
            <ns3:cad>25</ns3:cad>
          </ns3:TrackPointExtension>
        </extensions>
      </trkpt>
      <trkpt lat="43.16084791906177997589111328125" lon="10.53732943721115589141845703125">
        <time>2026-08-01T07:32:15.000Z</time>
        <extensions>
          <ns3:TrackPointExtension>
            <ns3:atemp>27.0</ns3:atemp>
            <ns3:hr>149</ns3:hr>
            <ns3:cad>26</ns3:cad>
          </ns3:TrackPointExtension>
        </extensions>
      </trkpt>
      <trkpt lat="43.16084288991987705230712890625" lon="10.53732709027826786041259765625">
        <time>2026-08-01T07:32:16.000Z</time>
        <extensions>
          <ns3:TrackPointExtension>
            <ns3:atemp>27.0</ns3:atemp>
            <ns3:hr>148</ns3:hr>
            <ns3:cad>26</ns3:cad>
          </ns3:TrackPointExtension>
        </extensions>
      </trkpt>
      <trkpt lat="43.160837776958942413330078125" lon="10.537324659526348114013671875">
        <time>2026-08-01T07:32:17.000Z</time>
        <extensions>
          <ns3:TrackPointExtension>
            <ns3:atemp>27.0</ns3:atemp>
            <ns3:hr>149</ns3:hr>
            <ns3:cad>27</ns3:cad>
          </ns3:TrackPointExtension>
        </extensions>
      </trkpt>
      <trkpt lat="43.16083283163607120513916015625" lon="10.5373223125934600830078125">
        <time>2026-08-01T07:32:18.000Z</time>
        <extensions>
          <ns3:TrackPointExtension>
            <ns3:atemp>27.0</ns3:atemp>
            <ns3:hr>149</ns3:hr>
            <ns3:cad>27</ns3:cad>
          </ns3:TrackPointExtension>
        </extensions>
      </trkpt>
      <trkpt lat="43.1608278863131999969482421875" lon="10.537319965660572052001953125">
        <time>2026-08-01T07:32:19.000Z</time>
        <extensions>
          <ns3:TrackPointExtension>
            <ns3:atemp>27.0</ns3:atemp>
            <ns3:hr>149</ns3:hr>
            <ns3:cad>27</ns3:cad>
          </ns3:TrackPointExtension>
        </extensions>
      </trkpt>
      <trkpt lat="43.1608228571712970733642578125" lon="10.53731753490865230560302734375">
        <time>2026-08-01T07:32:20.000Z</time>
        <extensions>
          <ns3:TrackPointExtension>
            <ns3:atemp>27.0</ns3:atemp>
            <ns3:hr>149</ns3:hr>
            <ns3:cad>27</ns3:cad>
          </ns3:TrackPointExtension>
        </extensions>
      </trkpt>
      <trkpt lat="43.16081791184842586517333984375" lon="10.537315271794795989990234375">
        <time>2026-08-01T07:32:21.000Z</time>
        <extensions>
          <ns3:TrackPointExtension>
            <ns3:atemp>27.0</ns3:atemp>
            <ns3:hr>150</ns3:hr>
            <ns3:cad>27</ns3:cad>
          </ns3:TrackPointExtension>
        </extensions>
      </trkpt>
      <trkpt lat="43.16081288270652294158935546875" lon="10.537312924861907958984375">
        <time>2026-08-01T07:32:22.000Z</time>
        <extensions>
          <ns3:TrackPointExtension>
            <ns3:atemp>27.0</ns3:atemp>
            <ns3:hr>150</ns3:hr>
            <ns3:cad>27</ns3:cad>
          </ns3:TrackPointExtension>
        </extensions>
      </trkpt>
      <trkpt lat="43.16080785356462001800537109375" lon="10.53731049410998821258544921875">
        <time>2026-08-01T07:32:23.000Z</time>
        <extensions>
          <ns3:TrackPointExtension>
            <ns3:atemp>27.0</ns3:atemp>
            <ns3:hr>150</ns3:hr>
            <ns3:cad>27</ns3:cad>
          </ns3:TrackPointExtension>
        </extensions>
      </trkpt>
      <trkpt lat="43.1608025729656219482421875" lon="10.537307895720005035400390625">
        <time>2026-08-01T07:32:24.000Z</time>
        <extensions>
          <ns3:TrackPointExtension>
            <ns3:atemp>27.0</ns3:atemp>
            <ns3:hr>150</ns3:hr>
            <ns3:cad>27</ns3:cad>
          </ns3:TrackPointExtension>
        </extensions>
      </trkpt>
      <trkpt lat="43.16079729236662387847900390625" lon="10.5373053811490535736083984375">
        <time>2026-08-01T07:32:25.000Z</time>
        <extensions>
          <ns3:TrackPointExtension>
            <ns3:atemp>27.0</ns3:atemp>
            <ns3:hr>151</ns3:hr>
            <ns3:cad>27</ns3:cad>
          </ns3:TrackPointExtension>
        </extensions>
      </trkpt>
      <trkpt lat="43.1607920117676258087158203125" lon="10.53730278275907039642333984375">
        <time>2026-08-01T07:32:26.000Z</time>
        <extensions>
          <ns3:TrackPointExtension>
            <ns3:atemp>27.0</ns3:atemp>
            <ns3:hr>151</ns3:hr>
            <ns3:cad>27</ns3:cad>
          </ns3:TrackPointExtension>
        </extensions>
      </trkpt>
      <trkpt lat="43.160786814987659454345703125" lon="10.53730026818811893463134765625">
        <time>2026-08-01T07:32:27.000Z</time>
        <extensions>
          <ns3:TrackPointExtension>
            <ns3:atemp>27.0</ns3:atemp>
            <ns3:hr>151</ns3:hr>
            <ns3:cad>26</ns3:cad>
          </ns3:TrackPointExtension>
        </extensions>
      </trkpt>
      <trkpt lat="43.16078186966478824615478515625" lon="10.53729750216007232666015625">
        <time>2026-08-01T07:32:28.000Z</time>
        <extensions>
          <ns3:TrackPointExtension>
            <ns3:atemp>27.0</ns3:atemp>
            <ns3:hr>151</ns3:hr>
            <ns3:cad>26</ns3:cad>
          </ns3:TrackPointExtension>
        </extensions>
      </trkpt>
      <trkpt lat="43.16077684052288532257080078125" lon="10.5372946523129940032958984375">
        <time>2026-08-01T07:32:29.000Z</time>
        <extensions>
          <ns3:TrackPointExtension>
            <ns3:atemp>27.0</ns3:atemp>
            <ns3:hr>151</ns3:hr>
            <ns3:cad>26</ns3:cad>
          </ns3:TrackPointExtension>
        </extensions>
      </trkpt>
      <trkpt lat="43.16077181138098239898681640625" lon="10.53729188628494739532470703125">
        <time>2026-08-01T07:32:30.000Z</time>
        <extensions>
          <ns3:TrackPointExtension>
            <ns3:atemp>27.0</ns3:atemp>
            <ns3:hr>152</ns3:hr>
            <ns3:cad>26</ns3:cad>
          </ns3:TrackPointExtension>
        </extensions>
      </trkpt>
      <trkpt lat="43.160766698420047760009765625" lon="10.53728903643786907196044921875">
        <time>2026-08-01T07:32:31.000Z</time>
        <extensions>
          <ns3:TrackPointExtension>
            <ns3:atemp>27.0</ns3:atemp>
            <ns3:hr>151</ns3:hr>
            <ns3:cad>26</ns3:cad>
          </ns3:TrackPointExtension>
        </extensions>
      </trkpt>
      <trkpt lat="43.16076158545911312103271484375" lon="10.537286102771759033203125">
        <time>2026-08-01T07:32:32.000Z</time>
        <extensions>
          <ns3:TrackPointExtension>
            <ns3:atemp>27.0</ns3:atemp>
            <ns3:hr>151</ns3:hr>
            <ns3:cad>25</ns3:cad>
          </ns3:TrackPointExtension>
        </extensions>
      </trkpt>
      <trkpt lat="43.16075638867914676666259765625" lon="10.53728316910564899444580078125">
        <time>2026-08-01T07:32:33.000Z</time>
        <extensions>
          <ns3:TrackPointExtension>
            <ns3:atemp>27.0</ns3:atemp>
            <ns3:hr>152</ns3:hr>
            <ns3:cad>25</ns3:cad>
          </ns3:TrackPointExtension>
        </extensions>
      </trkpt>
      <trkpt lat="43.16075119189918041229248046875" lon="10.5372802354395389556884765625">
        <time>2026-08-01T07:32:34.000Z</time>
        <extensions>
          <ns3:TrackPointExtension>
            <ns3:atemp>27.0</ns3:atemp>
            <ns3:hr>151</ns3:hr>
            <ns3:cad>25</ns3:cad>
          </ns3:TrackPointExtension>
        </extensions>
      </trkpt>
      <trkpt lat="43.1607457436621189117431640625" lon="10.53727696649730205535888671875">
        <time>2026-08-01T07:32:35.000Z</time>
        <extensions>
          <ns3:TrackPointExtension>
            <ns3:atemp>27.0</ns3:atemp>
            <ns3:hr>151</ns3:hr>
            <ns3:cad>25</ns3:cad>
          </ns3:TrackPointExtension>
        </extensions>
      </trkpt>
      <trkpt lat="43.16074029542505741119384765625" lon="10.537273697555065155029296875">
        <time>2026-08-01T07:32:36.000Z</time>
        <extensions>
          <ns3:TrackPointExtension>
            <ns3:atemp>27.0</ns3:atemp>
            <ns3:hr>152</ns3:hr>
            <ns3:cad>25</ns3:cad>
          </ns3:TrackPointExtension>
        </extensions>
      </trkpt>
      <trkpt lat="43.16073476336896419525146484375" lon="10.537270344793796539306640625">
        <time>2026-08-01T07:32:37.000Z</time>
        <extensions>
          <ns3:TrackPointExtension>
            <ns3:atemp>27.0</ns3:atemp>
            <ns3:hr>151</ns3:hr>
            <ns3:cad>25</ns3:cad>
          </ns3:TrackPointExtension>
        </extensions>
      </trkpt>
      <trkpt lat="43.160729147493839263916015625" lon="10.53726690821349620819091796875">
        <time>2026-08-01T07:32:38.000Z</time>
        <extensions>
          <ns3:TrackPointExtension>
            <ns3:atemp>27.0</ns3:atemp>
            <ns3:hr>151</ns3:hr>
            <ns3:cad>25</ns3:cad>
          </ns3:TrackPointExtension>
        </extensions>
      </trkpt>
      <trkpt lat="43.1607236154377460479736328125" lon="10.53726355545222759246826171875">
        <time>2026-08-01T07:32:39.000Z</time>
        <extensions>
          <ns3:TrackPointExtension>
            <ns3:atemp>27.0</ns3:atemp>
            <ns3:hr>152</ns3:hr>
            <ns3:cad>25</ns3:cad>
          </ns3:TrackPointExtension>
        </extensions>
      </trkpt>
      <trkpt lat="43.16071766428649425506591796875" lon="10.5372601188719272613525390625">
        <time>2026-08-01T07:32:40.000Z</time>
        <extensions>
          <ns3:TrackPointExtension>
            <ns3:atemp>27.0</ns3:atemp>
            <ns3:hr>151</ns3:hr>
            <ns3:cad>25</ns3:cad>
          </ns3:TrackPointExtension>
        </extensions>
      </trkpt>
      <trkpt lat="43.160711713135242462158203125" lon="10.5372567661106586456298828125">
        <time>2026-08-01T07:32:41.000Z</time>
        <extensions>
          <ns3:TrackPointExtension>
            <ns3:atemp>27.0</ns3:atemp>
            <ns3:hr>151</ns3:hr>
            <ns3:cad>25</ns3:cad>
          </ns3:TrackPointExtension>
        </extensions>
      </trkpt>
      <trkpt lat="43.16070559434592723846435546875" lon="10.53725349716842174530029296875">
        <time>2026-08-01T07:32:42.000Z</time>
        <extensions>
          <ns3:TrackPointExtension>
            <ns3:atemp>27.0</ns3:atemp>
            <ns3:hr>151</ns3:hr>
            <ns3:cad>25</ns3:cad>
          </ns3:TrackPointExtension>
        </extensions>
      </trkpt>
      <trkpt lat="43.16069939173758029937744140625" lon="10.537250228226184844970703125">
        <time>2026-08-01T07:32:43.000Z</time>
        <extensions>
          <ns3:TrackPointExtension>
            <ns3:atemp>27.0</ns3:atemp>
            <ns3:hr>150</ns3:hr>
            <ns3:cad>26</ns3:cad>
          </ns3:TrackPointExtension>
        </extensions>
      </trkpt>
      <trkpt lat="43.16069327294826507568359375" lon="10.53724695928394794464111328125">
        <time>2026-08-01T07:32:44.000Z</time>
        <extensions>
          <ns3:TrackPointExtension>
            <ns3:atemp>27.0</ns3:atemp>
            <ns3:hr>150</ns3:hr>
            <ns3:cad>26</ns3:cad>
          </ns3:TrackPointExtension>
        </extensions>
      </trkpt>
      <trkpt lat="43.1606867350637912750244140625" lon="10.53724385797977447509765625">
        <time>2026-08-01T07:32:45.000Z</time>
        <extensions>
          <ns3:TrackPointExtension>
            <ns3:atemp>27.0</ns3:atemp>
            <ns3:hr>150</ns3:hr>
            <ns3:cad>26</ns3:cad>
          </ns3:TrackPointExtension>
        </extensions>
      </trkpt>
      <trkpt lat="43.16068011336028575897216796875" lon="10.537240840494632720947265625">
        <time>2026-08-01T07:32:46.000Z</time>
        <extensions>
          <ns3:TrackPointExtension>
            <ns3:atemp>27.0</ns3:atemp>
            <ns3:hr>150</ns3:hr>
            <ns3:cad>26</ns3:cad>
          </ns3:TrackPointExtension>
        </extensions>
      </trkpt>
      <trkpt lat="43.16067340783774852752685546875" lon="10.53723790682852268218994140625">
        <time>2026-08-01T07:32:47.000Z</time>
        <extensions>
          <ns3:TrackPointExtension>
            <ns3:atemp>27.0</ns3:atemp>
            <ns3:hr>150</ns3:hr>
            <ns3:cad>26</ns3:cad>
          </ns3:TrackPointExtension>
        </extensions>
      </trkpt>
      <trkpt lat="43.16066653467714786529541015625" lon="10.53723505698144435882568359375">
        <time>2026-08-01T07:32:48.000Z</time>
        <extensions>
          <ns3:TrackPointExtension>
            <ns3:atemp>27.0</ns3:atemp>
            <ns3:hr>150</ns3:hr>
            <ns3:cad>26</ns3:cad>
          </ns3:TrackPointExtension>
        </extensions>
      </trkpt>
      <trkpt lat="43.1606599129736423492431640625" lon="10.53723237477242946624755859375">
        <time>2026-08-01T07:32:49.000Z</time>
        <extensions>
          <ns3:TrackPointExtension>
            <ns3:atemp>27.0</ns3:atemp>
            <ns3:hr>151</ns3:hr>
            <ns3:cad>26</ns3:cad>
          </ns3:TrackPointExtension>
        </extensions>
      </trkpt>
      <trkpt lat="43.1606528721749782562255859375" lon="10.5372297763824462890625">
        <time>2026-08-01T07:32:50.000Z</time>
        <extensions>
          <ns3:TrackPointExtension>
            <ns3:atemp>27.0</ns3:atemp>
            <ns3:hr>150</ns3:hr>
            <ns3:cad>27</ns3:cad>
          </ns3:TrackPointExtension>
        </extensions>
      </trkpt>
      <trkpt lat="43.16064591519534587860107421875" lon="10.5372272618114948272705078125">
        <time>2026-08-01T07:32:51.000Z</time>
        <extensions>
          <ns3:TrackPointExtension>
            <ns3:atemp>27.0</ns3:atemp>
            <ns3:hr>150</ns3:hr>
            <ns3:cad>27</ns3:cad>
          </ns3:TrackPointExtension>
        </extensions>
      </trkpt>
      <trkpt lat="43.1606387905776500701904296875" lon="10.53722483105957508087158203125">
        <time>2026-08-01T07:32:52.000Z</time>
        <extensions>
          <ns3:TrackPointExtension>
            <ns3:atemp>27.0</ns3:atemp>
            <ns3:hr>150</ns3:hr>
            <ns3:cad>27</ns3:cad>
          </ns3:TrackPointExtension>
        </extensions>
      </trkpt>
      <trkpt lat="43.16063158214092254638671875" lon="10.5372225679457187652587890625">
        <time>2026-08-01T07:32:53.000Z</time>
        <extensions>
          <ns3:TrackPointExtension>
            <ns3:atemp>27.0</ns3:atemp>
            <ns3:hr>151</ns3:hr>
            <ns3:cad>27</ns3:cad>
          </ns3:TrackPointExtension>
        </extensions>
      </trkpt>
      <trkpt lat="43.16062428988516330718994140625" lon="10.5372203886508941650390625">
        <time>2026-08-01T07:32:54.000Z</time>
        <extensions>
          <ns3:TrackPointExtension>
            <ns3:atemp>27.0</ns3:atemp>
            <ns3:hr>152</ns3:hr>
            <ns3:cad>28</ns3:cad>
          </ns3:TrackPointExtension>
        </extensions>
      </trkpt>
      <trkpt lat="43.16061691381037235260009765625" lon="10.53721837699413299560546875">
        <time>2026-08-01T07:32:55.000Z</time>
        <extensions>
          <ns3:TrackPointExtension>
            <ns3:atemp>27.0</ns3:atemp>
            <ns3:hr>152</ns3:hr>
            <ns3:cad>28</ns3:cad>
          </ns3:TrackPointExtension>
        </extensions>
      </trkpt>
      <trkpt lat="43.1606096215546131134033203125" lon="10.53721661679446697235107421875">
        <time>2026-08-01T07:32:56.000Z</time>
        <extensions>
          <ns3:TrackPointExtension>
            <ns3:atemp>27.0</ns3:atemp>
            <ns3:hr>152</ns3:hr>
            <ns3:cad>28</ns3:cad>
          </ns3:TrackPointExtension>
        </extensions>
      </trkpt>
      <trkpt lat="43.16060207784175872802734375" lon="10.53721494041383266448974609375">
        <time>2026-08-01T07:32:57.000Z</time>
        <extensions>
          <ns3:TrackPointExtension>
            <ns3:atemp>27.0</ns3:atemp>
            <ns3:hr>152</ns3:hr>
            <ns3:cad>27</ns3:cad>
          </ns3:TrackPointExtension>
        </extensions>
      </trkpt>
      <trkpt lat="43.16059461794793605804443359375" lon="10.53721343167126178741455078125">
        <time>2026-08-01T07:32:58.000Z</time>
        <extensions>
          <ns3:TrackPointExtension>
            <ns3:atemp>27.0</ns3:atemp>
            <ns3:hr>152</ns3:hr>
            <ns3:cad>27</ns3:cad>
          </ns3:TrackPointExtension>
        </extensions>
      </trkpt>
      <trkpt lat="43.16058707423508167266845703125" lon="10.537212006747722625732421875">
        <time>2026-08-01T07:32:59.000Z</time>
        <extensions>
          <ns3:TrackPointExtension>
            <ns3:atemp>27.0</ns3:atemp>
            <ns3:hr>152</ns3:hr>
            <ns3:cad>27</ns3:cad>
          </ns3:TrackPointExtension>
        </extensions>
      </trkpt>
      <trkpt lat="43.16057953052222728729248046875" lon="10.537210665643215179443359375">
        <time>2026-08-01T07:33:00.000Z</time>
        <extensions>
          <ns3:TrackPointExtension>
            <ns3:atemp>27.0</ns3:atemp>
            <ns3:hr>152</ns3:hr>
            <ns3:cad>27</ns3:cad>
          </ns3:TrackPointExtension>
        </extensions>
      </trkpt>
      <trkpt lat="43.16057198680937290191650390625" lon="10.5372094921767711639404296875">
        <time>2026-08-01T07:33:01.000Z</time>
        <extensions>
          <ns3:TrackPointExtension>
            <ns3:atemp>27.0</ns3:atemp>
            <ns3:hr>153</ns3:hr>
            <ns3:cad>27</ns3:cad>
          </ns3:TrackPointExtension>
        </extensions>
      </trkpt>
      <trkpt lat="43.1605643592774868011474609375" lon="10.53720840252935886383056640625">
        <time>2026-08-01T07:33:02.000Z</time>
        <extensions>
          <ns3:TrackPointExtension>
            <ns3:atemp>27.0</ns3:atemp>
            <ns3:hr>153</ns3:hr>
            <ns3:cad>27</ns3:cad>
          </ns3:TrackPointExtension>
        </extensions>
      </trkpt>
      <trkpt lat="43.16055689938366413116455078125" lon="10.53720756433904170989990234375">
        <time>2026-08-01T07:33:03.000Z</time>
        <extensions>
          <ns3:TrackPointExtension>
            <ns3:atemp>27.0</ns3:atemp>
            <ns3:hr>153</ns3:hr>
            <ns3:cad>27</ns3:cad>
          </ns3:TrackPointExtension>
        </extensions>
      </trkpt>
      <trkpt lat="43.16054918803274631500244140625" lon="10.53720672614872455596923828125">
        <time>2026-08-01T07:33:04.000Z</time>
        <extensions>
          <ns3:TrackPointExtension>
            <ns3:atemp>27.0</ns3:atemp>
            <ns3:hr>154</ns3:hr>
            <ns3:cad>26</ns3:cad>
          </ns3:TrackPointExtension>
        </extensions>
      </trkpt>
      <trkpt lat="43.1605418957769870758056640625" lon="10.53720639087259769439697265625">
        <time>2026-08-01T07:33:05.000Z</time>
        <extensions>
          <ns3:TrackPointExtension>
            <ns3:atemp>27.0</ns3:atemp>
            <ns3:hr>155</ns3:hr>
            <ns3:cad>26</ns3:cad>
          </ns3:TrackPointExtension>
        </extensions>
      </trkpt>
      <trkpt lat="43.16053460352122783660888671875" lon="10.53720605559647083282470703125">
        <time>2026-08-01T07:33:06.000Z</time>
        <extensions>
          <ns3:TrackPointExtension>
            <ns3:atemp>27.0</ns3:atemp>
            <ns3:hr>155</ns3:hr>
            <ns3:cad>26</ns3:cad>
          </ns3:TrackPointExtension>
        </extensions>
      </trkpt>
      <trkpt lat="43.16052739508450031280517578125" lon="10.537205971777439117431640625">
        <time>2026-08-01T07:33:07.000Z</time>
        <extensions>
          <ns3:TrackPointExtension>
            <ns3:atemp>27.0</ns3:atemp>
            <ns3:hr>156</ns3:hr>
            <ns3:cad>25</ns3:cad>
          </ns3:TrackPointExtension>
        </extensions>
      </trkpt>
      <trkpt lat="43.1605201028287410736083984375" lon="10.53720605559647083282470703125">
        <time>2026-08-01T07:33:08.000Z</time>
        <extensions>
          <ns3:TrackPointExtension>
            <ns3:atemp>27.0</ns3:atemp>
            <ns3:hr>156</ns3:hr>
            <ns3:cad>25</ns3:cad>
          </ns3:TrackPointExtension>
        </extensions>
      </trkpt>
      <trkpt lat="43.1605128943920135498046875" lon="10.5372061394155025482177734375">
        <time>2026-08-01T07:33:09.000Z</time>
        <extensions>
          <ns3:TrackPointExtension>
            <ns3:atemp>27.0</ns3:atemp>
            <ns3:hr>156</ns3:hr>
            <ns3:cad>24</ns3:cad>
          </ns3:TrackPointExtension>
        </extensions>
      </trkpt>
      <trkpt lat="43.1605128943920135498046875" lon="10.5372061394155025482177734375">
        <time>2026-08-01T07:33:10.000Z</time>
        <extensions>
          <ns3:TrackPointExtension>
            <ns3:atemp>27.0</ns3:atemp>
            <ns3:hr>156</ns3:hr>
            <ns3:cad>24</ns3:cad>
          </ns3:TrackPointExtension>
        </extensions>
      </trkpt>
      <trkpt lat="43.160505853593349456787109375" lon="10.53720639087259769439697265625">
        <time>2026-08-01T07:33:11.000Z</time>
        <extensions>
          <ns3:TrackPointExtension>
            <ns3:atemp>27.0</ns3:atemp>
            <ns3:hr>156</ns3:hr>
            <ns3:cad>24</ns3:cad>
          </ns3:TrackPointExtension>
        </extensions>
      </trkpt>
      <trkpt lat="43.160505853593349456787109375" lon="10.53720639087259769439697265625">
        <time>2026-08-01T07:33:12.000Z</time>
        <extensions>
          <ns3:TrackPointExtension>
            <ns3:atemp>27.0</ns3:atemp>
            <ns3:hr>157</ns3:hr>
            <ns3:cad>24</ns3:cad>
          </ns3:TrackPointExtension>
        </extensions>
      </trkpt>
      <trkpt lat="43.16049889661371707916259765625" lon="10.5372068099677562713623046875">
        <time>2026-08-01T07:33:13.000Z</time>
        <extensions>
          <ns3:TrackPointExtension>
            <ns3:atemp>27.0</ns3:atemp>
            <ns3:hr>156</ns3:hr>
            <ns3:cad>24</ns3:cad>
          </ns3:TrackPointExtension>
        </extensions>
      </trkpt>
      <trkpt lat="43.16049889661371707916259765625" lon="10.5372068099677562713623046875">
        <time>2026-08-01T07:33:14.000Z</time>
        <extensions>
          <ns3:TrackPointExtension>
            <ns3:atemp>27.0</ns3:atemp>
            <ns3:hr>156</ns3:hr>
            <ns3:cad>24</ns3:cad>
          </ns3:TrackPointExtension>
        </extensions>
      </trkpt>
      <trkpt lat="43.16049210727214813232421875" lon="10.537207312881946563720703125">
        <time>2026-08-01T07:33:15.000Z</time>
        <extensions>
          <ns3:TrackPointExtension>
            <ns3:atemp>27.0</ns3:atemp>
            <ns3:hr>156</ns3:hr>
            <ns3:cad>24</ns3:cad>
          </ns3:TrackPointExtension>
        </extensions>
      </trkpt>
      <trkpt lat="43.16049210727214813232421875" lon="10.537207312881946563720703125">
        <time>2026-08-01T07:33:16.000Z</time>
        <extensions>
          <ns3:TrackPointExtension>
            <ns3:atemp>27.0</ns3:atemp>
            <ns3:hr>156</ns3:hr>
            <ns3:cad>24</ns3:cad>
          </ns3:TrackPointExtension>
        </extensions>
      </trkpt>
      <trkpt lat="43.16049210727214813232421875" lon="10.537207312881946563720703125">
        <time>2026-08-01T07:33:17.000Z</time>
        <extensions>
          <ns3:TrackPointExtension>
            <ns3:atemp>27.0</ns3:atemp>
            <ns3:hr>155</ns3:hr>
            <ns3:cad>24</ns3:cad>
          </ns3:TrackPointExtension>
        </extensions>
      </trkpt>
      <trkpt lat="43.16049210727214813232421875" lon="10.537207312881946563720703125">
        <time>2026-08-01T07:33:18.000Z</time>
        <extensions>
          <ns3:TrackPointExtension>
            <ns3:atemp>27.0</ns3:atemp>
            <ns3:hr>155</ns3:hr>
            <ns3:cad>25</ns3:cad>
          </ns3:TrackPointExtension>
        </extensions>
      </trkpt>
      <trkpt lat="43.16048531793057918548583984375" lon="10.537207983434200286865234375">
        <time>2026-08-01T07:33:19.000Z</time>
        <extensions>
          <ns3:TrackPointExtension>
            <ns3:atemp>27.0</ns3:atemp>
            <ns3:hr>155</ns3:hr>
            <ns3:cad>25</ns3:cad>
          </ns3:TrackPointExtension>
        </extensions>
      </trkpt>
      <trkpt lat="43.16047878004610538482666015625" lon="10.537208653986454010009765625">
        <time>2026-08-01T07:33:20.000Z</time>
        <extensions>
          <ns3:TrackPointExtension>
            <ns3:atemp>27.0</ns3:atemp>
            <ns3:hr>155</ns3:hr>
            <ns3:cad>25</ns3:cad>
          </ns3:TrackPointExtension>
        </extensions>
      </trkpt>
      <trkpt lat="43.160472325980663299560546875" lon="10.53720940835773944854736328125">
        <time>2026-08-01T07:33:21.000Z</time>
        <extensions>
          <ns3:TrackPointExtension>
            <ns3:atemp>27.0</ns3:atemp>
            <ns3:hr>155</ns3:hr>
            <ns3:cad>25</ns3:cad>
          </ns3:TrackPointExtension>
        </extensions>
      </trkpt>
      <trkpt lat="43.16046637482941150665283203125" lon="10.53721033036708831787109375">
        <time>2026-08-01T07:33:22.000Z</time>
        <extensions>
          <ns3:TrackPointExtension>
            <ns3:atemp>27.0</ns3:atemp>
            <ns3:hr>154</ns3:hr>
            <ns3:cad>25</ns3:cad>
          </ns3:TrackPointExtension>
        </extensions>
      </trkpt>
      <trkpt lat="43.1604604236781597137451171875" lon="10.537211336195468902587890625">
        <time>2026-08-01T07:33:23.000Z</time>
        <extensions>
          <ns3:TrackPointExtension>
            <ns3:atemp>27.0</ns3:atemp>
            <ns3:hr>154</ns3:hr>
            <ns3:cad>25</ns3:cad>
          </ns3:TrackPointExtension>
        </extensions>
      </trkpt>
      <trkpt lat="43.16045464016497135162353515625" lon="10.5372123420238494873046875">
        <time>2026-08-01T07:33:24.000Z</time>
        <extensions>
          <ns3:TrackPointExtension>
            <ns3:atemp>27.0</ns3:atemp>
            <ns3:hr>154</ns3:hr>
            <ns3:cad>25</ns3:cad>
          </ns3:TrackPointExtension>
        </extensions>
      </trkpt>
      <trkpt lat="43.16045464016497135162353515625" lon="10.5372123420238494873046875">
        <time>2026-08-01T07:33:25.000Z</time>
        <extensions>
          <ns3:TrackPointExtension>
            <ns3:atemp>27.0</ns3:atemp>
            <ns3:hr>154</ns3:hr>
            <ns3:cad>25</ns3:cad>
          </ns3:TrackPointExtension>
        </extensions>
      </trkpt>
      <trkpt lat="43.16045464016497135162353515625" lon="10.5372123420238494873046875">
        <time>2026-08-01T07:33:26.000Z</time>
        <extensions>
          <ns3:TrackPointExtension>
            <ns3:atemp>27.0</ns3:atemp>
            <ns3:hr>153</ns3:hr>
            <ns3:cad>21</ns3:cad>
          </ns3:TrackPointExtension>
        </extensions>
      </trkpt>
      <trkpt lat="43.16045464016497135162353515625" lon="10.5372123420238494873046875">
        <time>2026-08-01T07:33:27.000Z</time>
        <extensions>
          <ns3:TrackPointExtension>
            <ns3:atemp>27.0</ns3:atemp>
            <ns3:hr>152</ns3:hr>
            <ns3:cad>22</ns3:cad>
          </ns3:TrackPointExtension>
        </extensions>
      </trkpt>
      <trkpt lat="43.1604490242898464202880859375" lon="10.537213347852230072021484375">
        <time>2026-08-01T07:33:28.000Z</time>
        <extensions>
          <ns3:TrackPointExtension>
            <ns3:atemp>27.0</ns3:atemp>
            <ns3:hr>152</ns3:hr>
            <ns3:cad>24</ns3:cad>
          </ns3:TrackPointExtension>
        </extensions>
      </trkpt>
      <trkpt lat="43.1604490242898464202880859375" lon="10.537213347852230072021484375">
        <time>2026-08-01T07:33:29.000Z</time>
        <extensions>
          <ns3:TrackPointExtension>
            <ns3:atemp>27.0</ns3:atemp>
            <ns3:hr>152</ns3:hr>
            <ns3:cad>24</ns3:cad>
          </ns3:TrackPointExtension>
        </extensions>
      </trkpt>
      <trkpt lat="43.16044357605278491973876953125" lon="10.53721443749964237213134765625">
        <time>2026-08-01T07:33:30.000Z</time>
        <extensions>
          <ns3:TrackPointExtension>
            <ns3:atemp>27.0</ns3:atemp>
            <ns3:hr>152</ns3:hr>
            <ns3:cad>26</ns3:cad>
          </ns3:TrackPointExtension>
        </extensions>
      </trkpt>
      <trkpt lat="43.16043846309185028076171875" lon="10.5372155271470546722412109375">
        <time>2026-08-01T07:33:31.000Z</time>
        <extensions>
          <ns3:TrackPointExtension>
            <ns3:atemp>27.0</ns3:atemp>
            <ns3:hr>153</ns3:hr>
            <ns3:cad>29</ns3:cad>
          </ns3:TrackPointExtension>
        </extensions>
      </trkpt>
      <trkpt lat="43.16020653583109378814697265625" lon="10.53723505698144435882568359375">
        <time>2026-08-01T07:34:35.000Z</time>
        <extensions>
          <ns3:TrackPointExtension>
            <ns3:atemp>27.0</ns3:atemp>
            <ns3:hr>128</ns3:hr>
            <ns3:cad>25</ns3:cad>
          </ns3:TrackPointExtension>
        </extensions>
      </trkpt>
      <trkpt lat="43.1601915322244167327880859375" lon="10.53723891265690326690673828125">
        <time>2026-08-01T07:34:36.000Z</time>
        <extensions>
          <ns3:TrackPointExtension>
            <ns3:atemp>27.0</ns3:atemp>
            <ns3:hr>128</ns3:hr>
            <ns3:cad>25</ns3:cad>
          </ns3:TrackPointExtension>
        </extensions>
      </trkpt>
      <trkpt lat="43.1601771153509616851806640625" lon="10.5372426845133304595947265625">
        <time>2026-08-01T07:34:37.000Z</time>
        <extensions>
          <ns3:TrackPointExtension>
            <ns3:atemp>27.0</ns3:atemp>
            <ns3:hr>128</ns3:hr>
            <ns3:cad>22</ns3:cad>
          </ns3:TrackPointExtension>
        </extensions>
      </trkpt>
      <trkpt lat="43.1601771153509616851806640625" lon="10.5372426845133304595947265625">
        <time>2026-08-01T07:34:38.000Z</time>
        <extensions>
          <ns3:TrackPointExtension>
            <ns3:atemp>27.0</ns3:atemp>
            <ns3:hr>128</ns3:hr>
            <ns3:cad>22</ns3:cad>
          </ns3:TrackPointExtension>
        </extensions>
      </trkpt>
      <trkpt lat="43.16016395576298236846923828125" lon="10.53724612109363079071044921875">
        <time>2026-08-01T07:34:39.000Z</time>
        <extensions>
          <ns3:TrackPointExtension>
            <ns3:atemp>27.0</ns3:atemp>
            <ns3:hr>130</ns3:hr>
            <ns3:cad>22</ns3:cad>
          </ns3:TrackPointExtension>
        </extensions>
      </trkpt>
      <trkpt lat="43.16015238873660564422607421875" lon="10.53724830038845539093017578125">
        <time>2026-08-01T07:34:40.000Z</time>
        <extensions>
          <ns3:TrackPointExtension>
            <ns3:atemp>27.0</ns3:atemp>
            <ns3:hr>130</ns3:hr>
            <ns3:cad>21</ns3:cad>
          </ns3:TrackPointExtension>
        </extensions>
      </trkpt>
      <trkpt lat="43.16014082171022891998291015625" lon="10.5372503958642482757568359375">
        <time>2026-08-01T07:34:41.000Z</time>
        <extensions>
          <ns3:TrackPointExtension>
            <ns3:atemp>27.0</ns3:atemp>
            <ns3:hr>130</ns3:hr>
            <ns3:cad>21</ns3:cad>
          </ns3:TrackPointExtension>
        </extensions>
      </trkpt>
      <trkpt lat="43.1601293385028839111328125" lon="10.53725249134004116058349609375">
        <time>2026-08-01T07:34:42.000Z</time>
        <extensions>
          <ns3:TrackPointExtension>
            <ns3:atemp>27.0</ns3:atemp>
            <ns3:hr>131</ns3:hr>
            <ns3:cad>21</ns3:cad>
          </ns3:TrackPointExtension>
        </extensions>
      </trkpt>
      <trkpt lat="43.1601293385028839111328125" lon="10.53725249134004116058349609375">
        <time>2026-08-01T07:34:43.000Z</time>
        <extensions>
          <ns3:TrackPointExtension>
            <ns3:atemp>27.0</ns3:atemp>
            <ns3:hr>131</ns3:hr>
            <ns3:cad>21</ns3:cad>
          </ns3:TrackPointExtension>
        </extensions>
      </trkpt>
      <trkpt lat="43.1601177714765071868896484375" lon="10.53725458681583404541015625">
        <time>2026-08-01T07:34:44.000Z</time>
        <extensions>
          <ns3:TrackPointExtension>
            <ns3:atemp>27.0</ns3:atemp>
            <ns3:hr>132</ns3:hr>
            <ns3:cad>20</ns3:cad>
          </ns3:TrackPointExtension>
        </extensions>
      </trkpt>
      <trkpt lat="43.160106204450130462646484375" lon="10.53725668229162693023681640625">
        <time>2026-08-01T07:34:45.000Z</time>
        <extensions>
          <ns3:TrackPointExtension>
            <ns3:atemp>27.0</ns3:atemp>
            <ns3:hr>133</ns3:hr>
            <ns3:cad>20</ns3:cad>
          </ns3:TrackPointExtension>
        </extensions>
      </trkpt>
      <trkpt lat="43.16009472124278545379638671875" lon="10.5372587777674198150634765625">
        <time>2026-08-01T07:34:46.000Z</time>
        <extensions>
          <ns3:TrackPointExtension>
            <ns3:atemp>27.0</ns3:atemp>
            <ns3:hr>133</ns3:hr>
            <ns3:cad>20</ns3:cad>
          </ns3:TrackPointExtension>
        </extensions>
      </trkpt>
      <trkpt lat="43.16008315421640872955322265625" lon="10.53726087324321269989013671875">
        <time>2026-08-01T07:34:47.000Z</time>
        <extensions>
          <ns3:TrackPointExtension>
            <ns3:atemp>27.0</ns3:atemp>
            <ns3:hr>134</ns3:hr>
            <ns3:cad>20</ns3:cad>
          </ns3:TrackPointExtension>
        </extensions>
      </trkpt>
      <trkpt lat="43.160071671009063720703125" lon="10.537262968719005584716796875">
        <time>2026-08-01T07:34:48.000Z</time>
        <extensions>
          <ns3:TrackPointExtension>
            <ns3:atemp>27.0</ns3:atemp>
            <ns3:hr>134</ns3:hr>
            <ns3:cad>20</ns3:cad>
          </ns3:TrackPointExtension>
        </extensions>
      </trkpt>
      <trkpt lat="43.1600601039826869964599609375" lon="10.53726506419479846954345703125">
        <time>2026-08-01T07:34:49.000Z</time>
        <extensions>
          <ns3:TrackPointExtension>
            <ns3:atemp>27.0</ns3:atemp>
            <ns3:hr>134</ns3:hr>
            <ns3:cad>20</ns3:cad>
          </ns3:TrackPointExtension>
        </extensions>
      </trkpt>
      <trkpt lat="43.160048536956310272216796875" lon="10.53726724348962306976318359375">
        <time>2026-08-01T07:34:50.000Z</time>
        <extensions>
          <ns3:TrackPointExtension>
            <ns3:atemp>27.0</ns3:atemp>
            <ns3:hr>133</ns3:hr>
            <ns3:cad>20</ns3:cad>
          </ns3:TrackPointExtension>
        </extensions>
      </trkpt>
      <trkpt lat="43.16003705374896526336669921875" lon="10.53726933896541595458984375">
        <time>2026-08-01T07:34:51.000Z</time>
        <extensions>
          <ns3:TrackPointExtension>
            <ns3:atemp>27.0</ns3:atemp>
            <ns3:hr>134</ns3:hr>
            <ns3:cad>17</ns3:cad>
          </ns3:TrackPointExtension>
        </extensions>
      </trkpt>
      <trkpt lat="43.16002548672258853912353515625" lon="10.53727143444120883941650390625">
        <time>2026-08-01T07:34:52.000Z</time>
        <extensions>
          <ns3:TrackPointExtension>
            <ns3:atemp>27.0</ns3:atemp>
            <ns3:hr>134</ns3:hr>
            <ns3:cad>17</ns3:cad>
          </ns3:TrackPointExtension>
        </extensions>
      </trkpt>
      <trkpt lat="43.16001391969621181488037109375" lon="10.5372735299170017242431640625">
        <time>2026-08-01T07:34:53.000Z</time>
        <extensions>
          <ns3:TrackPointExtension>
            <ns3:atemp>27.0</ns3:atemp>
            <ns3:hr>134</ns3:hr>
            <ns3:cad>17</ns3:cad>
          </ns3:TrackPointExtension>
        </extensions>
      </trkpt>
      <trkpt lat="43.1600024364888668060302734375" lon="10.53727562539279460906982421875">
        <time>2026-08-01T07:34:54.000Z</time>
        <extensions>
          <ns3:TrackPointExtension>
            <ns3:atemp>27.0</ns3:atemp>
            <ns3:hr>134</ns3:hr>
            <ns3:cad>17</ns3:cad>
          </ns3:TrackPointExtension>
        </extensions>
      </trkpt>
      <trkpt lat="43.159990869462490081787109375" lon="10.537277720868587493896484375">
        <time>2026-08-01T07:34:55.000Z</time>
        <extensions>
          <ns3:TrackPointExtension>
            <ns3:atemp>27.0</ns3:atemp>
            <ns3:hr>135</ns3:hr>
            <ns3:cad>17</ns3:cad>
          </ns3:TrackPointExtension>
        </extensions>
      </trkpt>
      <trkpt lat="43.159990869462490081787109375" lon="10.537277720868587493896484375">
        <time>2026-08-01T07:34:56.000Z</time>
        <extensions>
          <ns3:TrackPointExtension>
            <ns3:atemp>27.0</ns3:atemp>
            <ns3:hr>135</ns3:hr>
            <ns3:cad>19</ns3:cad>
          </ns3:TrackPointExtension>
        </extensions>
      </trkpt>
      <trkpt lat="43.159983158111572265625" lon="10.5372795648872852325439453125">
        <time>2026-08-01T07:34:57.000Z</time>
        <extensions>
          <ns3:TrackPointExtension>
            <ns3:atemp>27.0</ns3:atemp>
            <ns3:hr>134</ns3:hr>
            <ns3:cad>19</ns3:cad>
          </ns3:TrackPointExtension>
        </extensions>
      </trkpt>
      <trkpt lat="43.159983158111572265625" lon="10.5372795648872852325439453125">
        <time>2026-08-01T07:34:58.000Z</time>
        <extensions>
          <ns3:TrackPointExtension>
            <ns3:atemp>27.0</ns3:atemp>
            <ns3:hr>135</ns3:hr>
            <ns3:cad>19</ns3:cad>
          </ns3:TrackPointExtension>
        </extensions>
      </trkpt>
      <trkpt lat="43.15997569821774959564208984375" lon="10.53728149272501468658447265625">
        <time>2026-08-01T07:34:59.000Z</time>
        <extensions>
          <ns3:TrackPointExtension>
            <ns3:atemp>27.0</ns3:atemp>
            <ns3:hr>136</ns3:hr>
            <ns3:cad>20</ns3:cad>
          </ns3:TrackPointExtension>
        </extensions>
      </trkpt>
      <trkpt lat="43.159577809274196624755859375" lon="10.53738559596240520477294921875">
        <time>2026-08-01T07:37:17.000Z</time>
        <extensions>
          <ns3:TrackPointExtension>
            <ns3:atemp>27.0</ns3:atemp>
            <ns3:hr>128</ns3:hr>
            <ns3:cad>21</ns3:cad>
          </ns3:TrackPointExtension>
        </extensions>
      </trkpt>
      <trkpt lat="43.159565068781375885009765625" lon="10.537388361990451812744140625">
        <time>2026-08-01T07:37:18.000Z</time>
        <extensions>
          <ns3:TrackPointExtension>
            <ns3:atemp>27.0</ns3:atemp>
            <ns3:hr>127</ns3:hr>
            <ns3:cad>17</ns3:cad>
          </ns3:TrackPointExtension>
        </extensions>
      </trkpt>
      <trkpt lat="43.15955467522144317626953125" lon="10.53739070892333984375">
        <time>2026-08-01T07:37:19.000Z</time>
        <extensions>
          <ns3:TrackPointExtension>
            <ns3:atemp>27.0</ns3:atemp>
            <ns3:hr>127</ns3:hr>
            <ns3:cad>17</ns3:cad>
          </ns3:TrackPointExtension>
        </extensions>
      </trkpt>
      <trkpt lat="43.159545958042144775390625" lon="10.5373935587704181671142578125">
        <time>2026-08-01T07:37:20.000Z</time>
        <extensions>
          <ns3:TrackPointExtension>
            <ns3:atemp>27.0</ns3:atemp>
            <ns3:hr>127</ns3:hr>
            <ns3:cad>17</ns3:cad>
          </ns3:TrackPointExtension>
        </extensions>
      </trkpt>
      <trkpt lat="43.15953866578638553619384765625" lon="10.5373972468078136444091796875">
        <time>2026-08-01T07:37:21.000Z</time>
        <extensions>
          <ns3:TrackPointExtension>
            <ns3:atemp>27.0</ns3:atemp>
            <ns3:hr>127</ns3:hr>
            <ns3:cad>16</ns3:cad>
          </ns3:TrackPointExtension>
        </extensions>
      </trkpt>
      <trkpt lat="43.15952659584581851959228515625" lon="10.53740085102617740631103515625">
        <time>2026-08-01T07:37:22.000Z</time>
        <extensions>
          <ns3:TrackPointExtension>
            <ns3:atemp>27.0</ns3:atemp>
            <ns3:hr>126</ns3:hr>
            <ns3:cad>16</ns3:cad>
          </ns3:TrackPointExtension>
        </extensions>
      </trkpt>
      <trkpt lat="43.159390389919281005859375" lon="10.537435300648212432861328125">
        <time>2026-08-01T07:37:29.000Z</time>
        <extensions>
          <ns3:TrackPointExtension>
            <ns3:atemp>27.0</ns3:atemp>
            <ns3:hr>131</ns3:hr>
            <ns3:cad>20</ns3:cad>
          </ns3:TrackPointExtension>
        </extensions>
      </trkpt>
      <trkpt lat="43.15935711376368999481201171875" lon="10.5374431796371936798095703125">
        <time>2026-08-01T07:37:30.000Z</time>
        <extensions>
          <ns3:TrackPointExtension>
            <ns3:atemp>27.0</ns3:atemp>
            <ns3:hr>132</ns3:hr>
            <ns3:cad>24</ns3:cad>
          </ns3:TrackPointExtension>
        </extensions>
      </trkpt>
      <trkpt lat="43.15934001468122005462646484375" lon="10.53744728676974773406982421875">
        <time>2026-08-01T07:37:31.000Z</time>
        <extensions>
          <ns3:TrackPointExtension>
            <ns3:atemp>28.0</ns3:atemp>
            <ns3:hr>132</ns3:hr>
            <ns3:cad>24</ns3:cad>
          </ns3:TrackPointExtension>
        </extensions>
      </trkpt>
      <trkpt lat="43.159343115985393524169921875" lon="10.537447035312652587890625">
        <time>2026-08-01T07:37:32.000Z</time>
        <extensions>
          <ns3:TrackPointExtension>
            <ns3:atemp>28.0</ns3:atemp>
            <ns3:hr>132</ns3:hr>
            <ns3:cad>27</ns3:cad>
          </ns3:TrackPointExtension>
        </extensions>
      </trkpt>
      <trkpt lat="43.1593469716608524322509765625" lon="10.537446700036525726318359375">
        <time>2026-08-01T07:37:33.000Z</time>
        <extensions>
          <ns3:TrackPointExtension>
            <ns3:atemp>28.0</ns3:atemp>
            <ns3:hr>132</ns3:hr>
            <ns3:cad>27</ns3:cad>
          </ns3:TrackPointExtension>
        </extensions>
      </trkpt>
      <trkpt lat="43.1593514978885650634765625" lon="10.53744628094136714935302734375">
        <time>2026-08-01T07:37:34.000Z</time>
        <extensions>
          <ns3:TrackPointExtension>
            <ns3:atemp>28.0</ns3:atemp>
            <ns3:hr>132</ns3:hr>
            <ns3:cad>27</ns3:cad>
          </ns3:TrackPointExtension>
        </extensions>
      </trkpt>
      <trkpt lat="43.15935694612562656402587890625" lon="10.5374458618462085723876953125">
        <time>2026-08-01T07:37:35.000Z</time>
        <extensions>
          <ns3:TrackPointExtension>
            <ns3:atemp>28.0</ns3:atemp>
            <ns3:hr>133</ns3:hr>
            <ns3:cad>27</ns3:cad>
          </ns3:TrackPointExtension>
        </extensions>
      </trkpt>
      <trkpt lat="43.1593634001910686492919921875" lon="10.537446700036525726318359375">
        <time>2026-08-01T07:37:36.000Z</time>
        <extensions>
          <ns3:TrackPointExtension>
            <ns3:atemp>28.0</ns3:atemp>
            <ns3:hr>133</ns3:hr>
            <ns3:cad>27</ns3:cad>
          </ns3:TrackPointExtension>
        </extensions>
      </trkpt>
      <trkpt lat="43.15936985425651073455810546875" lon="10.53744711913168430328369140625">
        <time>2026-08-01T07:37:37.000Z</time>
        <extensions>
          <ns3:TrackPointExtension>
            <ns3:atemp>28.0</ns3:atemp>
            <ns3:hr>133</ns3:hr>
            <ns3:cad>26</ns3:cad>
          </ns3:TrackPointExtension>
        </extensions>
      </trkpt>
      <trkpt lat="43.15937588922679424285888671875" lon="10.53744762204587459564208984375">
        <time>2026-08-01T07:37:38.000Z</time>
        <extensions>
          <ns3:TrackPointExtension>
            <ns3:atemp>28.0</ns3:atemp>
            <ns3:hr>132</ns3:hr>
            <ns3:cad>26</ns3:cad>
          </ns3:TrackPointExtension>
        </extensions>
      </trkpt>
      <trkpt lat="43.1593818403780460357666015625" lon="10.5374482087790966033935546875">
        <time>2026-08-01T07:37:39.000Z</time>
        <extensions>
          <ns3:TrackPointExtension>
            <ns3:atemp>28.0</ns3:atemp>
            <ns3:hr>133</ns3:hr>
            <ns3:cad>26</ns3:cad>
          </ns3:TrackPointExtension>
        </extensions>
      </trkpt>
      <trkpt lat="43.15938812680542469024658203125" lon="10.5374482087790966033935546875">
        <time>2026-08-01T07:37:40.000Z</time>
        <extensions>
          <ns3:TrackPointExtension>
            <ns3:atemp>28.0</ns3:atemp>
            <ns3:hr>133</ns3:hr>
            <ns3:cad>26</ns3:cad>
          </ns3:TrackPointExtension>
        </extensions>
      </trkpt>
      <trkpt lat="43.15939416177570819854736328125" lon="10.5374483764171600341796875">
        <time>2026-08-01T07:37:41.000Z</time>
        <extensions>
          <ns3:TrackPointExtension>
            <ns3:atemp>28.0</ns3:atemp>
            <ns3:hr>134</ns3:hr>
            <ns3:cad>26</ns3:cad>
          </ns3:TrackPointExtension>
        </extensions>
      </trkpt>
      <trkpt lat="43.15939969383180141448974609375" lon="10.53744879551231861114501953125">
        <time>2026-08-01T07:37:42.000Z</time>
        <extensions>
          <ns3:TrackPointExtension>
            <ns3:atemp>28.0</ns3:atemp>
            <ns3:hr>134</ns3:hr>
            <ns3:cad>26</ns3:cad>
          </ns3:TrackPointExtension>
        </extensions>
      </trkpt>
      <trkpt lat="43.15940472297370433807373046875" lon="10.5374495498836040496826171875">
        <time>2026-08-01T07:37:43.000Z</time>
        <extensions>
          <ns3:TrackPointExtension>
            <ns3:atemp>28.0</ns3:atemp>
            <ns3:hr>134</ns3:hr>
            <ns3:cad>26</ns3:cad>
          </ns3:TrackPointExtension>
        </extensions>
      </trkpt>
      <trkpt lat="43.15940941683948040008544921875" lon="10.53745030425488948822021484375">
        <time>2026-08-01T07:37:44.000Z</time>
        <extensions>
          <ns3:TrackPointExtension>
            <ns3:atemp>28.0</ns3:atemp>
            <ns3:hr>134</ns3:hr>
            <ns3:cad>26</ns3:cad>
          </ns3:TrackPointExtension>
        </extensions>
      </trkpt>
      <trkpt lat="43.1594140268862247467041015625" lon="10.5374510586261749267578125">
        <time>2026-08-01T07:37:45.000Z</time>
        <extensions>
          <ns3:TrackPointExtension>
            <ns3:atemp>28.0</ns3:atemp>
            <ns3:hr>135</ns3:hr>
            <ns3:cad>26</ns3:cad>
          </ns3:TrackPointExtension>
        </extensions>
      </trkpt>
      <trkpt lat="43.15941930748522281646728515625" lon="10.537451393902301788330078125">
        <time>2026-08-01T07:37:46.000Z</time>
        <extensions>
          <ns3:TrackPointExtension>
            <ns3:atemp>28.0</ns3:atemp>
            <ns3:hr>135</ns3:hr>
            <ns3:cad>26</ns3:cad>
          </ns3:TrackPointExtension>
        </extensions>
      </trkpt>
      <trkpt lat="43.15942458808422088623046875" lon="10.53745172917842864990234375">
        <time>2026-08-01T07:37:47.000Z</time>
        <extensions>
          <ns3:TrackPointExtension>
            <ns3:atemp>28.0</ns3:atemp>
            <ns3:hr>135</ns3:hr>
            <ns3:cad>26</ns3:cad>
          </ns3:TrackPointExtension>
        </extensions>
      </trkpt>
      <trkpt lat="43.15942995250225067138671875" lon="10.53745214827358722686767578125">
        <time>2026-08-01T07:37:48.000Z</time>
        <extensions>
          <ns3:TrackPointExtension>
            <ns3:atemp>28.0</ns3:atemp>
            <ns3:hr>135</ns3:hr>
            <ns3:cad>26</ns3:cad>
          </ns3:TrackPointExtension>
        </extensions>
      </trkpt>
      <trkpt lat="43.1594354845583438873291015625" lon="10.53745265118777751922607421875">
        <time>2026-08-01T07:37:49.000Z</time>
        <extensions>
          <ns3:TrackPointExtension>
            <ns3:atemp>28.0</ns3:atemp>
            <ns3:hr>135</ns3:hr>
            <ns3:cad>26</ns3:cad>
          </ns3:TrackPointExtension>
        </extensions>
      </trkpt>
      <trkpt lat="43.15944042988121509552001953125" lon="10.5374529026448726654052734375">
        <time>2026-08-01T07:37:50.000Z</time>
        <extensions>
          <ns3:TrackPointExtension>
            <ns3:atemp>28.0</ns3:atemp>
            <ns3:hr>135</ns3:hr>
            <ns3:cad>26</ns3:cad>
          </ns3:TrackPointExtension>
        </extensions>
      </trkpt>
      <trkpt lat="43.1594453752040863037109375" lon="10.53745315410196781158447265625">
        <time>2026-08-01T07:37:51.000Z</time>
        <extensions>
          <ns3:TrackPointExtension>
            <ns3:atemp>28.0</ns3:atemp>
            <ns3:hr>136</ns3:hr>
            <ns3:cad>26</ns3:cad>
          </ns3:TrackPointExtension>
        </extensions>
      </trkpt>
      <trkpt lat="43.1594495661556720733642578125" lon="10.53745365701615810394287109375">
        <time>2026-08-01T07:37:52.000Z</time>
        <extensions>
          <ns3:TrackPointExtension>
            <ns3:atemp>28.0</ns3:atemp>
            <ns3:hr>136</ns3:hr>
            <ns3:cad>26</ns3:cad>
          </ns3:TrackPointExtension>
        </extensions>
      </trkpt>
      <trkpt lat="43.159453757107257843017578125" lon="10.53745415993034839630126953125">
        <time>2026-08-01T07:37:53.000Z</time>
        <extensions>
          <ns3:TrackPointExtension>
            <ns3:atemp>28.0</ns3:atemp>
            <ns3:hr>136</ns3:hr>
            <ns3:cad>26</ns3:cad>
          </ns3:TrackPointExtension>
        </extensions>
      </trkpt>
      <trkpt lat="43.15945811569690704345703125" lon="10.5374545790255069732666015625">
        <time>2026-08-01T07:37:54.000Z</time>
        <extensions>
          <ns3:TrackPointExtension>
            <ns3:atemp>28.0</ns3:atemp>
            <ns3:hr>136</ns3:hr>
            <ns3:cad>26</ns3:cad>
          </ns3:TrackPointExtension>
        </extensions>
      </trkpt>
      <trkpt lat="43.159462474286556243896484375" lon="10.53745483048260211944580078125">
        <time>2026-08-01T07:37:55.000Z</time>
        <extensions>
          <ns3:TrackPointExtension>
            <ns3:atemp>28.0</ns3:atemp>
            <ns3:hr>137</ns3:hr>
            <ns3:cad>26</ns3:cad>
          </ns3:TrackPointExtension>
        </extensions>
      </trkpt>
      <trkpt lat="43.15946741960942745208740234375" lon="10.5374559201300144195556640625">
        <time>2026-08-01T07:37:56.000Z</time>
        <extensions>
          <ns3:TrackPointExtension>
            <ns3:atemp>28.0</ns3:atemp>
            <ns3:hr>137</ns3:hr>
            <ns3:cad>26</ns3:cad>
          </ns3:TrackPointExtension>
        </extensions>
      </trkpt>
      <trkpt lat="43.1594721972942352294921875" lon="10.5374569259583950042724609375">
        <time>2026-08-01T07:37:57.000Z</time>
        <extensions>
          <ns3:TrackPointExtension>
            <ns3:atemp>28.0</ns3:atemp>
            <ns3:hr>137</ns3:hr>
            <ns3:cad>26</ns3:cad>
          </ns3:TrackPointExtension>
        </extensions>
      </trkpt>
      <trkpt lat="43.15947680734097957611083984375" lon="10.53745684213936328887939453125">
        <time>2026-08-01T07:37:58.000Z</time>
        <extensions>
          <ns3:TrackPointExtension>
            <ns3:atemp>28.0</ns3:atemp>
            <ns3:hr>137</ns3:hr>
            <ns3:cad>25</ns3:cad>
          </ns3:TrackPointExtension>
        </extensions>
      </trkpt>
      <trkpt lat="43.159481249749660491943359375" lon="10.53745633922517299652099609375">
        <time>2026-08-01T07:37:59.000Z</time>
        <extensions>
          <ns3:TrackPointExtension>
            <ns3:atemp>28.0</ns3:atemp>
            <ns3:hr>138</ns3:hr>
            <ns3:cad>25</ns3:cad>
          </ns3:TrackPointExtension>
        </extensions>
      </trkpt>
      <trkpt lat="43.15948535688221454620361328125" lon="10.53745600394904613494873046875">
        <time>2026-08-01T07:38:00.000Z</time>
        <extensions>
          <ns3:TrackPointExtension>
            <ns3:atemp>28.0</ns3:atemp>
            <ns3:hr>139</ns3:hr>
            <ns3:cad>25</ns3:cad>
          </ns3:TrackPointExtension>
        </extensions>
      </trkpt>
      <trkpt lat="43.15948921255767345428466796875" lon="10.53745575249195098876953125">
        <time>2026-08-01T07:38:01.000Z</time>
        <extensions>
          <ns3:TrackPointExtension>
            <ns3:atemp>28.0</ns3:atemp>
            <ns3:hr>139</ns3:hr>
            <ns3:cad>25</ns3:cad>
          </ns3:TrackPointExtension>
        </extensions>
      </trkpt>
      <trkpt lat="43.15949323587119579315185546875" lon="10.53745600394904613494873046875">
        <time>2026-08-01T07:38:02.000Z</time>
        <extensions>
          <ns3:TrackPointExtension>
            <ns3:atemp>28.0</ns3:atemp>
            <ns3:hr>140</ns3:hr>
            <ns3:cad>25</ns3:cad>
          </ns3:TrackPointExtension>
        </extensions>
      </trkpt>
      <trkpt lat="43.1594968400895595550537109375" lon="10.5374562554061412811279296875">
        <time>2026-08-01T07:38:03.000Z</time>
        <extensions>
          <ns3:TrackPointExtension>
            <ns3:atemp>28.0</ns3:atemp>
            <ns3:hr>140</ns3:hr>
            <ns3:cad>25</ns3:cad>
          </ns3:TrackPointExtension>
        </extensions>
      </trkpt>
      <trkpt lat="43.1595003604888916015625" lon="10.5374564230442047119140625">
        <time>2026-08-01T07:38:04.000Z</time>
        <extensions>
          <ns3:TrackPointExtension>
            <ns3:atemp>28.0</ns3:atemp>
            <ns3:hr>140</ns3:hr>
            <ns3:cad>25</ns3:cad>
          </ns3:TrackPointExtension>
        </extensions>
      </trkpt>
      <trkpt lat="43.15950312651693820953369140625" lon="10.537456758320331573486328125">
        <time>2026-08-01T07:38:05.000Z</time>
        <extensions>
          <ns3:TrackPointExtension>
            <ns3:atemp>28.0</ns3:atemp>
            <ns3:hr>140</ns3:hr>
            <ns3:cad>25</ns3:cad>
          </ns3:TrackPointExtension>
        </extensions>
      </trkpt>
      <trkpt lat="43.1595055572688579559326171875" lon="10.537455417215824127197265625">
        <time>2026-08-01T07:38:06.000Z</time>
        <extensions>
          <ns3:TrackPointExtension>
            <ns3:atemp>28.0</ns3:atemp>
            <ns3:hr>140</ns3:hr>
            <ns3:cad>25</ns3:cad>
          </ns3:TrackPointExtension>
        </extensions>
      </trkpt>
      <trkpt lat="43.159508407115936279296875" lon="10.537454076111316680908203125">
        <time>2026-08-01T07:38:07.000Z</time>
        <extensions>
          <ns3:TrackPointExtension>
            <ns3:atemp>28.0</ns3:atemp>
            <ns3:hr>141</ns3:hr>
            <ns3:cad>26</ns3:cad>
          </ns3:TrackPointExtension>
        </extensions>
      </trkpt>
      <trkpt lat="43.1595112569630146026611328125" lon="10.5374529026448726654052734375">
        <time>2026-08-01T07:38:08.000Z</time>
        <extensions>
          <ns3:TrackPointExtension>
            <ns3:atemp>28.0</ns3:atemp>
            <ns3:hr>141</ns3:hr>
            <ns3:cad>26</ns3:cad>
          </ns3:TrackPointExtension>
        </extensions>
      </trkpt>
      <trkpt lat="43.159514106810092926025390625" lon="10.53745181299746036529541015625">
        <time>2026-08-01T07:38:09.000Z</time>
        <extensions>
          <ns3:TrackPointExtension>
            <ns3:atemp>28.0</ns3:atemp>
            <ns3:hr>141</ns3:hr>
            <ns3:cad>27</ns3:cad>
          </ns3:TrackPointExtension>
        </extensions>
      </trkpt>
      <trkpt lat="43.15951687283813953399658203125" lon="10.537450723350048065185546875">
        <time>2026-08-01T07:38:10.000Z</time>
        <extensions>
          <ns3:TrackPointExtension>
            <ns3:atemp>28.0</ns3:atemp>
            <ns3:hr>141</ns3:hr>
            <ns3:cad>27</ns3:cad>
          </ns3:TrackPointExtension>
        </extensions>
      </trkpt>
      <trkpt lat="43.1595196388661861419677734375" lon="10.53744971752166748046875">
        <time>2026-08-01T07:38:11.000Z</time>
        <extensions>
          <ns3:TrackPointExtension>
            <ns3:atemp>28.0</ns3:atemp>
            <ns3:hr>141</ns3:hr>
            <ns3:cad>27</ns3:cad>
          </ns3:TrackPointExtension>
        </extensions>
      </trkpt>
      <trkpt lat="43.1595223210752010345458984375" lon="10.53744879551231861114501953125">
        <time>2026-08-01T07:38:12.000Z</time>
        <extensions>
          <ns3:TrackPointExtension>
            <ns3:atemp>28.0</ns3:atemp>
            <ns3:hr>142</ns3:hr>
            <ns3:cad>27</ns3:cad>
          </ns3:TrackPointExtension>
        </extensions>
      </trkpt>
      <trkpt lat="43.15952491946518421173095703125" lon="10.5374478735029697418212890625">
        <time>2026-08-01T07:38:13.000Z</time>
        <extensions>
          <ns3:TrackPointExtension>
            <ns3:atemp>28.0</ns3:atemp>
            <ns3:hr>142</ns3:hr>
            <ns3:cad>27</ns3:cad>
          </ns3:TrackPointExtension>
        </extensions>
      </trkpt>
      <trkpt lat="43.1595273502171039581298828125" lon="10.53744711913168430328369140625">
        <time>2026-08-01T07:38:14.000Z</time>
        <extensions>
          <ns3:TrackPointExtension>
            <ns3:atemp>28.0</ns3:atemp>
            <ns3:hr>142</ns3:hr>
            <ns3:cad>27</ns3:cad>
          </ns3:TrackPointExtension>
        </extensions>
      </trkpt>
      <trkpt lat="43.15952944569289684295654296875" lon="10.53744644857943058013916015625">
        <time>2026-08-01T07:38:15.000Z</time>
        <extensions>
          <ns3:TrackPointExtension>
            <ns3:atemp>28.0</ns3:atemp>
            <ns3:hr>142</ns3:hr>
            <ns3:cad>27</ns3:cad>
          </ns3:TrackPointExtension>
        </extensions>
      </trkpt>
      <trkpt lat="43.15953162498772144317626953125" lon="10.537446029484272003173828125">
        <time>2026-08-01T07:38:16.000Z</time>
        <extensions>
          <ns3:TrackPointExtension>
            <ns3:atemp>28.0</ns3:atemp>
            <ns3:hr>143</ns3:hr>
            <ns3:cad>27</ns3:cad>
          </ns3:TrackPointExtension>
        </extensions>
      </trkpt>
      <trkpt lat="43.15953363664448261260986328125" lon="10.53744561038911342620849609375">
        <time>2026-08-01T07:38:17.000Z</time>
        <extensions>
          <ns3:TrackPointExtension>
            <ns3:atemp>28.0</ns3:atemp>
            <ns3:hr>143</ns3:hr>
            <ns3:cad>27</ns3:cad>
          </ns3:TrackPointExtension>
        </extensions>
      </trkpt>
      <trkpt lat="43.1595357321202754974365234375" lon="10.53744510747492313385009765625">
        <time>2026-08-01T07:38:18.000Z</time>
        <extensions>
          <ns3:TrackPointExtension>
            <ns3:atemp>28.0</ns3:atemp>
            <ns3:hr>144</ns3:hr>
            <ns3:cad>27</ns3:cad>
          </ns3:TrackPointExtension>
        </extensions>
      </trkpt>
      <trkpt lat="43.15953765995800495147705078125" lon="10.537444688379764556884765625">
        <time>2026-08-01T07:38:19.000Z</time>
        <extensions>
          <ns3:TrackPointExtension>
            <ns3:atemp>28.0</ns3:atemp>
            <ns3:hr>144</ns3:hr>
            <ns3:cad>26</ns3:cad>
          </ns3:TrackPointExtension>
        </extensions>
      </trkpt>
      <trkpt lat="43.15953765995800495147705078125" lon="10.537444688379764556884765625">
        <time>2026-08-01T07:38:20.000Z</time>
        <extensions>
          <ns3:TrackPointExtension>
            <ns3:atemp>28.0</ns3:atemp>
            <ns3:hr>145</ns3:hr>
            <ns3:cad>26</ns3:cad>
          </ns3:TrackPointExtension>
        </extensions>
      </trkpt>
      <trkpt lat="43.159539587795734405517578125" lon="10.537444017827510833740234375">
        <time>2026-08-01T07:38:21.000Z</time>
        <extensions>
          <ns3:TrackPointExtension>
            <ns3:atemp>28.0</ns3:atemp>
            <ns3:hr>145</ns3:hr>
            <ns3:cad>26</ns3:cad>
          </ns3:TrackPointExtension>
        </extensions>
      </trkpt>
      <trkpt lat="43.15954151563346385955810546875" lon="10.53744326345622539520263671875">
        <time>2026-08-01T07:38:22.000Z</time>
        <extensions>
          <ns3:TrackPointExtension>
            <ns3:atemp>28.0</ns3:atemp>
            <ns3:hr>146</ns3:hr>
            <ns3:cad>26</ns3:cad>
          </ns3:TrackPointExtension>
        </extensions>
      </trkpt>
      <trkpt lat="43.1595434434711933135986328125" lon="10.5374425090849399566650390625">
        <time>2026-08-01T07:38:23.000Z</time>
        <extensions>
          <ns3:TrackPointExtension>
            <ns3:atemp>28.0</ns3:atemp>
            <ns3:hr>146</ns3:hr>
            <ns3:cad>26</ns3:cad>
          </ns3:TrackPointExtension>
        </extensions>
      </trkpt>
      <trkpt lat="43.15954528748989105224609375" lon="10.53744175471365451812744140625">
        <time>2026-08-01T07:38:24.000Z</time>
        <extensions>
          <ns3:TrackPointExtension>
            <ns3:atemp>28.0</ns3:atemp>
            <ns3:hr>146</ns3:hr>
            <ns3:cad>26</ns3:cad>
          </ns3:TrackPointExtension>
        </extensions>
      </trkpt>
      <trkpt lat="43.15954704768955707550048828125" lon="10.53744100034236907958984375">
        <time>2026-08-01T07:38:25.000Z</time>
        <extensions>
          <ns3:TrackPointExtension>
            <ns3:atemp>28.0</ns3:atemp>
            <ns3:hr>146</ns3:hr>
            <ns3:cad>28</ns3:cad>
          </ns3:TrackPointExtension>
        </extensions>
      </trkpt>
      <trkpt lat="43.1595488078892230987548828125" lon="10.53744024597108364105224609375">
        <time>2026-08-01T07:38:26.000Z</time>
        <extensions>
          <ns3:TrackPointExtension>
            <ns3:atemp>28.0</ns3:atemp>
            <ns3:hr>145</ns3:hr>
            <ns3:cad>30</ns3:cad>
          </ns3:TrackPointExtension>
        </extensions>
      </trkpt>
      <trkpt lat="43.15955040045082569122314453125" lon="10.53743940778076648712158203125">
        <time>2026-08-01T07:38:27.000Z</time>
        <extensions>
          <ns3:TrackPointExtension>
            <ns3:atemp>28.0</ns3:atemp>
            <ns3:hr>145</ns3:hr>
            <ns3:cad>30</ns3:cad>
          </ns3:TrackPointExtension>
        </extensions>
      </trkpt>
      <trkpt lat="43.15955040045082569122314453125" lon="10.53743940778076648712158203125">
        <time>2026-08-01T07:38:28.000Z</time>
        <extensions>
          <ns3:TrackPointExtension>
            <ns3:atemp>28.0</ns3:atemp>
            <ns3:hr>145</ns3:hr>
            <ns3:cad>32</ns3:cad>
          </ns3:TrackPointExtension>
        </extensions>
      </trkpt>
      <trkpt lat="43.15955190919339656829833984375" lon="10.53743856959044933319091796875">
        <time>2026-08-01T07:38:29.000Z</time>
        <extensions>
          <ns3:TrackPointExtension>
            <ns3:atemp>28.0</ns3:atemp>
            <ns3:hr>145</ns3:hr>
            <ns3:cad>32</ns3:cad>
          </ns3:TrackPointExtension>
        </extensions>
      </trkpt>
      <trkpt lat="43.15955333411693572998046875" lon="10.5374378152191638946533203125">
        <time>2026-08-01T07:38:30.000Z</time>
        <extensions>
          <ns3:TrackPointExtension>
            <ns3:atemp>28.0</ns3:atemp>
            <ns3:hr>144</ns3:hr>
            <ns3:cad>33</ns3:cad>
          </ns3:TrackPointExtension>
        </extensions>
      </trkpt>
      <trkpt lat="43.15955475904047489166259765625" lon="10.53743706084787845611572265625">
        <time>2026-08-01T07:38:31.000Z</time>
        <extensions>
          <ns3:TrackPointExtension>
            <ns3:atemp>27.0</ns3:atemp>
            <ns3:hr>143</ns3:hr>
            <ns3:cad>33</ns3:cad>
          </ns3:TrackPointExtension>
        </extensions>
      </trkpt>
      <trkpt lat="43.15955475904047489166259765625" lon="10.53743706084787845611572265625">
        <time>2026-08-01T07:38:32.000Z</time>
        <extensions>
          <ns3:TrackPointExtension>
            <ns3:atemp>27.0</ns3:atemp>
            <ns3:hr>143</ns3:hr>
            <ns3:cad>33</ns3:cad>
          </ns3:TrackPointExtension>
        </extensions>
      </trkpt>
      <trkpt lat="43.15955610014498233795166015625" lon="10.537436306476593017578125">
        <time>2026-08-01T07:38:33.000Z</time>
        <extensions>
          <ns3:TrackPointExtension>
            <ns3:atemp>27.0</ns3:atemp>
            <ns3:hr>143</ns3:hr>
            <ns3:cad>29</ns3:cad>
          </ns3:TrackPointExtension>
        </extensions>
      </trkpt>
      <trkpt lat="43.15955610014498233795166015625" lon="10.537436306476593017578125">
        <time>2026-08-01T07:38:34.000Z</time>
        <extensions>
          <ns3:TrackPointExtension>
            <ns3:atemp>27.0</ns3:atemp>
            <ns3:hr>143</ns3:hr>
            <ns3:cad>29</ns3:cad>
          </ns3:TrackPointExtension>
        </extensions>
      </trkpt>
      <trkpt lat="43.1598287634551525115966796875" lon="10.53740051575005054473876953125">
        <time>2026-08-01T07:43:24.000Z</time>
        <extensions>
          <ns3:TrackPointExtension>
            <ns3:atemp>27.0</ns3:atemp>
            <ns3:hr>126</ns3:hr>
            <ns3:cad>28</ns3:cad>
          </ns3:TrackPointExtension>
        </extensions>
      </trkpt>
      <trkpt lat="43.159886263310909271240234375" lon="10.5373932234942913055419921875">
        <time>2026-08-01T07:43:25.000Z</time>
        <extensions>
          <ns3:TrackPointExtension>
            <ns3:atemp>27.0</ns3:atemp>
            <ns3:hr>126</ns3:hr>
            <ns3:cad>27</ns3:cad>
          </ns3:TrackPointExtension>
        </extensions>
      </trkpt>
      <trkpt lat="43.15993445925414562225341796875" lon="10.5373871885240077972412109375">
        <time>2026-08-01T07:43:26.000Z</time>
        <extensions>
          <ns3:TrackPointExtension>
            <ns3:atemp>27.0</ns3:atemp>
            <ns3:hr>126</ns3:hr>
            <ns3:cad>27</ns3:cad>
          </ns3:TrackPointExtension>
        </extensions>
      </trkpt>
      <trkpt lat="43.1599756143987178802490234375" lon="10.53738199174404144287109375">
        <time>2026-08-01T07:43:27.000Z</time>
        <extensions>
          <ns3:TrackPointExtension>
            <ns3:atemp>27.0</ns3:atemp>
            <ns3:hr>127</ns3:hr>
            <ns3:cad>27</ns3:cad>
          </ns3:TrackPointExtension>
        </extensions>
      </trkpt>
      <trkpt lat="43.160010986030101776123046875" lon="10.53737754933536052703857421875">
        <time>2026-08-01T07:43:28.000Z</time>
        <extensions>
          <ns3:TrackPointExtension>
            <ns3:atemp>27.0</ns3:atemp>
            <ns3:hr>127</ns3:hr>
            <ns3:cad>27</ns3:cad>
          </ns3:TrackPointExtension>
        </extensions>
      </trkpt>
      <trkpt lat="43.160767368972301483154296875" lon="10.53740403614938259124755859375">
        <time>2026-08-01T07:46:26.000Z</time>
        <extensions>
          <ns3:TrackPointExtension>
            <ns3:atemp>28.0</ns3:atemp>
            <ns3:hr>125</ns3:hr>
            <ns3:cad>19</ns3:cad>
          </ns3:TrackPointExtension>
        </extensions>
      </trkpt>
      <trkpt lat="43.16080332733690738677978515625" lon="10.5374146811664104461669921875">
        <time>2026-08-01T07:46:27.000Z</time>
        <extensions>
          <ns3:TrackPointExtension>
            <ns3:atemp>28.0</ns3:atemp>
            <ns3:hr>125</ns3:hr>
            <ns3:cad>19</ns3:cad>
          </ns3:TrackPointExtension>
        </extensions>
      </trkpt>
      <trkpt lat="43.16083408892154693603515625" lon="10.53742230869829654693603515625">
        <time>2026-08-01T07:46:28.000Z</time>
        <extensions>
          <ns3:TrackPointExtension>
            <ns3:atemp>28.0</ns3:atemp>
            <ns3:hr>125</ns3:hr>
            <ns3:cad>19</ns3:cad>
          </ns3:TrackPointExtension>
        </extensions>
      </trkpt>
      <trkpt lat="43.1608607433736324310302734375" lon="10.53742817603051662445068359375">
        <time>2026-08-01T07:46:29.000Z</time>
        <extensions>
          <ns3:TrackPointExtension>
            <ns3:atemp>28.0</ns3:atemp>
            <ns3:hr>125</ns3:hr>
            <ns3:cad>19</ns3:cad>
          </ns3:TrackPointExtension>
        </extensions>
      </trkpt>
      <trkpt lat="43.1608838774263858795166015625" lon="10.5374334566295146942138671875">
        <time>2026-08-01T07:46:30.000Z</time>
        <extensions>
          <ns3:TrackPointExtension>
            <ns3:atemp>28.0</ns3:atemp>
            <ns3:hr>125</ns3:hr>
            <ns3:cad>19</ns3:cad>
          </ns3:TrackPointExtension>
        </extensions>
      </trkpt>
      <trkpt lat="43.16090072505176067352294921875" lon="10.5374374799430370330810546875">
        <time>2026-08-01T07:46:31.000Z</time>
        <extensions>
          <ns3:TrackPointExtension>
            <ns3:atemp>28.0</ns3:atemp>
            <ns3:hr>125</ns3:hr>
            <ns3:cad>19</ns3:cad>
          </ns3:TrackPointExtension>
        </extensions>
      </trkpt>
      <trkpt lat="43.16091195680201053619384765625" lon="10.53743957541882991790771484375">
        <time>2026-08-01T07:46:32.000Z</time>
        <extensions>
          <ns3:TrackPointExtension>
            <ns3:atemp>28.0</ns3:atemp>
            <ns3:hr>125</ns3:hr>
            <ns3:cad>19</ns3:cad>
          </ns3:TrackPointExtension>
        </extensions>
      </trkpt>
      <trkpt lat="43.16116944886744022369384765625" lon="10.53750562481582164764404296875">
        <time>2026-08-01T07:46:42.000Z</time>
        <extensions>
          <ns3:TrackPointExtension>
            <ns3:atemp>28.0</ns3:atemp>
            <ns3:hr>127</ns3:hr>
            <ns3:cad>0</ns3:cad>
          </ns3:TrackPointExtension>
        </extensions>
      </trkpt>
      <trkpt lat="43.1611681915819644927978515625" lon="10.53750461898744106292724609375">
        <time>2026-08-01T07:46:43.000Z</time>
        <extensions>
          <ns3:TrackPointExtension>
            <ns3:atemp>28.0</ns3:atemp>
            <ns3:hr>128</ns3:hr>
            <ns3:cad>0</ns3:cad>
          </ns3:TrackPointExtension>
        </extensions>
      </trkpt>
      <trkpt lat="43.161166347563266754150390625" lon="10.53750227205455303192138671875">
        <time>2026-08-01T07:46:44.000Z</time>
        <extensions>
          <ns3:TrackPointExtension>
            <ns3:atemp>28.0</ns3:atemp>
            <ns3:hr>129</ns3:hr>
            <ns3:cad>0</ns3:cad>
          </ns3:TrackPointExtension>
        </extensions>
      </trkpt>
      <trkpt lat="43.16116240806877613067626953125" lon="10.5374978296458721160888671875">
        <time>2026-08-01T07:46:45.000Z</time>
        <extensions>
          <ns3:TrackPointExtension>
            <ns3:atemp>28.0</ns3:atemp>
            <ns3:hr>130</ns3:hr>
            <ns3:cad>0</ns3:cad>
          </ns3:TrackPointExtension>
        </extensions>
      </trkpt>
      <trkpt lat="43.16115503199398517608642578125" lon="10.53749338723719120025634765625">
        <time>2026-08-01T07:46:46.000Z</time>
        <extensions>
          <ns3:TrackPointExtension>
            <ns3:atemp>28.0</ns3:atemp>
            <ns3:hr>130</ns3:hr>
            <ns3:cad>0</ns3:cad>
          </ns3:TrackPointExtension>
        </extensions>
      </trkpt>
      <trkpt lat="43.1611480750143527984619140625" lon="10.53748969919979572296142578125">
        <time>2026-08-01T07:46:47.000Z</time>
        <extensions>
          <ns3:TrackPointExtension>
            <ns3:atemp>28.0</ns3:atemp>
            <ns3:hr>130</ns3:hr>
            <ns3:cad>0</ns3:cad>
          </ns3:TrackPointExtension>
        </extensions>
      </trkpt>
      <trkpt lat="43.161140866577625274658203125" lon="10.53748718462884426116943359375">
        <time>2026-08-01T07:46:48.000Z</time>
        <extensions>
          <ns3:TrackPointExtension>
            <ns3:atemp>28.0</ns3:atemp>
            <ns3:hr>131</ns3:hr>
            <ns3:cad>0</ns3:cad>
          </ns3:TrackPointExtension>
        </extensions>
      </trkpt>
      <trkpt lat="43.16113323904573917388916015625" lon="10.53748567588627338409423828125">
        <time>2026-08-01T07:46:49.000Z</time>
        <extensions>
          <ns3:TrackPointExtension>
            <ns3:atemp>28.0</ns3:atemp>
            <ns3:hr>132</ns3:hr>
            <ns3:cad>0</ns3:cad>
          </ns3:TrackPointExtension>
        </extensions>
      </trkpt>
      <trkpt lat="43.16112603060901165008544921875" lon="10.5374844186007976531982421875">
        <time>2026-08-01T07:46:50.000Z</time>
        <extensions>
          <ns3:TrackPointExtension>
            <ns3:atemp>28.0</ns3:atemp>
            <ns3:hr>132</ns3:hr>
            <ns3:cad>33</ns3:cad>
          </ns3:TrackPointExtension>
        </extensions>
      </trkpt>
      <trkpt lat="43.16111848689615726470947265625" lon="10.5374830774962902069091796875">
        <time>2026-08-01T07:46:51.000Z</time>
        <extensions>
          <ns3:TrackPointExtension>
            <ns3:atemp>28.0</ns3:atemp>
            <ns3:hr>133</ns3:hr>
            <ns3:cad>33</ns3:cad>
          </ns3:TrackPointExtension>
        </extensions>
      </trkpt>
      <trkpt lat="43.16111127845942974090576171875" lon="10.53748190402984619140625">
        <time>2026-08-01T07:46:52.000Z</time>
        <extensions>
          <ns3:TrackPointExtension>
            <ns3:atemp>28.0</ns3:atemp>
            <ns3:hr>134</ns3:hr>
            <ns3:cad>30</ns3:cad>
          </ns3:TrackPointExtension>
        </extensions>
      </trkpt>
      <trkpt lat="43.16110423766076564788818359375" lon="10.53748098202049732208251953125">
        <time>2026-08-01T07:46:53.000Z</time>
        <extensions>
          <ns3:TrackPointExtension>
            <ns3:atemp>28.0</ns3:atemp>
            <ns3:hr>135</ns3:hr>
            <ns3:cad>30</ns3:cad>
          </ns3:TrackPointExtension>
        </extensions>
      </trkpt>
      <trkpt lat="43.1610976159572601318359375" lon="10.53748014383018016815185546875">
        <time>2026-08-01T07:46:54.000Z</time>
        <extensions>
          <ns3:TrackPointExtension>
            <ns3:atemp>28.0</ns3:atemp>
            <ns3:hr>135</ns3:hr>
            <ns3:cad>29</ns3:cad>
          </ns3:TrackPointExtension>
        </extensions>
      </trkpt>
      <trkpt lat="43.161091245710849761962890625" lon="10.5374793894588947296142578125">
        <time>2026-08-01T07:46:55.000Z</time>
        <extensions>
          <ns3:TrackPointExtension>
            <ns3:atemp>28.0</ns3:atemp>
            <ns3:hr>137</ns3:hr>
            <ns3:cad>29</ns3:cad>
          </ns3:TrackPointExtension>
        </extensions>
      </trkpt>
      <trkpt lat="43.161085210740566253662109375" lon="10.53747729398310184478759765625">
        <time>2026-08-01T07:46:56.000Z</time>
        <extensions>
          <ns3:TrackPointExtension>
            <ns3:atemp>28.0</ns3:atemp>
            <ns3:hr>138</ns3:hr>
            <ns3:cad>29</ns3:cad>
          </ns3:TrackPointExtension>
        </extensions>
      </trkpt>
      <trkpt lat="43.1610790081322193145751953125" lon="10.53747528232634067535400390625">
        <time>2026-08-01T07:46:57.000Z</time>
        <extensions>
          <ns3:TrackPointExtension>
            <ns3:atemp>28.0</ns3:atemp>
            <ns3:hr>138</ns3:hr>
            <ns3:cad>27</ns3:cad>
          </ns3:TrackPointExtension>
        </extensions>
      </trkpt>
      <trkpt lat="43.16107272170484066009521484375" lon="10.53747310303151607513427734375">
        <time>2026-08-01T07:46:58.000Z</time>
        <extensions>
          <ns3:TrackPointExtension>
            <ns3:atemp>28.0</ns3:atemp>
            <ns3:hr>138</ns3:hr>
            <ns3:cad>27</ns3:cad>
          </ns3:TrackPointExtension>
        </extensions>
      </trkpt>
      <trkpt lat="43.161066435277462005615234375" lon="10.53747092373669147491455078125">
        <time>2026-08-01T07:46:59.000Z</time>
        <extensions>
          <ns3:TrackPointExtension>
            <ns3:atemp>28.0</ns3:atemp>
            <ns3:hr>137</ns3:hr>
            <ns3:cad>27</ns3:cad>
          </ns3:TrackPointExtension>
        </extensions>
      </trkpt>
      <trkpt lat="43.161059729754924774169921875" lon="10.5374693311750888824462890625">
        <time>2026-08-01T07:47:00.000Z</time>
        <extensions>
          <ns3:TrackPointExtension>
            <ns3:atemp>28.0</ns3:atemp>
            <ns3:hr>138</ns3:hr>
            <ns3:cad>26</ns3:cad>
          </ns3:TrackPointExtension>
        </extensions>
      </trkpt>
      <trkpt lat="43.161053024232387542724609375" lon="10.53746782243251800537109375">
        <time>2026-08-01T07:47:01.000Z</time>
        <extensions>
          <ns3:TrackPointExtension>
            <ns3:atemp>28.0</ns3:atemp>
            <ns3:hr>138</ns3:hr>
            <ns3:cad>26</ns3:cad>
          </ns3:TrackPointExtension>
        </extensions>
      </trkpt>
      <trkpt lat="43.16104606725275516510009765625" lon="10.53746639750897884368896484375">
        <time>2026-08-01T07:47:02.000Z</time>
        <extensions>
          <ns3:TrackPointExtension>
            <ns3:atemp>28.0</ns3:atemp>
            <ns3:hr>138</ns3:hr>
            <ns3:cad>25</ns3:cad>
          </ns3:TrackPointExtension>
        </extensions>
      </trkpt>
      <trkpt lat="43.161038942635059356689453125" lon="10.53746514022350311279296875">
        <time>2026-08-01T07:47:03.000Z</time>
        <extensions>
          <ns3:TrackPointExtension>
            <ns3:atemp>28.0</ns3:atemp>
            <ns3:hr>138</ns3:hr>
            <ns3:cad>25</ns3:cad>
          </ns3:TrackPointExtension>
        </extensions>
      </trkpt>
      <trkpt lat="43.1610317341983318328857421875" lon="10.5374639667570590972900390625">
        <time>2026-08-01T07:47:04.000Z</time>
        <extensions>
          <ns3:TrackPointExtension>
            <ns3:atemp>28.0</ns3:atemp>
            <ns3:hr>139</ns3:hr>
            <ns3:cad>25</ns3:cad>
          </ns3:TrackPointExtension>
        </extensions>
      </trkpt>
      <trkpt lat="43.1610243581235408782958984375" lon="10.53746270947158336639404296875">
        <time>2026-08-01T07:47:05.000Z</time>
        <extensions>
          <ns3:TrackPointExtension>
            <ns3:atemp>28.0</ns3:atemp>
            <ns3:hr>139</ns3:hr>
            <ns3:cad>24</ns3:cad>
          </ns3:TrackPointExtension>
        </extensions>
      </trkpt>
      <trkpt lat="43.1610166467726230621337890625" lon="10.53746069781482219696044921875">
        <time>2026-08-01T07:47:06.000Z</time>
        <extensions>
          <ns3:TrackPointExtension>
            <ns3:atemp>28.0</ns3:atemp>
            <ns3:hr>139</ns3:hr>
            <ns3:cad>24</ns3:cad>
          </ns3:TrackPointExtension>
        </extensions>
      </trkpt>
      <trkpt lat="43.16100885160267353057861328125" lon="10.5374586023390293121337890625">
        <time>2026-08-01T07:47:07.000Z</time>
        <extensions>
          <ns3:TrackPointExtension>
            <ns3:atemp>28.0</ns3:atemp>
            <ns3:hr>138</ns3:hr>
            <ns3:cad>23</ns3:cad>
          </ns3:TrackPointExtension>
        </extensions>
      </trkpt>
      <trkpt lat="43.1610037386417388916015625" lon="10.53745734505355358123779296875">
        <time>2026-08-01T07:47:08.000Z</time>
        <extensions>
          <ns3:TrackPointExtension>
            <ns3:atemp>28.0</ns3:atemp>
            <ns3:hr>139</ns3:hr>
            <ns3:cad>23</ns3:cad>
          </ns3:TrackPointExtension>
        </extensions>
      </trkpt>
      <trkpt lat="43.1609985418617725372314453125" lon="10.53745633922517299652099609375">
        <time>2026-08-01T07:47:09.000Z</time>
        <extensions>
          <ns3:TrackPointExtension>
            <ns3:atemp>28.0</ns3:atemp>
            <ns3:hr>138</ns3:hr>
            <ns3:cad>23</ns3:cad>
          </ns3:TrackPointExtension>
        </extensions>
      </trkpt>
      <trkpt lat="43.160993345081806182861328125" lon="10.537455417215824127197265625">
        <time>2026-08-01T07:47:10.000Z</time>
        <extensions>
          <ns3:TrackPointExtension>
            <ns3:atemp>28.0</ns3:atemp>
            <ns3:hr>138</ns3:hr>
            <ns3:cad>24</ns3:cad>
          </ns3:TrackPointExtension>
        </extensions>
      </trkpt>
      <trkpt lat="43.1609881483018398284912109375" lon="10.53745466284453868865966796875">
        <time>2026-08-01T07:47:11.000Z</time>
        <extensions>
          <ns3:TrackPointExtension>
            <ns3:atemp>28.0</ns3:atemp>
            <ns3:hr>138</ns3:hr>
            <ns3:cad>24</ns3:cad>
          </ns3:TrackPointExtension>
        </extensions>
      </trkpt>
      <trkpt lat="43.16098270006477832794189453125" lon="10.53745365701615810394287109375">
        <time>2026-08-01T07:47:12.000Z</time>
        <extensions>
          <ns3:TrackPointExtension>
            <ns3:atemp>28.0</ns3:atemp>
            <ns3:hr>139</ns3:hr>
            <ns3:cad>24</ns3:cad>
          </ns3:TrackPointExtension>
        </extensions>
      </trkpt>
      <trkpt lat="43.160977251827716827392578125" lon="10.53745265118777751922607421875">
        <time>2026-08-01T07:47:13.000Z</time>
        <extensions>
          <ns3:TrackPointExtension>
            <ns3:atemp>28.0</ns3:atemp>
            <ns3:hr>139</ns3:hr>
            <ns3:cad>23</ns3:cad>
          </ns3:TrackPointExtension>
        </extensions>
      </trkpt>
      <trkpt lat="43.16097180359065532684326171875" lon="10.5374518968164920806884765625">
        <time>2026-08-01T07:47:14.000Z</time>
        <extensions>
          <ns3:TrackPointExtension>
            <ns3:atemp>28.0</ns3:atemp>
            <ns3:hr>140</ns3:hr>
            <ns3:cad>23</ns3:cad>
          </ns3:TrackPointExtension>
        </extensions>
      </trkpt>
      <trkpt lat="43.160966522991657257080078125" lon="10.5374512262642383575439453125">
        <time>2026-08-01T07:47:15.000Z</time>
        <extensions>
          <ns3:TrackPointExtension>
            <ns3:atemp>28.0</ns3:atemp>
            <ns3:hr>140</ns3:hr>
            <ns3:cad>23</ns3:cad>
          </ns3:TrackPointExtension>
        </extensions>
      </trkpt>
      <trkpt lat="43.16096124239265918731689453125" lon="10.5374505557119846343994140625">
        <time>2026-08-01T07:47:16.000Z</time>
        <extensions>
          <ns3:TrackPointExtension>
            <ns3:atemp>28.0</ns3:atemp>
            <ns3:hr>140</ns3:hr>
            <ns3:cad>23</ns3:cad>
          </ns3:TrackPointExtension>
        </extensions>
      </trkpt>
      <trkpt lat="43.1609559617936611175537109375" lon="10.53744946606457233428955078125">
        <time>2026-08-01T07:47:17.000Z</time>
        <extensions>
          <ns3:TrackPointExtension>
            <ns3:atemp>28.0</ns3:atemp>
            <ns3:hr>140</ns3:hr>
            <ns3:cad>23</ns3:cad>
          </ns3:TrackPointExtension>
        </extensions>
      </trkpt>
      <trkpt lat="43.16095068119466304779052734375" lon="10.53744846023619174957275390625">
        <time>2026-08-01T07:47:18.000Z</time>
        <extensions>
          <ns3:TrackPointExtension>
            <ns3:atemp>28.0</ns3:atemp>
            <ns3:hr>139</ns3:hr>
            <ns3:cad>23</ns3:cad>
          </ns3:TrackPointExtension>
        </extensions>
      </trkpt>
      <trkpt lat="43.16094540059566497802734375" lon="10.537447370588779449462890625">
        <time>2026-08-01T07:47:19.000Z</time>
        <extensions>
          <ns3:TrackPointExtension>
            <ns3:atemp>28.0</ns3:atemp>
            <ns3:hr>140</ns3:hr>
            <ns3:cad>22</ns3:cad>
          </ns3:TrackPointExtension>
        </extensions>
      </trkpt>
      <trkpt lat="43.1609398685395717620849609375" lon="10.537446029484272003173828125">
        <time>2026-08-01T07:47:20.000Z</time>
        <extensions>
          <ns3:TrackPointExtension>
            <ns3:atemp>28.0</ns3:atemp>
            <ns3:hr>139</ns3:hr>
            <ns3:cad>22</ns3:cad>
          </ns3:TrackPointExtension>
        </extensions>
      </trkpt>
      <trkpt lat="43.16093442030251026153564453125" lon="10.5374448560178279876708984375">
        <time>2026-08-01T07:47:21.000Z</time>
        <extensions>
          <ns3:TrackPointExtension>
            <ns3:atemp>28.0</ns3:atemp>
            <ns3:hr>140</ns3:hr>
            <ns3:cad>22</ns3:cad>
          </ns3:TrackPointExtension>
        </extensions>
      </trkpt>
      <trkpt lat="43.16092939116060733795166015625" lon="10.5374430119991302490234375">
        <time>2026-08-01T07:47:22.000Z</time>
        <extensions>
          <ns3:TrackPointExtension>
            <ns3:atemp>28.0</ns3:atemp>
            <ns3:hr>140</ns3:hr>
            <ns3:cad>21</ns3:cad>
          </ns3:TrackPointExtension>
        </extensions>
      </trkpt>
      <trkpt lat="43.16092419438064098358154296875" lon="10.5374411679804325103759765625">
        <time>2026-08-01T07:47:23.000Z</time>
        <extensions>
          <ns3:TrackPointExtension>
            <ns3:atemp>28.0</ns3:atemp>
            <ns3:hr>140</ns3:hr>
            <ns3:cad>21</ns3:cad>
          </ns3:TrackPointExtension>
        </extensions>
      </trkpt>
      <trkpt lat="43.16091916523873805999755859375" lon="10.53743940778076648712158203125">
        <time>2026-08-01T07:47:24.000Z</time>
        <extensions>
          <ns3:TrackPointExtension>
            <ns3:atemp>28.0</ns3:atemp>
            <ns3:hr>139</ns3:hr>
            <ns3:cad>21</ns3:cad>
          </ns3:TrackPointExtension>
        </extensions>
      </trkpt>
      <trkpt lat="43.16091396845877170562744140625" lon="10.53743756376206874847412109375">
        <time>2026-08-01T07:47:25.000Z</time>
        <extensions>
          <ns3:TrackPointExtension>
            <ns3:atemp>28.0</ns3:atemp>
            <ns3:hr>140</ns3:hr>
            <ns3:cad>20</ns3:cad>
          </ns3:TrackPointExtension>
        </extensions>
      </trkpt>
      <trkpt lat="43.16090877167880535125732421875" lon="10.5374358035624027252197265625">
        <time>2026-08-01T07:47:26.000Z</time>
        <extensions>
          <ns3:TrackPointExtension>
            <ns3:atemp>28.0</ns3:atemp>
            <ns3:hr>140</ns3:hr>
            <ns3:cad>20</ns3:cad>
          </ns3:TrackPointExtension>
        </extensions>
      </trkpt>
      <trkpt lat="43.16090391017496585845947265625" lon="10.53743404336273670196533203125">
        <time>2026-08-01T07:47:27.000Z</time>
        <extensions>
          <ns3:TrackPointExtension>
            <ns3:atemp>28.0</ns3:atemp>
            <ns3:hr>139</ns3:hr>
            <ns3:cad>20</ns3:cad>
          </ns3:TrackPointExtension>
        </extensions>
      </trkpt>
      <trkpt lat="43.1608986295759677886962890625" lon="10.5374322831630706787109375">
        <time>2026-08-01T07:47:28.000Z</time>
        <extensions>
          <ns3:TrackPointExtension>
            <ns3:atemp>28.0</ns3:atemp>
            <ns3:hr>140</ns3:hr>
            <ns3:cad>20</ns3:cad>
          </ns3:TrackPointExtension>
        </extensions>
      </trkpt>
      <trkpt lat="43.16089334897696971893310546875" lon="10.53743069060146808624267578125">
        <time>2026-08-01T07:47:29.000Z</time>
        <extensions>
          <ns3:TrackPointExtension>
            <ns3:atemp>28.0</ns3:atemp>
            <ns3:hr>139</ns3:hr>
            <ns3:cad>20</ns3:cad>
          </ns3:TrackPointExtension>
        </extensions>
      </trkpt>
      <trkpt lat="43.1608879007399082183837890625" lon="10.53742901422083377838134765625">
        <time>2026-08-01T07:47:30.000Z</time>
        <extensions>
          <ns3:TrackPointExtension>
            <ns3:atemp>28.0</ns3:atemp>
            <ns3:hr>139</ns3:hr>
            <ns3:cad>21</ns3:cad>
          </ns3:TrackPointExtension>
        </extensions>
      </trkpt>
      <trkpt lat="43.16088236868381500244140625" lon="10.53742750547826290130615234375">
        <time>2026-08-01T07:47:31.000Z</time>
        <extensions>
          <ns3:TrackPointExtension>
            <ns3:atemp>28.0</ns3:atemp>
            <ns3:hr>139</ns3:hr>
            <ns3:cad>21</ns3:cad>
          </ns3:TrackPointExtension>
        </extensions>
      </trkpt>
      <trkpt lat="43.16087700426578521728515625" lon="10.537425912916660308837890625">
        <time>2026-08-01T07:47:32.000Z</time>
        <extensions>
          <ns3:TrackPointExtension>
            <ns3:atemp>28.0</ns3:atemp>
            <ns3:hr>139</ns3:hr>
            <ns3:cad>21</ns3:cad>
          </ns3:TrackPointExtension>
        </extensions>
      </trkpt>
      <trkpt lat="43.160871304571628570556640625" lon="10.53742432035505771636962890625">
        <time>2026-08-01T07:47:33.000Z</time>
        <extensions>
          <ns3:TrackPointExtension>
            <ns3:atemp>28.0</ns3:atemp>
            <ns3:hr>139</ns3:hr>
            <ns3:cad>21</ns3:cad>
          </ns3:TrackPointExtension>
        </extensions>
      </trkpt>
      <trkpt lat="43.160865604877471923828125" lon="10.53742281161248683929443359375">
        <time>2026-08-01T07:47:34.000Z</time>
        <extensions>
          <ns3:TrackPointExtension>
            <ns3:atemp>28.0</ns3:atemp>
            <ns3:hr>139</ns3:hr>
            <ns3:cad>21</ns3:cad>
          </ns3:TrackPointExtension>
        </extensions>
      </trkpt>
      <trkpt lat="43.16085965372622013092041015625" lon="10.53742130286991596221923828125">
        <time>2026-08-01T07:47:35.000Z</time>
        <extensions>
          <ns3:TrackPointExtension>
            <ns3:atemp>28.0</ns3:atemp>
            <ns3:hr>140</ns3:hr>
            <ns3:cad>21</ns3:cad>
          </ns3:TrackPointExtension>
        </extensions>
      </trkpt>
      <trkpt lat="43.1608537025749683380126953125" lon="10.53741979412734508514404296875">
        <time>2026-08-01T07:47:36.000Z</time>
        <extensions>
          <ns3:TrackPointExtension>
            <ns3:atemp>28.0</ns3:atemp>
            <ns3:hr>140</ns3:hr>
            <ns3:cad>21</ns3:cad>
          </ns3:TrackPointExtension>
        </extensions>
      </trkpt>
      <trkpt lat="43.16084758378565311431884765625" lon="10.53741828538477420806884765625">
        <time>2026-08-01T07:47:37.000Z</time>
        <extensions>
          <ns3:TrackPointExtension>
            <ns3:atemp>28.0</ns3:atemp>
            <ns3:hr>141</ns3:hr>
            <ns3:cad>21</ns3:cad>
          </ns3:TrackPointExtension>
        </extensions>
      </trkpt>
      <trkpt lat="43.1608412973582744598388671875" lon="10.53741677664220333099365234375">
        <time>2026-08-01T07:47:38.000Z</time>
        <extensions>
          <ns3:TrackPointExtension>
            <ns3:atemp>28.0</ns3:atemp>
            <ns3:hr>141</ns3:hr>
            <ns3:cad>22</ns3:cad>
          </ns3:TrackPointExtension>
        </extensions>
      </trkpt>
      <trkpt lat="43.16083501093089580535888671875" lon="10.5374153517186641693115234375">
        <time>2026-08-01T07:47:39.000Z</time>
        <extensions>
          <ns3:TrackPointExtension>
            <ns3:atemp>28.0</ns3:atemp>
            <ns3:hr>141</ns3:hr>
            <ns3:cad>22</ns3:cad>
          </ns3:TrackPointExtension>
        </extensions>
      </trkpt>
      <trkpt lat="43.1608282215893268585205078125" lon="10.53741409443318843841552734375">
        <time>2026-08-01T07:47:40.000Z</time>
        <extensions>
          <ns3:TrackPointExtension>
            <ns3:atemp>28.0</ns3:atemp>
            <ns3:hr>142</ns3:hr>
            <ns3:cad>22</ns3:cad>
          </ns3:TrackPointExtension>
        </extensions>
      </trkpt>
      <trkpt lat="43.16082143224775791168212890625" lon="10.53741292096674442291259765625">
        <time>2026-08-01T07:47:41.000Z</time>
        <extensions>
          <ns3:TrackPointExtension>
            <ns3:atemp>28.0</ns3:atemp>
            <ns3:hr>142</ns3:hr>
            <ns3:cad>21</ns3:cad>
          </ns3:TrackPointExtension>
        </extensions>
      </trkpt>
      <trkpt lat="43.1608144752681255340576171875" lon="10.53741191513836383819580078125">
        <time>2026-08-01T07:47:42.000Z</time>
        <extensions>
          <ns3:TrackPointExtension>
            <ns3:atemp>28.0</ns3:atemp>
            <ns3:hr>143</ns3:hr>
            <ns3:cad>21</ns3:cad>
          </ns3:TrackPointExtension>
        </extensions>
      </trkpt>
      <trkpt lat="43.16080751828849315643310546875" lon="10.5374108254909515380859375">
        <time>2026-08-01T07:47:43.000Z</time>
        <extensions>
          <ns3:TrackPointExtension>
            <ns3:atemp>28.0</ns3:atemp>
            <ns3:hr>143</ns3:hr>
            <ns3:cad>21</ns3:cad>
          </ns3:TrackPointExtension>
        </extensions>
      </trkpt>
      <trkpt lat="43.16080064512789249420166015625" lon="10.537409819662570953369140625">
        <time>2026-08-01T07:47:44.000Z</time>
        <extensions>
          <ns3:TrackPointExtension>
            <ns3:atemp>28.0</ns3:atemp>
            <ns3:hr>143</ns3:hr>
            <ns3:cad>22</ns3:cad>
          </ns3:TrackPointExtension>
        </extensions>
      </trkpt>
      <trkpt lat="43.16079326905310153961181640625" lon="10.5374089814722537994384765625">
        <time>2026-08-01T07:47:45.000Z</time>
        <extensions>
          <ns3:TrackPointExtension>
            <ns3:atemp>28.0</ns3:atemp>
            <ns3:hr>144</ns3:hr>
            <ns3:cad>22</ns3:cad>
          </ns3:TrackPointExtension>
        </extensions>
      </trkpt>
      <trkpt lat="43.16078580915927886962890625" lon="10.5374081432819366455078125">
        <time>2026-08-01T07:47:46.000Z</time>
        <extensions>
          <ns3:TrackPointExtension>
            <ns3:atemp>28.0</ns3:atemp>
            <ns3:hr>144</ns3:hr>
            <ns3:cad>22</ns3:cad>
          </ns3:TrackPointExtension>
        </extensions>
      </trkpt>
      <trkpt lat="43.1607786007225513458251953125" lon="10.5374079756438732147216796875">
        <time>2026-08-01T07:47:47.000Z</time>
        <extensions>
          <ns3:TrackPointExtension>
            <ns3:atemp>28.0</ns3:atemp>
            <ns3:hr>145</ns3:hr>
            <ns3:cad>22</ns3:cad>
          </ns3:TrackPointExtension>
        </extensions>
      </trkpt>
      <trkpt lat="43.16077130846679210662841796875" lon="10.537407808005809783935546875">
        <time>2026-08-01T07:47:48.000Z</time>
        <extensions>
          <ns3:TrackPointExtension>
            <ns3:atemp>28.0</ns3:atemp>
            <ns3:hr>146</ns3:hr>
            <ns3:cad>22</ns3:cad>
          </ns3:TrackPointExtension>
        </extensions>
      </trkpt>
      <trkpt lat="43.16076393239200115203857421875" lon="10.5374076403677463531494140625">
        <time>2026-08-01T07:47:49.000Z</time>
        <extensions>
          <ns3:TrackPointExtension>
            <ns3:atemp>28.0</ns3:atemp>
            <ns3:hr>146</ns3:hr>
            <ns3:cad>22</ns3:cad>
          </ns3:TrackPointExtension>
        </extensions>
      </trkpt>
      <trkpt lat="43.16075630486011505126953125" lon="10.5374076403677463531494140625">
        <time>2026-08-01T07:47:50.000Z</time>
        <extensions>
          <ns3:TrackPointExtension>
            <ns3:atemp>28.0</ns3:atemp>
            <ns3:hr>146</ns3:hr>
            <ns3:cad>22</ns3:cad>
          </ns3:TrackPointExtension>
        </extensions>
      </trkpt>
      <trkpt lat="43.16074867732822895050048828125" lon="10.5374076403677463531494140625">
        <time>2026-08-01T07:47:51.000Z</time>
        <extensions>
          <ns3:TrackPointExtension>
            <ns3:atemp>28.0</ns3:atemp>
            <ns3:hr>145</ns3:hr>
            <ns3:cad>22</ns3:cad>
          </ns3:TrackPointExtension>
        </extensions>
      </trkpt>
      <trkpt lat="43.1607407145202159881591796875" lon="10.537407808005809783935546875">
        <time>2026-08-01T07:47:52.000Z</time>
        <extensions>
          <ns3:TrackPointExtension>
            <ns3:atemp>28.0</ns3:atemp>
            <ns3:hr>146</ns3:hr>
            <ns3:cad>23</ns3:cad>
          </ns3:TrackPointExtension>
        </extensions>
      </trkpt>
      <trkpt lat="43.1607330031692981719970703125" lon="10.53740822710096836090087890625">
        <time>2026-08-01T07:47:53.000Z</time>
        <extensions>
          <ns3:TrackPointExtension>
            <ns3:atemp>28.0</ns3:atemp>
            <ns3:hr>147</ns3:hr>
            <ns3:cad>23</ns3:cad>
          </ns3:TrackPointExtension>
        </extensions>
      </trkpt>
      <trkpt lat="43.16072520799934864044189453125" lon="10.5374086461961269378662109375">
        <time>2026-08-01T07:47:54.000Z</time>
        <extensions>
          <ns3:TrackPointExtension>
            <ns3:atemp>28.0</ns3:atemp>
            <ns3:hr>147</ns3:hr>
            <ns3:cad>23</ns3:cad>
          </ns3:TrackPointExtension>
        </extensions>
      </trkpt>
      <trkpt lat="43.16071741282939910888671875" lon="10.53740923292934894561767578125">
        <time>2026-08-01T07:47:55.000Z</time>
        <extensions>
          <ns3:TrackPointExtension>
            <ns3:atemp>28.0</ns3:atemp>
            <ns3:hr>147</ns3:hr>
            <ns3:cad>23</ns3:cad>
          </ns3:TrackPointExtension>
        </extensions>
      </trkpt>
      <trkpt lat="43.1607095338404178619384765625" lon="10.53740973584353923797607421875">
        <time>2026-08-01T07:47:56.000Z</time>
        <extensions>
          <ns3:TrackPointExtension>
            <ns3:atemp>28.0</ns3:atemp>
            <ns3:hr>147</ns3:hr>
            <ns3:cad>23</ns3:cad>
          </ns3:TrackPointExtension>
        </extensions>
      </trkpt>
      <trkpt lat="43.1607014872133731842041015625" lon="10.53741015493869781494140625">
        <time>2026-08-01T07:47:57.000Z</time>
        <extensions>
          <ns3:TrackPointExtension>
            <ns3:atemp>28.0</ns3:atemp>
            <ns3:hr>148</ns3:hr>
            <ns3:cad>23</ns3:cad>
          </ns3:TrackPointExtension>
        </extensions>
      </trkpt>
      <trkpt lat="43.16069327294826507568359375" lon="10.5374106578528881072998046875">
        <time>2026-08-01T07:47:58.000Z</time>
        <extensions>
          <ns3:TrackPointExtension>
            <ns3:atemp>28.0</ns3:atemp>
            <ns3:hr>147</ns3:hr>
            <ns3:cad>23</ns3:cad>
          </ns3:TrackPointExtension>
        </extensions>
      </trkpt>
      <trkpt lat="43.1606847234070301055908203125" lon="10.53741124458611011505126953125">
        <time>2026-08-01T07:47:59.000Z</time>
        <extensions>
          <ns3:TrackPointExtension>
            <ns3:atemp>28.0</ns3:atemp>
            <ns3:hr>147</ns3:hr>
            <ns3:cad>24</ns3:cad>
          </ns3:TrackPointExtension>
        </extensions>
      </trkpt>
      <trkpt lat="43.16067625768482685089111328125" lon="10.53741191513836383819580078125">
        <time>2026-08-01T07:48:00.000Z</time>
        <extensions>
          <ns3:TrackPointExtension>
            <ns3:atemp>28.0</ns3:atemp>
            <ns3:hr>148</ns3:hr>
            <ns3:cad>24</ns3:cad>
          </ns3:TrackPointExtension>
        </extensions>
      </trkpt>
      <trkpt lat="43.16066804341971874237060546875" lon="10.5374126695096492767333984375">
        <time>2026-08-01T07:48:01.000Z</time>
        <extensions>
          <ns3:TrackPointExtension>
            <ns3:atemp>28.0</ns3:atemp>
            <ns3:hr>148</ns3:hr>
            <ns3:cad>25</ns3:cad>
          </ns3:TrackPointExtension>
        </extensions>
      </trkpt>
      <trkpt lat="43.16065966151654720306396484375" lon="10.53741342388093471527099609375">
        <time>2026-08-01T07:48:02.000Z</time>
        <extensions>
          <ns3:TrackPointExtension>
            <ns3:atemp>28.0</ns3:atemp>
            <ns3:hr>147</ns3:hr>
            <ns3:cad>25</ns3:cad>
          </ns3:TrackPointExtension>
        </extensions>
      </trkpt>
      <trkpt lat="43.16065127961337566375732421875" lon="10.53741409443318843841552734375">
        <time>2026-08-01T07:48:03.000Z</time>
        <extensions>
          <ns3:TrackPointExtension>
            <ns3:atemp>28.0</ns3:atemp>
            <ns3:hr>147</ns3:hr>
            <ns3:cad>25</ns3:cad>
          </ns3:TrackPointExtension>
        </extensions>
      </trkpt>
      <trkpt lat="43.16064298152923583984375" lon="10.53741476498544216156005859375">
        <time>2026-08-01T07:48:04.000Z</time>
        <extensions>
          <ns3:TrackPointExtension>
            <ns3:atemp>28.0</ns3:atemp>
            <ns3:hr>147</ns3:hr>
            <ns3:cad>25</ns3:cad>
          </ns3:TrackPointExtension>
        </extensions>
      </trkpt>
      <trkpt lat="43.16063468344509601593017578125" lon="10.5374153517186641693115234375">
        <time>2026-08-01T07:48:05.000Z</time>
        <extensions>
          <ns3:TrackPointExtension>
            <ns3:atemp>28.0</ns3:atemp>
            <ns3:hr>147</ns3:hr>
            <ns3:cad>25</ns3:cad>
          </ns3:TrackPointExtension>
        </extensions>
      </trkpt>
      <trkpt lat="43.1606263853609561920166015625" lon="10.53741593845188617706298828125">
        <time>2026-08-01T07:48:06.000Z</time>
        <extensions>
          <ns3:TrackPointExtension>
            <ns3:atemp>28.0</ns3:atemp>
            <ns3:hr>147</ns3:hr>
            <ns3:cad>25</ns3:cad>
          </ns3:TrackPointExtension>
        </extensions>
      </trkpt>
      <trkpt lat="43.16061808727681636810302734375" lon="10.5374163575470447540283203125">
        <time>2026-08-01T07:48:07.000Z</time>
        <extensions>
          <ns3:TrackPointExtension>
            <ns3:atemp>28.0</ns3:atemp>
            <ns3:hr>147</ns3:hr>
            <ns3:cad>25</ns3:cad>
          </ns3:TrackPointExtension>
        </extensions>
      </trkpt>
      <trkpt lat="43.160609789192676544189453125" lon="10.5374166928231716156005859375">
        <time>2026-08-01T07:48:08.000Z</time>
        <extensions>
          <ns3:TrackPointExtension>
            <ns3:atemp>28.0</ns3:atemp>
            <ns3:hr>147</ns3:hr>
            <ns3:cad>25</ns3:cad>
          </ns3:TrackPointExtension>
        </extensions>
      </trkpt>
      <trkpt lat="43.16060165874660015106201171875" lon="10.53741694428026676177978515625">
        <time>2026-08-01T07:48:09.000Z</time>
        <extensions>
          <ns3:TrackPointExtension>
            <ns3:atemp>28.0</ns3:atemp>
            <ns3:hr>147</ns3:hr>
            <ns3:cad>25</ns3:cad>
          </ns3:TrackPointExtension>
        </extensions>
      </trkpt>
      <trkpt lat="43.16059361211955547332763671875" lon="10.53741711191833019256591796875">
        <time>2026-08-01T07:48:10.000Z</time>
        <extensions>
          <ns3:TrackPointExtension>
            <ns3:atemp>28.0</ns3:atemp>
            <ns3:hr>147</ns3:hr>
            <ns3:cad>25</ns3:cad>
          </ns3:TrackPointExtension>
        </extensions>
      </trkpt>
      <trkpt lat="43.16058573313057422637939453125" lon="10.5374170280992984771728515625">
        <time>2026-08-01T07:48:11.000Z</time>
        <extensions>
          <ns3:TrackPointExtension>
            <ns3:atemp>28.0</ns3:atemp>
            <ns3:hr>147</ns3:hr>
            <ns3:cad>25</ns3:cad>
          </ns3:TrackPointExtension>
        </extensions>
      </trkpt>
      <trkpt lat="43.16057793796062469482421875" lon="10.53741686046123504638671875">
        <time>2026-08-01T07:48:12.000Z</time>
        <extensions>
          <ns3:TrackPointExtension>
            <ns3:atemp>28.0</ns3:atemp>
            <ns3:hr>147</ns3:hr>
            <ns3:cad>25</ns3:cad>
          </ns3:TrackPointExtension>
        </extensions>
      </trkpt>
      <trkpt lat="43.1605700589716434478759765625" lon="10.537416525185108184814453125">
        <time>2026-08-01T07:48:13.000Z</time>
        <extensions>
          <ns3:TrackPointExtension>
            <ns3:atemp>28.0</ns3:atemp>
            <ns3:hr>147</ns3:hr>
            <ns3:cad>25</ns3:cad>
          </ns3:TrackPointExtension>
        </extensions>
      </trkpt>
      <trkpt lat="43.1605623476207256317138671875" lon="10.53741627372801303863525390625">
        <time>2026-08-01T07:48:14.000Z</time>
        <extensions>
          <ns3:TrackPointExtension>
            <ns3:atemp>28.0</ns3:atemp>
            <ns3:hr>147</ns3:hr>
            <ns3:cad>24</ns3:cad>
          </ns3:TrackPointExtension>
        </extensions>
      </trkpt>
      <trkpt lat="43.1605546362698078155517578125" lon="10.53741593845188617706298828125">
        <time>2026-08-01T07:48:15.000Z</time>
        <extensions>
          <ns3:TrackPointExtension>
            <ns3:atemp>28.0</ns3:atemp>
            <ns3:hr>148</ns3:hr>
            <ns3:cad>24</ns3:cad>
          </ns3:TrackPointExtension>
        </extensions>
      </trkpt>
      <trkpt lat="43.16054700873792171478271484375" lon="10.53741551935672760009765625">
        <time>2026-08-01T07:48:16.000Z</time>
        <extensions>
          <ns3:TrackPointExtension>
            <ns3:atemp>28.0</ns3:atemp>
            <ns3:hr>149</ns3:hr>
            <ns3:cad>24</ns3:cad>
          </ns3:TrackPointExtension>
        </extensions>
      </trkpt>
      <trkpt lat="43.16053946502506732940673828125" lon="10.53741510026156902313232421875">
        <time>2026-08-01T07:48:17.000Z</time>
        <extensions>
          <ns3:TrackPointExtension>
            <ns3:atemp>28.0</ns3:atemp>
            <ns3:hr>148</ns3:hr>
            <ns3:cad>24</ns3:cad>
          </ns3:TrackPointExtension>
        </extensions>
      </trkpt>
      <trkpt lat="43.16053192131221294403076171875" lon="10.53741459734737873077392578125">
        <time>2026-08-01T07:48:18.000Z</time>
        <extensions>
          <ns3:TrackPointExtension>
            <ns3:atemp>28.0</ns3:atemp>
            <ns3:hr>148</ns3:hr>
            <ns3:cad>25</ns3:cad>
          </ns3:TrackPointExtension>
        </extensions>
      </trkpt>
      <trkpt lat="43.16052454523742198944091796875" lon="10.5374140106141567230224609375">
        <time>2026-08-01T07:48:19.000Z</time>
        <extensions>
          <ns3:TrackPointExtension>
            <ns3:atemp>28.0</ns3:atemp>
            <ns3:hr>148</ns3:hr>
            <ns3:cad>25</ns3:cad>
          </ns3:TrackPointExtension>
        </extensions>
      </trkpt>
      <trkpt lat="43.16051733680069446563720703125" lon="10.5374135076999664306640625">
        <time>2026-08-01T07:48:20.000Z</time>
        <extensions>
          <ns3:TrackPointExtension>
            <ns3:atemp>28.0</ns3:atemp>
            <ns3:hr>148</ns3:hr>
            <ns3:cad>25</ns3:cad>
          </ns3:TrackPointExtension>
        </extensions>
      </trkpt>
      <trkpt lat="43.16051046364009380340576171875" lon="10.53741283714771270751953125">
        <time>2026-08-01T07:48:21.000Z</time>
        <extensions>
          <ns3:TrackPointExtension>
            <ns3:atemp>28.0</ns3:atemp>
            <ns3:hr>148</ns3:hr>
            <ns3:cad>25</ns3:cad>
          </ns3:TrackPointExtension>
        </extensions>
      </trkpt>
      <trkpt lat="43.1605036742985248565673828125" lon="10.537412166595458984375">
        <time>2026-08-01T07:48:22.000Z</time>
        <extensions>
          <ns3:TrackPointExtension>
            <ns3:atemp>28.0</ns3:atemp>
            <ns3:hr>148</ns3:hr>
            <ns3:cad>25</ns3:cad>
          </ns3:TrackPointExtension>
        </extensions>
      </trkpt>
      <trkpt lat="43.16049688495695590972900390625" lon="10.53741174750030040740966796875">
        <time>2026-08-01T07:48:23.000Z</time>
        <extensions>
          <ns3:TrackPointExtension>
            <ns3:atemp>28.0</ns3:atemp>
            <ns3:hr>148</ns3:hr>
            <ns3:cad>25</ns3:cad>
          </ns3:TrackPointExtension>
        </extensions>
      </trkpt>
      <trkpt lat="43.16049017943441867828369140625" lon="10.5374113284051418304443359375">
        <time>2026-08-01T07:48:24.000Z</time>
        <extensions>
          <ns3:TrackPointExtension>
            <ns3:atemp>28.0</ns3:atemp>
            <ns3:hr>148</ns3:hr>
            <ns3:cad>25</ns3:cad>
          </ns3:TrackPointExtension>
        </extensions>
      </trkpt>
      <trkpt lat="43.1604835577309131622314453125" lon="10.5374108254909515380859375">
        <time>2026-08-01T07:48:25.000Z</time>
        <extensions>
          <ns3:TrackPointExtension>
            <ns3:atemp>28.0</ns3:atemp>
            <ns3:hr>148</ns3:hr>
            <ns3:cad>25</ns3:cad>
          </ns3:TrackPointExtension>
        </extensions>
      </trkpt>
      <trkpt lat="43.16047735512256622314453125" lon="10.5374103225767612457275390625">
        <time>2026-08-01T07:48:26.000Z</time>
        <extensions>
          <ns3:TrackPointExtension>
            <ns3:atemp>28.0</ns3:atemp>
            <ns3:hr>148</ns3:hr>
            <ns3:cad>25</ns3:cad>
          </ns3:TrackPointExtension>
        </extensions>
      </trkpt>
      <trkpt lat="43.16047123633325099945068359375" lon="10.53740973584353923797607421875">
        <time>2026-08-01T07:48:27.000Z</time>
        <extensions>
          <ns3:TrackPointExtension>
            <ns3:atemp>28.0</ns3:atemp>
            <ns3:hr>148</ns3:hr>
            <ns3:cad>25</ns3:cad>
          </ns3:TrackPointExtension>
        </extensions>
      </trkpt>
      <trkpt lat="43.16046528518199920654296875" lon="10.53740923292934894561767578125">
        <time>2026-08-01T07:48:28.000Z</time>
        <extensions>
          <ns3:TrackPointExtension>
            <ns3:atemp>28.0</ns3:atemp>
            <ns3:hr>148</ns3:hr>
            <ns3:cad>24</ns3:cad>
          </ns3:TrackPointExtension>
        </extensions>
      </trkpt>
      <trkpt lat="43.1604592502117156982421875" lon="10.5374086461961269378662109375">
        <time>2026-08-01T07:48:29.000Z</time>
        <extensions>
          <ns3:TrackPointExtension>
            <ns3:atemp>28.0</ns3:atemp>
            <ns3:hr>148</ns3:hr>
            <ns3:cad>24</ns3:cad>
          </ns3:TrackPointExtension>
        </extensions>
      </trkpt>
      <trkpt lat="43.16045321524143218994140625" lon="10.53740805946290493011474609375">
        <time>2026-08-01T07:48:30.000Z</time>
        <extensions>
          <ns3:TrackPointExtension>
            <ns3:atemp>28.0</ns3:atemp>
            <ns3:hr>149</ns3:hr>
            <ns3:cad>24</ns3:cad>
          </ns3:TrackPointExtension>
        </extensions>
      </trkpt>
      <trkpt lat="43.1604476831853389739990234375" lon="10.53740738891065120697021484375">
        <time>2026-08-01T07:48:31.000Z</time>
        <extensions>
          <ns3:TrackPointExtension>
            <ns3:atemp>28.0</ns3:atemp>
            <ns3:hr>148</ns3:hr>
            <ns3:cad>24</ns3:cad>
          </ns3:TrackPointExtension>
        </extensions>
      </trkpt>
      <trkpt lat="43.1604419834911823272705078125" lon="10.5374066345393657684326171875">
        <time>2026-08-01T07:48:32.000Z</time>
        <extensions>
          <ns3:TrackPointExtension>
            <ns3:atemp>28.0</ns3:atemp>
            <ns3:hr>148</ns3:hr>
            <ns3:cad>24</ns3:cad>
          </ns3:TrackPointExtension>
        </extensions>
      </trkpt>
      <trkpt lat="43.16043653525412082672119140625" lon="10.53740588016808032989501953125">
        <time>2026-08-01T07:48:33.000Z</time>
        <extensions>
          <ns3:TrackPointExtension>
            <ns3:atemp>28.0</ns3:atemp>
            <ns3:hr>149</ns3:hr>
            <ns3:cad>24</ns3:cad>
          </ns3:TrackPointExtension>
        </extensions>
      </trkpt>
      <trkpt lat="43.16043117083609104156494140625" lon="10.537405125796794891357421875">
        <time>2026-08-01T07:48:34.000Z</time>
        <extensions>
          <ns3:TrackPointExtension>
            <ns3:atemp>28.0</ns3:atemp>
            <ns3:hr>148</ns3:hr>
            <ns3:cad>24</ns3:cad>
          </ns3:TrackPointExtension>
        </extensions>
      </trkpt>
      <trkpt lat="43.16042563877999782562255859375" lon="10.537404455244541168212890625">
        <time>2026-08-01T07:48:35.000Z</time>
        <extensions>
          <ns3:TrackPointExtension>
            <ns3:atemp>28.0</ns3:atemp>
            <ns3:hr>149</ns3:hr>
            <ns3:cad>25</ns3:cad>
          </ns3:TrackPointExtension>
        </extensions>
      </trkpt>
      <trkpt lat="43.16042010672390460968017578125" lon="10.537403784692287445068359375">
        <time>2026-08-01T07:48:36.000Z</time>
        <extensions>
          <ns3:TrackPointExtension>
            <ns3:atemp>28.0</ns3:atemp>
            <ns3:hr>148</ns3:hr>
            <ns3:cad>25</ns3:cad>
          </ns3:TrackPointExtension>
        </extensions>
      </trkpt>
      <trkpt lat="43.1604144908487796783447265625" lon="10.53740336559712886810302734375">
        <time>2026-08-01T07:48:37.000Z</time>
        <extensions>
          <ns3:TrackPointExtension>
            <ns3:atemp>28.0</ns3:atemp>
            <ns3:hr>149</ns3:hr>
            <ns3:cad>25</ns3:cad>
          </ns3:TrackPointExtension>
        </extensions>
      </trkpt>
      <trkpt lat="43.16040887497365474700927734375" lon="10.53740319795906543731689453125">
        <time>2026-08-01T07:48:38.000Z</time>
        <extensions>
          <ns3:TrackPointExtension>
            <ns3:atemp>28.0</ns3:atemp>
            <ns3:hr>149</ns3:hr>
            <ns3:cad>26</ns3:cad>
          </ns3:TrackPointExtension>
        </extensions>
      </trkpt>
      <trkpt lat="43.16040334291756153106689453125" lon="10.537403114140033721923828125">
        <time>2026-08-01T07:48:39.000Z</time>
        <extensions>
          <ns3:TrackPointExtension>
            <ns3:atemp>28.0</ns3:atemp>
            <ns3:hr>149</ns3:hr>
            <ns3:cad>26</ns3:cad>
          </ns3:TrackPointExtension>
        </extensions>
      </trkpt>
      <trkpt lat="43.1603975594043731689453125" lon="10.537403114140033721923828125">
        <time>2026-08-01T07:48:40.000Z</time>
        <extensions>
          <ns3:TrackPointExtension>
            <ns3:atemp>28.0</ns3:atemp>
            <ns3:hr>150</ns3:hr>
            <ns3:cad>26</ns3:cad>
          </ns3:TrackPointExtension>
        </extensions>
      </trkpt>
      <trkpt lat="43.16039177589118480682373046875" lon="10.53740319795906543731689453125">
        <time>2026-08-01T07:48:41.000Z</time>
        <extensions>
          <ns3:TrackPointExtension>
            <ns3:atemp>28.0</ns3:atemp>
            <ns3:hr>150</ns3:hr>
            <ns3:cad>26</ns3:cad>
          </ns3:TrackPointExtension>
        </extensions>
      </trkpt>
      <trkpt lat="43.1603859923779964447021484375" lon="10.53740336559712886810302734375">
        <time>2026-08-01T07:48:42.000Z</time>
        <extensions>
          <ns3:TrackPointExtension>
            <ns3:atemp>28.0</ns3:atemp>
            <ns3:hr>150</ns3:hr>
            <ns3:cad>26</ns3:cad>
          </ns3:TrackPointExtension>
        </extensions>
      </trkpt>
      <trkpt lat="43.160380460321903228759765625" lon="10.5374036170542240142822265625">
        <time>2026-08-01T07:48:43.000Z</time>
        <extensions>
          <ns3:TrackPointExtension>
            <ns3:atemp>28.0</ns3:atemp>
            <ns3:hr>149</ns3:hr>
            <ns3:cad>26</ns3:cad>
          </ns3:TrackPointExtension>
        </extensions>
      </trkpt>
      <trkpt lat="43.1603749282658100128173828125" lon="10.5374039523303508758544921875">
        <time>2026-08-01T07:48:44.000Z</time>
        <extensions>
          <ns3:TrackPointExtension>
            <ns3:atemp>28.0</ns3:atemp>
            <ns3:hr>149</ns3:hr>
            <ns3:cad>26</ns3:cad>
          </ns3:TrackPointExtension>
        </extensions>
      </trkpt>
      <trkpt lat="43.16036948002874851226806640625" lon="10.5374042876064777374267578125">
        <time>2026-08-01T07:48:45.000Z</time>
        <extensions>
          <ns3:TrackPointExtension>
            <ns3:atemp>28.0</ns3:atemp>
            <ns3:hr>149</ns3:hr>
            <ns3:cad>26</ns3:cad>
          </ns3:TrackPointExtension>
        </extensions>
      </trkpt>
      <trkpt lat="43.16036403179168701171875" lon="10.53740470670163631439208984375">
        <time>2026-08-01T07:48:46.000Z</time>
        <extensions>
          <ns3:TrackPointExtension>
            <ns3:atemp>28.0</ns3:atemp>
            <ns3:hr>149</ns3:hr>
            <ns3:cad>26</ns3:cad>
          </ns3:TrackPointExtension>
        </extensions>
      </trkpt>
      <trkpt lat="43.1603586673736572265625" lon="10.537405125796794891357421875">
        <time>2026-08-01T07:48:47.000Z</time>
        <extensions>
          <ns3:TrackPointExtension>
            <ns3:atemp>28.0</ns3:atemp>
            <ns3:hr>149</ns3:hr>
            <ns3:cad>26</ns3:cad>
          </ns3:TrackPointExtension>
        </extensions>
      </trkpt>
      <trkpt lat="43.16035338677465915679931640625" lon="10.537405796349048614501953125">
        <time>2026-08-01T07:48:48.000Z</time>
        <extensions>
          <ns3:TrackPointExtension>
            <ns3:atemp>28.0</ns3:atemp>
            <ns3:hr>149</ns3:hr>
            <ns3:cad>26</ns3:cad>
          </ns3:TrackPointExtension>
        </extensions>
      </trkpt>
      <trkpt lat="43.1603481061756610870361328125" lon="10.537406466901302337646484375">
        <time>2026-08-01T07:48:49.000Z</time>
        <extensions>
          <ns3:TrackPointExtension>
            <ns3:atemp>28.0</ns3:atemp>
            <ns3:hr>149</ns3:hr>
            <ns3:cad>26</ns3:cad>
          </ns3:TrackPointExtension>
        </extensions>
      </trkpt>
      <trkpt lat="43.16034316085278987884521484375" lon="10.5374073050916194915771484375">
        <time>2026-08-01T07:48:50.000Z</time>
        <extensions>
          <ns3:TrackPointExtension>
            <ns3:atemp>28.0</ns3:atemp>
            <ns3:hr>150</ns3:hr>
            <ns3:cad>26</ns3:cad>
          </ns3:TrackPointExtension>
        </extensions>
      </trkpt>
      <trkpt lat="43.160338215529918670654296875" lon="10.53740822710096836090087890625">
        <time>2026-08-01T07:48:51.000Z</time>
        <extensions>
          <ns3:TrackPointExtension>
            <ns3:atemp>28.0</ns3:atemp>
            <ns3:hr>149</ns3:hr>
            <ns3:cad>26</ns3:cad>
          </ns3:TrackPointExtension>
        </extensions>
      </trkpt>
      <trkpt lat="43.1603333540260791778564453125" lon="10.537409149110317230224609375">
        <time>2026-08-01T07:48:52.000Z</time>
        <extensions>
          <ns3:TrackPointExtension>
            <ns3:atemp>28.0</ns3:atemp>
            <ns3:hr>149</ns3:hr>
            <ns3:cad>26</ns3:cad>
          </ns3:TrackPointExtension>
        </extensions>
      </trkpt>
      <trkpt lat="43.16032857634127140045166015625" lon="10.53741015493869781494140625">
        <time>2026-08-01T07:48:53.000Z</time>
        <extensions>
          <ns3:TrackPointExtension>
            <ns3:atemp>28.0</ns3:atemp>
            <ns3:hr>149</ns3:hr>
            <ns3:cad>26</ns3:cad>
          </ns3:TrackPointExtension>
        </extensions>
      </trkpt>
      <trkpt lat="43.16032371483743190765380859375" lon="10.537411160767078399658203125">
        <time>2026-08-01T07:48:54.000Z</time>
        <extensions>
          <ns3:TrackPointExtension>
            <ns3:atemp>28.0</ns3:atemp>
            <ns3:hr>149</ns3:hr>
            <ns3:cad>26</ns3:cad>
          </ns3:TrackPointExtension>
        </extensions>
      </trkpt>
      <trkpt lat="43.16031902097165584564208984375" lon="10.5374123342335224151611328125">
        <time>2026-08-01T07:48:55.000Z</time>
        <extensions>
          <ns3:TrackPointExtension>
            <ns3:atemp>28.0</ns3:atemp>
            <ns3:hr>149</ns3:hr>
            <ns3:cad>26</ns3:cad>
          </ns3:TrackPointExtension>
        </extensions>
      </trkpt>
      <trkpt lat="43.16031432710587978363037109375" lon="10.53741342388093471527099609375">
        <time>2026-08-01T07:48:56.000Z</time>
        <extensions>
          <ns3:TrackPointExtension>
            <ns3:atemp>28.0</ns3:atemp>
            <ns3:hr>149</ns3:hr>
            <ns3:cad>26</ns3:cad>
          </ns3:TrackPointExtension>
        </extensions>
      </trkpt>
      <trkpt lat="43.1603098846971988677978515625" lon="10.53741459734737873077392578125">
        <time>2026-08-01T07:48:57.000Z</time>
        <extensions>
          <ns3:TrackPointExtension>
            <ns3:atemp>28.0</ns3:atemp>
            <ns3:hr>149</ns3:hr>
            <ns3:cad>26</ns3:cad>
          </ns3:TrackPointExtension>
        </extensions>
      </trkpt>
      <trkpt lat="43.16030544228851795196533203125" lon="10.537415854632854461669921875">
        <time>2026-08-01T07:48:58.000Z</time>
        <extensions>
          <ns3:TrackPointExtension>
            <ns3:atemp>28.0</ns3:atemp>
            <ns3:hr>149</ns3:hr>
            <ns3:cad>26</ns3:cad>
          </ns3:TrackPointExtension>
        </extensions>
      </trkpt>
      <trkpt lat="43.16030108369886875152587890625" lon="10.5374170280992984771728515625">
        <time>2026-08-01T07:48:59.000Z</time>
        <extensions>
          <ns3:TrackPointExtension>
            <ns3:atemp>28.0</ns3:atemp>
            <ns3:hr>149</ns3:hr>
            <ns3:cad>25</ns3:cad>
          </ns3:TrackPointExtension>
        </extensions>
      </trkpt>
      <trkpt lat="43.1602968089282512664794921875" lon="10.5374183692038059234619140625">
        <time>2026-08-01T07:49:00.000Z</time>
        <extensions>
          <ns3:TrackPointExtension>
            <ns3:atemp>28.0</ns3:atemp>
            <ns3:hr>148</ns3:hr>
            <ns3:cad>25</ns3:cad>
          </ns3:TrackPointExtension>
        </extensions>
      </trkpt>
      <trkpt lat="43.160292617976665496826171875" lon="10.53741962648928165435791015625">
        <time>2026-08-01T07:49:01.000Z</time>
        <extensions>
          <ns3:TrackPointExtension>
            <ns3:atemp>28.0</ns3:atemp>
            <ns3:hr>148</ns3:hr>
            <ns3:cad>26</ns3:cad>
          </ns3:TrackPointExtension>
        </extensions>
      </trkpt>
      <trkpt lat="43.160292617976665496826171875" lon="10.53741962648928165435791015625">
        <time>2026-08-01T07:49:02.000Z</time>
        <extensions>
          <ns3:TrackPointExtension>
            <ns3:atemp>28.0</ns3:atemp>
            <ns3:hr>148</ns3:hr>
            <ns3:cad>26</ns3:cad>
          </ns3:TrackPointExtension>
        </extensions>
      </trkpt>
      <trkpt lat="43.16028851084411144256591796875" lon="10.53742088377475738525390625">
        <time>2026-08-01T07:49:03.000Z</time>
        <extensions>
          <ns3:TrackPointExtension>
            <ns3:atemp>28.0</ns3:atemp>
            <ns3:hr>148</ns3:hr>
            <ns3:cad>25</ns3:cad>
          </ns3:TrackPointExtension>
        </extensions>
      </trkpt>
      <trkpt lat="43.160284571349620819091796875" lon="10.5374220572412014007568359375">
        <time>2026-08-01T07:49:04.000Z</time>
        <extensions>
          <ns3:TrackPointExtension>
            <ns3:atemp>28.0</ns3:atemp>
            <ns3:hr>149</ns3:hr>
            <ns3:cad>25</ns3:cad>
          </ns3:TrackPointExtension>
        </extensions>
      </trkpt>
      <trkpt lat="43.16028079949319362640380859375" lon="10.53742297925055027008056640625">
        <time>2026-08-01T07:49:05.000Z</time>
        <extensions>
          <ns3:TrackPointExtension>
            <ns3:atemp>28.0</ns3:atemp>
            <ns3:hr>147</ns3:hr>
            <ns3:cad>25</ns3:cad>
          </ns3:TrackPointExtension>
        </extensions>
      </trkpt>
      <trkpt lat="43.16027711145579814910888671875" lon="10.537423901259899139404296875">
        <time>2026-08-01T07:49:06.000Z</time>
        <extensions>
          <ns3:TrackPointExtension>
            <ns3:atemp>28.0</ns3:atemp>
            <ns3:hr>147</ns3:hr>
            <ns3:cad>24</ns3:cad>
          </ns3:TrackPointExtension>
        </extensions>
      </trkpt>
      <trkpt lat="43.16027359105646610260009765625" lon="10.53742482326924800872802734375">
        <time>2026-08-01T07:49:07.000Z</time>
        <extensions>
          <ns3:TrackPointExtension>
            <ns3:atemp>28.0</ns3:atemp>
            <ns3:hr>147</ns3:hr>
            <ns3:cad>24</ns3:cad>
          </ns3:TrackPointExtension>
        </extensions>
      </trkpt>
      <trkpt lat="43.160270154476165771484375" lon="10.5374257452785968780517578125">
        <time>2026-08-01T07:49:08.000Z</time>
        <extensions>
          <ns3:TrackPointExtension>
            <ns3:atemp>28.0</ns3:atemp>
            <ns3:hr>147</ns3:hr>
            <ns3:cad>24</ns3:cad>
          </ns3:TrackPointExtension>
        </extensions>
      </trkpt>
      <trkpt lat="43.160270154476165771484375" lon="10.5374257452785968780517578125">
        <time>2026-08-01T07:49:09.000Z</time>
        <extensions>
          <ns3:TrackPointExtension>
            <ns3:atemp>28.0</ns3:atemp>
            <ns3:hr>147</ns3:hr>
            <ns3:cad>24</ns3:cad>
          </ns3:TrackPointExtension>
        </extensions>
      </trkpt>
      <trkpt lat="43.16026671789586544036865234375" lon="10.537426583468914031982421875">
        <time>2026-08-01T07:49:10.000Z</time>
        <extensions>
          <ns3:TrackPointExtension>
            <ns3:atemp>28.0</ns3:atemp>
            <ns3:hr>146</ns3:hr>
            <ns3:cad>22</ns3:cad>
          </ns3:TrackPointExtension>
        </extensions>
      </trkpt>
      <trkpt lat="43.16026353277266025543212890625" lon="10.53742733784019947052001953125">
        <time>2026-08-01T07:49:11.000Z</time>
        <extensions>
          <ns3:TrackPointExtension>
            <ns3:atemp>28.0</ns3:atemp>
            <ns3:hr>147</ns3:hr>
            <ns3:cad>22</ns3:cad>
          </ns3:TrackPointExtension>
        </extensions>
      </trkpt>
      <trkpt lat="43.16026034764945507049560546875" lon="10.53742817603051662445068359375">
        <time>2026-08-01T07:49:12.000Z</time>
        <extensions>
          <ns3:TrackPointExtension>
            <ns3:atemp>28.0</ns3:atemp>
            <ns3:hr>148</ns3:hr>
            <ns3:cad>22</ns3:cad>
          </ns3:TrackPointExtension>
        </extensions>
      </trkpt>
      <trkpt lat="43.16025741398334503173828125" lon="10.53742893040180206298828125">
        <time>2026-08-01T07:49:13.000Z</time>
        <extensions>
          <ns3:TrackPointExtension>
            <ns3:atemp>28.0</ns3:atemp>
            <ns3:hr>147</ns3:hr>
            <ns3:cad>22</ns3:cad>
          </ns3:TrackPointExtension>
        </extensions>
      </trkpt>
      <trkpt lat="43.1602545641362667083740234375" lon="10.53742968477308750152587890625">
        <time>2026-08-01T07:49:14.000Z</time>
        <extensions>
          <ns3:TrackPointExtension>
            <ns3:atemp>28.0</ns3:atemp>
            <ns3:hr>147</ns3:hr>
            <ns3:cad>22</ns3:cad>
          </ns3:TrackPointExtension>
        </extensions>
      </trkpt>
      <trkpt lat="43.1602518819272518157958984375" lon="10.53743035532534122467041015625">
        <time>2026-08-01T07:49:15.000Z</time>
        <extensions>
          <ns3:TrackPointExtension>
            <ns3:atemp>28.0</ns3:atemp>
            <ns3:hr>147</ns3:hr>
            <ns3:cad>19</ns3:cad>
          </ns3:TrackPointExtension>
        </extensions>
      </trkpt>
      <trkpt lat="43.16024928353726863861083984375" lon="10.53743102587759494781494140625">
        <time>2026-08-01T07:49:16.000Z</time>
        <extensions>
          <ns3:TrackPointExtension>
            <ns3:atemp>28.0</ns3:atemp>
            <ns3:hr>148</ns3:hr>
            <ns3:cad>20</ns3:cad>
          </ns3:TrackPointExtension>
        </extensions>
      </trkpt>
      <trkpt lat="43.16024676896631717681884765625" lon="10.53743169642984867095947265625">
        <time>2026-08-01T07:49:17.000Z</time>
        <extensions>
          <ns3:TrackPointExtension>
            <ns3:atemp>28.0</ns3:atemp>
            <ns3:hr>147</ns3:hr>
            <ns3:cad>20</ns3:cad>
          </ns3:TrackPointExtension>
        </extensions>
      </trkpt>
      <trkpt lat="43.16024676896631717681884765625" lon="10.53743169642984867095947265625">
        <time>2026-08-01T07:49:18.000Z</time>
        <extensions>
          <ns3:TrackPointExtension>
            <ns3:atemp>28.0</ns3:atemp>
            <ns3:hr>147</ns3:hr>
            <ns3:cad>20</ns3:cad>
          </ns3:TrackPointExtension>
        </extensions>
      </trkpt>
      <trkpt lat="43.1602445058524608612060546875" lon="10.5374322831630706787109375">
        <time>2026-08-01T07:49:19.000Z</time>
        <extensions>
          <ns3:TrackPointExtension>
            <ns3:atemp>28.0</ns3:atemp>
            <ns3:hr>147</ns3:hr>
            <ns3:cad>20</ns3:cad>
          </ns3:TrackPointExtension>
        </extensions>
      </trkpt>
      <trkpt lat="43.1602445058524608612060546875" lon="10.5374322831630706787109375">
        <time>2026-08-01T07:49:20.000Z</time>
        <extensions>
          <ns3:TrackPointExtension>
            <ns3:atemp>28.0</ns3:atemp>
            <ns3:hr>147</ns3:hr>
            <ns3:cad>22</ns3:cad>
          </ns3:TrackPointExtension>
        </extensions>
      </trkpt>
      <trkpt lat="43.160242326557636260986328125" lon="10.53743286989629268646240234375">
        <time>2026-08-01T07:49:21.000Z</time>
        <extensions>
          <ns3:TrackPointExtension>
            <ns3:atemp>28.0</ns3:atemp>
            <ns3:hr>147</ns3:hr>
            <ns3:cad>22</ns3:cad>
          </ns3:TrackPointExtension>
        </extensions>
      </trkpt>
      <trkpt lat="43.160242326557636260986328125" lon="10.53743286989629268646240234375">
        <time>2026-08-01T07:49:22.000Z</time>
        <extensions>
          <ns3:TrackPointExtension>
            <ns3:atemp>28.0</ns3:atemp>
            <ns3:hr>147</ns3:hr>
            <ns3:cad>22</ns3:cad>
          </ns3:TrackPointExtension>
        </extensions>
      </trkpt>
      <trkpt lat="43.15988467074930667877197265625" lon="10.53851145319640636444091796875">
        <time>2026-08-01T07:53:52.000Z</time>
        <extensions>
          <ns3:TrackPointExtension>
            <ns3:atemp>27.0</ns3:atemp>
            <ns3:hr>139</ns3:hr>
            <ns3:cad>27</ns3:cad>
          </ns3:TrackPointExtension>
        </extensions>
      </trkpt>
      <trkpt lat="43.15988467074930667877197265625" lon="10.53851145319640636444091796875">
        <time>2026-08-01T07:53:53.000Z</time>
        <extensions>
          <ns3:TrackPointExtension>
            <ns3:atemp>27.0</ns3:atemp>
            <ns3:hr>139</ns3:hr>
            <ns3:cad>24</ns3:cad>
          </ns3:TrackPointExtension>
        </extensions>
      </trkpt>
    </trkseg>
  </trk>
</gpx>
